instance_id,node_id,x,y,cpu,memory,neighbors
0,0,0.639427,0.025011,0.1092,0.6324,4;9;20
0,1,0.275029,0.223211,0.6454,0.5222,11;21;22;23;25;29;33;34;39;42
0,2,0.736471,0.676699,0.3135,0.5846,7;10;14;15;18;19;27;31;32
0,3,0.892180,0.086939,0.1892,0.4609,9;20
0,4,0.421922,0.029797,0.4630,0.7723,0;11;25;33;42
0,5,0.218638,0.505355,0.8007,0.3580,8;17;21;29;45;47
0,6,0.026536,0.198838,0.5005,0.3072,13;22;23;44;47
0,7,0.649884,0.544941,0.8301,0.7223,2;10;14;18;19;24;27;31;37;46
0,8,0.220441,0.589266,0.3388,0.5834,5;17;28;29;45
0,9,0.809430,0.006499,0.5872,0.2917,0;3;20
0,10,0.805819,0.698139,0.7100,0.5236,2;7;14;15;18;19;27;30;32
0,11,0.340251,0.155479,0.7229,0.5182,1;4;21;25;33;34;39;42
0,12,0.957213,0.336595,0.1005,0.3945,36;38;43;46;48
0,13,0.092746,0.096716,0.1156,0.7575,6;22;23;33;44
0,14,0.847494,0.603726,0.8030,0.6990,2;7;10;15;18;19;27;30;32;38;43;46;48
0,15,0.807128,0.729732,0.3460,0.2348,2;10;14;18;19;27;30;32;49
0,16,0.536228,0.973116,0.8024,0.7682,41
0,17,0.378534,0.552041,0.1685,0.4916,5;8
0,18,0.829405,0.618520,0.1554,0.6564,2;7;10;14;15;19;27;30;32;38;43;46;48
0,19,0.861707,0.577352,0.7127,0.2770,2;7;10;14;15;18;27;30;32;38;43;46;48
0,20,0.704572,0.045824,0.4802,0.5299,0;3;9
0,21,0.227898,0.289388,0.3120,0.7235,1;5;11;22;23;25;29;34;39;42;47
0,22,0.079792,0.232791,0.4385,0.3271,1;6;13;21;23;29;39;44;47
0,23,0.101001,0.277974,0.5314,0.6380,1;6;13;21;22;29;34;39;47
0,24,0.635684,0.364832,0.2609,0.3870,7;37;40;46
0,25,0.370181,0.209507,0.8961,0.5899,1;4;11;21;34;39;40;42
0,26,0.266978,0.936655,0.4505,0.5105,35
0,27,0.648035,0.609131,0.1968,0.3348,2;7;10;14;15;18;19;31;37
0,28,0.171139,0.729127,0.3705,0.5530,8;35;45
0,29,0.163402,0.379455,0.2841,0.3321,1;5;8;21;22;23;34;39;47
0,30,0.989523,0.640000,0.1568,0.5787,10;14;15;18;19;32;38;43;48
0,31,0.556950,0.684614,0.2832,0.7433,2;7;27;41
0,32,0.842852,0.776000,0.7877,0.2425,2;10;14;15;18;19;30;49
0,33,0.229048,0.032100,0.2904,0.6014,1;4;11;13;39;44
0,34,0.315453,0.267741,0.2714,0.2794,1;11;21;23;25;29;39;42
0,35,0.210983,0.942910,0.8484,0.5426,26;28
0,36,0.876368,0.314678,0.4781,0.6708,12;38;46
0,37,0.655439,0.395632,0.7460,0.3142,7;24;27;40;46
0,38,0.914548,0.458852,0.1775,0.4586,12;14;18;19;30;36;43;46;48
0,39,0.264880,0.246628,0.4389,0.4802,1;11;21;22;23;25;29;33;34;42
0,40,0.561368,0.262742,0.6833,0.6040,24;25;37;42
0,41,0.584586,0.897823,0.8873,0.2591,16;31
0,42,0.399401,0.219321,0.4221,0.4036,1;4;11;21;25;34;39;40
0,43,0.997538,0.509526,0.7893,0.3492,12;14;18;19;30;38;48
0,44,0.090909,0.047116,0.2522,0.4692,6;13;22;33
0,45,0.109649,0.627446,0.4375,0.3671,5;8;28
0,46,0.792079,0.422160,0.2998,0.7540,7;12;14;18;19;24;36;37;38
0,47,0.063528,0.381619,0.4545,0.7168,5;6;21;22;23;29
0,48,0.996121,0.529114,0.5403,0.2304,12;14;18;19;30;38;43
0,49,0.971078,0.860780,0.8994,0.7016,15;32
1,0,0.968996,0.926367,0.8231,0.5274,7;27;30
1,1,0.848696,0.166311,0.7677,0.5495,18;35;40;43
1,2,0.485641,0.213747,0.2185,0.2765,3;6;24;31;41;44;46;48
1,3,0.401040,0.058635,0.3466,0.7394,2;17;31;44;48
1,4,0.378973,0.985309,0.7369,0.7164,13;21;29;42
1,5,0.265203,0.784071,0.8191,0.3260,14;22;25;29;39;49
1,6,0.455008,0.423007,0.2996,0.2617,2;20;23;44
1,7,0.957318,0.995423,0.7241,0.7305,0;27;30
1,8,0.555768,0.718408,0.4251,0.5724,11;13;16;19;20;21;42
1,9,0.154797,0.296708,0.2236,0.7579,15;17;23;26;28;37
1,10,0.968709,0.579180,0.7917,0.7857,32
1,11,0.542195,0.747976,0.7486,0.7288,8;13;16;19;20;21;42
1,12,0.057165,0.584178,0.1198,0.6419,22;26;38;39;45
1,13,0.502850,0.852720,0.3657,0.7585,4;8;11;16;21;25;33;36;42
1,14,0.157433,0.960779,0.7418,0.7184,5;29;49
1,15,0.080111,0.185825,0.7486,0.3601,9;17;28;37
1,16,0.595035,0.675213,0.7299,0.2649,8;11;13;19;20;47
1,17,0.235204,0.119887,0.7977,0.7152,3;9;15;28;31;37
1,18,0.890287,0.246215,0.2779,0.6900,1;35;40;43
1,19,0.594519,0.619382,0.4682,0.3831,8;11;16;20;47
1,20,0.419225,0.583672,0.7363,0.3366,6;8;11;16;19;25;39
1,21,0.522783,0.934706,0.1189,0.3159,4;8;11;13;33;36;42
1,22,0.204259,0.716192,0.3626,0.7186,5;12;25;38;39;45;49
1,23,0.238686,0.395786,0.8735,0.3675,6;9;26;38;39;44
1,24,0.671690,0.299997,0.6132,0.4398,2;35;40;41;46
1,25,0.316177,0.751864,0.8849,0.5217,5;13;20;22;29;39
1,26,0.072543,0.458286,0.8514,0.2692,9;12;23;38
1,27,0.998454,0.996096,0.8763,0.3071,0;7;30
1,28,0.073261,0.213154,0.8700,0.3593,9;15;17;37
1,29,0.265200,0.933259,0.1867,0.4607,4;5;14;25;49
1,30,0.880864,0.879270,0.6828,0.3882,0;7;27;32
1,31,0.369527,0.157747,0.5850,0.5069,2;3;17;44;48
1,32,0.833745,0.703540,0.4082,0.5460,10;30;47
1,33,0.611678,0.987233,0.3038,0.6253,13;21;36;42
1,34,0.653976,0.007823,0.1014,0.7553,40;43
1,35,0.817104,0.299379,0.5308,0.6317,1;18;24;40;41;43;46
1,36,0.663389,0.938930,0.6936,0.6024,13;21;33;42
1,37,0.134291,0.115429,0.3914,0.2420,9;15;17;28
1,38,0.107036,0.553224,0.6314,0.3981,12;22;23;26;39
1,39,0.272348,0.604830,0.3511,0.7088,5;12;20;22;23;25;38
1,40,0.717612,0.203597,0.6758,0.3802,1;18;24;34;35;41;43;46
1,41,0.634238,0.263984,0.3474,0.4450,2;24;35;40;44;46
1,42,0.488532,0.905336,0.4219,0.3774,4;8;11;13;21;33;36
1,43,0.846104,0.092298,0.2018,0.4523,1;18;34;35;40
1,44,0.423576,0.276680,0.8523,0.6064,2;3;6;23;31;41;46
1,45,0.003546,0.771119,0.8222,0.5693,12;22;49
1,46,0.637113,0.261955,0.3408,0.5288,2;24;35;40;41;44
1,47,0.741231,0.551680,0.1003,0.3721,16;19;32
1,48,0.427687,0.009670,0.4439,0.5480,2;3;31
1,49,0.075244,0.883106,0.6238,0.4790,5;14;22;29;45
2,0,0.442160,0.213701,0.5978,0.2162,12;17;26;29;31;32;36;40;46;48;49
2,1,0.473186,0.901181,0.4152,0.5386,19;20;21;37;41;43
2,2,0.796025,0.169691,0.1217,0.5856,6;9;13;29;34
2,3,0.084796,0.515452,0.2086,0.4770,8;11;15;27
2,4,0.632941,0.335188,0.1402,0.4275,6;12;23;26;29;32
2,5,0.818423,0.751138,0.2693,0.3961,14;22;24;25;39;42
2,6,0.672796,0.224641,0.7090,0.4275,2;4;12;13;26;29;32;34
2,7,0.199130,0.024425,0.7016,0.6992,40;45
2,8,0.244843,0.475136,0.3018,0.2491,3;15;27;31;33;35
2,9,0.849738,0.072828,0.1155,0.5237,2;13;34
2,10,0.414441,0.629765,0.8999,0.4100,19;27;33;35;38;41;43;44;47
2,11,0.194435,0.696354,0.6201,0.6687,3;18;27;33;41;47
2,12,0.494377,0.243984,0.6214,0.6525,0;4;6;17;26;29;32;36;48;49
2,13,0.656058,0.005545,0.8597,0.3196,2;6;9;17;32;34
2,14,0.750964,0.770046,0.1163,0.2914,5;22;25;38;39;42
2,15,0.106587,0.425146,0.2010,0.6017,3;8;30;31
2,16,0.175887,0.957966,0.5512,0.3308,18
2,17,0.517958,0.050218,0.6596,0.6601,0;12;13;26;32;34;36;40;46;48;49
2,18,0.249198,0.848336,0.2342,0.5643,11;16;19;27;33;37;41;43;47
2,19,0.456462,0.801417,0.6983,0.2687,1;10;18;21;37;38;41;43;44;47
2,20,0.667578,0.987892,0.7554,0.7788,1;21;42
2,21,0.595452,0.950040,0.1865,0.2154,1;19;20;37
2,22,0.891426,0.612652,0.3496,0.6064,5;14;23;24;25;28;39
2,23,0.719274,0.504778,0.8665,0.4380,4;22;24;28;44
2,24,0.830569,0.547872,0.6720,0.2456,5;22;23;25;28;39
2,25,0.897208,0.743655,0.6525,0.5763,5;14;22;24;39;42
2,26,0.474674,0.259192,0.1815,0.6635,0;4;6;12;17;29;31;32;36;48;49
2,27,0.247240,0.637661,0.7802,0.5602,3;8;10;11;18;33;35;41;43;47
2,28,0.765814,0.521300,0.1968,0.7903,22;23;24
2,29,0.626748,0.274597,0.7261,0.4083,0;2;4;6;12;26;32;49
2,30,0.077483,0.285728,0.4427,0.4223,15;31;45
2,31,0.271715,0.319710,0.5048,0.4047,0;8;15;26;30;36;45;48
2,32,0.540152,0.138374,0.7797,0.6934,0;4;6;12;13;17;26;29;34;36;40;46;48;49
2,33,0.231261,0.693950,0.1844,0.7765,8;10;11;18;27;41;43;47
2,34,0.706419,0.064229,0.6085,0.6972,2;6;9;13;17;32
2,35,0.407599,0.542611,0.6658,0.4613,8;10;27;41;43;44;47
2,36,0.415774,0.206834,0.6870,0.7793,0;12;17;26;31;32;40;45;46;48;49
2,37,0.420144,0.904838,0.3161,0.6849,1;18;19;21;41;43
2,38,0.584079,0.695523,0.5305,0.4901,10;14;19;43;44
2,39,0.856732,0.765595,0.4485,0.6386,5;14;22;24;25;42
2,40,0.380381,0.005896,0.3147,0.7110,0;7;17;32;36;46;48;49
2,41,0.351759,0.753475,0.7646,0.2520,1;10;11;18;19;27;33;35;37;43;47
2,42,0.853448,0.953430,0.8053,0.3463,5;14;20;25;39
2,43,0.419021,0.747516,0.4718,0.5662,1;10;18;19;27;33;35;37;38;41;44;47
2,44,0.546132,0.603253,0.4032,0.2172,10;19;23;35;38;43
2,45,0.220539,0.219422,0.7808,0.3091,7;30;31;36;48
2,46,0.435836,0.029025,0.2697,0.6787,0;17;32;36;40;48;49
2,47,0.336130,0.679142,0.3723,0.7282,10;11;18;19;27;33;35;41;43
2,48,0.404317,0.165045,0.6609,0.3658,0;12;17;26;31;32;36;40;45;46;49
2,49,0.467390,0.127628,0.1081,0.7688,0;12;17;26;29;32;36;40;46;48
3,0,0.647635,0.908411,0.3263,0.3791,5;20;32;49
3,1,0.826631,0.071410,0.5696,0.7993,16;31
3,2,0.165923,0.307612,0.4917,0.2892,8;9;19;29
3,3,0.748958,0.569207,0.5309,0.4071,5;6;11;17;23;30;40;41;45
3,4,0.288611,0.124354,0.5415,0.5261,7;9;18;19;39
3,5,0.688678,0.699734,0.4643,0.3931,0;3;11;17;20;23;30;41;49
3,6,0.942676,0.500472,0.2509,0.6185,3;11;23;27;40;45
3,7,0.493795,0.080442,0.5574,0.3401,4;18;35;37;39
3,8,0.039861,0.432029,0.7204,0.2262,2;29;36
3,9,0.322322,0.250368,0.6958,0.6231,2;4;19;24;29;39
3,10,0.091327,0.961911,0.7491,0.4316,14;22;34
3,11,0.835959,0.575199,0.6310,0.6924,3;5;6;23;27;30;40;41;45
3,12,0.950786,0.999572,0.8847,0.4972,38;46
3,13,0.672282,0.269511,0.1296,0.5014,28;31;35;37;44
3,14,0.040232,0.756269,0.5721,0.7218,10
3,15,0.470501,0.651509,0.7994,0.4642,17;21;26;33;49
3,16,0.916073,0.181489,0.5208,0.4742,1;31;43
3,17,0.585330,0.634785,0.6780,0.4460,3;5;15;26;30;33;41;49
3,18,0.491726,0.091242,0.6238,0.2926,4;7;35;37;39
3,19,0.347961,0.333308,0.4756,0.7815,2;4;9;24;26;28;29;44
3,20,0.670134,0.857733,0.3708,0.6156,0;5;32;46;49
3,21,0.329804,0.693674,0.6199,0.7111,15;26;33;42;47;49
3,22,0.288218,0.945194,0.7819,0.7156,10;25;34;42;47;48
3,23,0.813566,0.550097,0.4040,0.3900,3;5;6;11;27;30;40;41;45
3,24,0.454826,0.314517,0.6750,0.6556,9;19;26;28;35;39;44
3,25,0.323274,0.970185,0.7979,0.2215,22;34;42;47;48
3,26,0.404175,0.514596,0.1547,0.5787,15;17;19;21;24;28;33;44
3,27,0.988119,0.657660,0.8367,0.7985,6;11;23;45
3,28,0.542594,0.413248,0.6974,0.4604,13;19;24;26;35;41;44
3,29,0.187583,0.361779,0.1788,0.5802,2;8;9;19;36
3,30,0.756443,0.625409,0.7981,0.4662,3;5;11;17;23;40;41;45
3,31,0.759991,0.203558,0.6552,0.7421,1;13;16;35
3,32,0.549220,0.927673,0.1368,0.6777,0;20;48;49
3,33,0.438116,0.698250,0.3347,0.4249,15;17;21;26;42;47;49
3,34,0.121426,0.973147,0.2165,0.5187,10;22;25;42
3,35,0.608872,0.239297,0.5527,0.6755,7;13;18;24;28;31;37;39;44
3,36,0.158378,0.550839,0.2360,0.2474,8;29
3,37,0.552251,0.093209,0.7967,0.5718,7;13;18;35;39
3,38,0.992257,0.912930,0.2927,0.7477,12;46
3,39,0.461448,0.117466,0.2145,0.4767,4;7;9;18;24;35;37
3,40,0.832143,0.498376,0.3032,0.3532,3;6;11;23;30;41;45
3,41,0.716603,0.508872,0.1075,0.6828,3;5;11;17;23;28;30;40;44;45
3,42,0.273425,0.834724,0.8210,0.6066,21;22;25;33;34;47;48
3,43,0.980245,0.243731,0.2264,0.4650,16
3,44,0.551265,0.383586,0.3765,0.5525,13;19;24;26;28;35;41
3,45,0.921868,0.508241,0.6112,0.4546,3;6;11;23;27;30;40;41
3,46,0.879326,0.864027,0.3001,0.7072,12;20;38
3,47,0.276247,0.790006,0.2594,0.4308,21;22;25;33;42;48
3,48,0.414942,0.934248,0.4866,0.3423,22;25;32;42;47;49
3,49,0.507738,0.820549,0.5575,0.5449,0;5;15;17;20;21;32;33;48
4,0,0.099355,0.685680,0.3637,0.2733,8;9;13;17;23;31;47
4,1,0.544466,0.977843,0.3829,0.5992,34;37
4,2,0.358674,0.398140,0.7002,0.7209,18;26;28;35;40;41
4,3,0.189809,0.122160,0.6768,0.7810,10;14;15;18;19;32;44
4,4,0.848033,0.454717,0.5803,0.4110,7;11;20;21;22;29;48
4,5,0.662769,0.641704,0.5623,0.3276,20;21;22;29;33;37;38;48;49
4,6,0.597146,0.021357,0.6254,0.3345,16;36;42
4,7,0.786795,0.243569,0.1866,0.7072,4;11;30;39;46
4,8,0.125924,0.564578,0.3940,0.6576,0;9;23;31;47
4,9,0.068610,0.765157,0.5593,0.6843,0;8;12;13;17;31;47
4,10,0.207157,0.215951,0.7761,0.7847,3;14;15;18;19;32;44
4,11,0.869695,0.328560,0.7547,0.5681,4;7;21;22;39
4,12,0.147554,0.900531,0.6142,0.2158,9;13;17;34;47
4,13,0.002836,0.858406,0.8433,0.6977,0;9;12;17;47
4,14,0.144688,0.129992,0.3140,0.3082,3;10;15;18;19;32
4,15,0.250654,0.174497,0.6622,0.3854,3;10;14;18;19;32;40;42;44
4,16,0.661058,0.025780,0.3719,0.2037,6;36;39;46
4,17,0.014860,0.789985,0.7959,0.5398,0;9;12;13;31;47
4,18,0.237932,0.323771,0.4206,0.2851,2;3;10;14;15;32;41;44
4,19,0.174246,0.052399,0.6065,0.2184,3;10;14;15
4,20,0.741718,0.526086,0.6969,0.3291,4;5;21;22;29;33;48;49
4,21,0.745665,0.476246,0.4359,0.4045,4;5;11;20;22;29;33;35;48;49
4,22,0.778017,0.513238,0.3960,0.6330,4;5;11;20;21;29;33;48;49
4,23,0.109054,0.503839,0.7215,0.5406,0;8;31
4,24,0.945416,0.043365,0.1680,0.2316,27;30;45;46
4,25,0.783227,0.866981,0.2259,0.5707,37;38
4,26,0.521451,0.458043,0.6392,0.3633,2;28;29;33;35;41;49
4,27,0.964026,0.060825,0.6296,0.4914,24;30;45;46
4,28,0.478982,0.401617,0.4536,0.3639,2;26;33;35;40;41;49
4,29,0.686097,0.490269,0.7040,0.2683,4;5;20;21;22;26;33;35;48;49
4,30,0.909701,0.073491,0.4439,0.3699,7;24;27;45;46
4,31,0.080790,0.608297,0.6428,0.4920,0;8;9;17;23;47
4,32,0.065682,0.275016,0.6337,0.2273,3;10;14;15;18
4,33,0.633077,0.548356,0.4162,0.5596,5;20;21;22;26;28;29;35;48;49
4,34,0.325185,0.994628,0.1061,0.3809,1;12
4,35,0.530557,0.453715,0.2690,0.2823,2;21;26;28;29;33;41;49
4,36,0.605427,0.099178,0.3044,0.3969,6;16;39;40;42
4,37,0.701779,0.852793,0.1062,0.6482,1;5;25;38
4,38,0.650917,0.768963,0.2406,0.4281,5;25;37;49
4,39,0.720840,0.215023,0.6629,0.5002,7;11;16;36;46
4,40,0.451555,0.228494,0.7667,0.6837,2;15;28;36;42;44
4,41,0.338932,0.453499,0.1577,0.7171,2;18;26;28;35
4,42,0.415990,0.095086,0.1338,0.2112,6;15;36;40;44
4,43,0.426764,0.665108,0.8369,0.7173,49
4,44,0.374301,0.152639,0.5606,0.5440,3;10;15;18;40;42
4,45,0.922985,0.067133,0.6676,0.4506,24;27;30;46
4,46,0.831772,0.093230,0.1921,0.2125,7;16;24;27;30;39;45
4,47,0.096564,0.738796,0.3598,0.6808,0;8;9;12;13;17;31
4,48,0.811769,0.556371,0.5945,0.6992,4;5;20;21;22;29;33
4,49,0.586465,0.561586,0.8358,0.2529,5;20;21;22;26;28;29;33;35;38;43
5,0,0.813185,0.670116,0.3409,0.2286,1;2;10;14;21;26;29;40;41;43;47;48
5,1,0.828959,0.738775,0.4359,0.6763,0;10;14;26;29;40;41;43;47
5,2,0.685414,0.526393,0.4657,0.2665,0;3;19;21;22;29;47;48
5,3,0.646025,0.423406,0.8241,0.5580,2;16;17;19;20;21;22;32;48
5,4,0.361828,0.362598,0.1131,0.5092,13;16;18;20;24;25;35
5,5,0.180263,0.214193,0.2936,0.2861,7;11;13;42;46;49
5,6,0.947668,0.486271,0.4434,0.5689,19;21;22;29;47
5,7,0.226543,0.137565,0.2925,0.4499,5;13;36;39;42;46;49
5,8,0.077165,0.844428,0.6315,0.2514,9;30;38;44
5,9,0.101141,0.770875,0.8797,0.2406,8;28;30;44
5,10,0.835120,0.883682,0.5208,0.5044,0;1;14;23;26;40;41;43
5,11,0.037747,0.336764,0.8907,0.5325,5;35;37;42;46;49
5,12,0.766308,0.131049,0.4124,0.4821,15;17;27;31;32;33
5,13,0.376720,0.162247,0.6085,0.7886,4;5;7;18;20;24;36;39;45
5,14,0.831345,0.771098,0.3029,0.2097,0;1;10;26;40;41;43
5,15,0.809044,0.165539,0.7308,0.4069,12;17;22;27;31;32;33
5,16,0.437673,0.410859,0.6864,0.5770,3;4;18;20;24;25;35
5,17,0.676363,0.237530,0.7172,0.6411,3;12;15;20;22;24;27;31;32
5,18,0.444199,0.284928,0.3660,0.2266,4;13;16;20;24
5,19,0.748537,0.448928,0.5368,0.6881,2;3;6;21;22;29;31;32;47;48
5,20,0.534011,0.309468,0.2401,0.6675,3;4;13;16;17;18;24
5,21,0.808624,0.469016,0.4717,0.6172,0;2;3;6;19;22;29;31;32;47;48
5,22,0.835113,0.367841,0.6054,0.6869,2;3;6;15;17;19;21;29;31;32;47;48
5,23,0.947130,0.984440,0.1505,0.6657,10;26;40
5,24,0.461680,0.281772,0.4661,0.3761,4;13;16;17;18;20
5,25,0.381872,0.527460,0.1350,0.3197,4;16;28;35
5,26,0.966268,0.816891,0.1335,0.7600,0;1;10;14;23;40;43
5,27,0.801259,0.138399,0.5123,0.7935,12;15;17;31;32;33
5,28,0.250003,0.641179,0.5344,0.3520,9;25;35;44
5,29,0.874117,0.554541,0.7026,0.3147,0;1;2;6;19;21;22;43;47;48
5,30,0.102590,0.845892,0.3856,0.6685,8;9;38;44
5,31,0.851166,0.285063,0.7926,0.3992,12;15;17;19;21;22;27;32;33
5,32,0.763117,0.272791,0.1996,0.4208,3;12;15;17;19;21;22;27;31;33
5,33,0.905306,0.147349,0.8116,0.6460,12;15;27;31;32
5,34,0.437473,0.946413,0.8157,0.4320,38
5,35,0.222038,0.451128,0.8790,0.4977,4;11;16;25;28;37;42;49
5,36,0.349585,0.026670,0.4980,0.7546,7;13;39;45
5,37,0.053257,0.502007,0.5154,0.6807,11;35
5,38,0.235778,0.994525,0.6817,0.2474,8;30;34
5,39,0.374913,0.028188,0.5820,0.6934,7;13;36;45
5,40,0.930826,0.839176,0.5364,0.3927,0;1;10;14;23;26;43
5,41,0.649961,0.791381,0.1641,0.5966,0;1;10;14;43
5,42,0.137600,0.286879,0.3452,0.5616,5;7;11;35;46;49
5,43,0.829762,0.696072,0.4409,0.6139,0;1;10;14;26;29;40;41;47;48
5,44,0.138793,0.705536,0.3812,0.2254,8;9;28;30
5,45,0.448601,0.005251,0.7960,0.4115,13;36;39
5,46,0.079226,0.255924,0.8985,0.3647,5;7;11;42;49
5,47,0.834963,0.548804,0.8840,0.7687,0;1;2;6;19;21;22;29;43;48
5,48,0.727235,0.527772,0.1600,0.5825,0;2;3;19;21;22;29;43;47
5,49,0.111187,0.288102,0.3906,0.6807,5;7;11;35;42;46
6,0,0.606261,0.515506,0.5248,0.5828,5;13;15;26;30;39;43;48
6,1,0.327966,0.613068,0.1420,0.4480,4;6;7;20;21;25;32;35;49
6,2,0.162502,0.990616,0.6739,0.2603,27;33
6,3,0.739319,0.299234,0.7166,0.2031,14;16;26;31;39;43;47
6,4,0.336373,0.828289,0.5403,0.7575,1;6;7;11;21;25;27;33;35;49
6,5,0.532340,0.708740,0.4255,0.7610,0;7;13;15;21;25;30;48
6,6,0.299791,0.815749,0.8027,0.4865,1;4;7;20;21;25;27;33;35;49
6,7,0.368358,0.673806,0.2596,0.7783,1;4;5;6;13;20;21;25;32;35;49
6,8,0.979898,0.583702,0.3569,0.5875,37
6,9,0.796755,0.725324,0.8263,0.2537,12;13;15;22;29;30;37;40;41
6,10,0.688044,0.026647,0.5593,0.5211,14;16;17;23;31;47
6,11,0.474590,0.967071,0.6785,0.7620,4;21;46
6,12,0.782904,0.776162,0.8306,0.3050,9;13;15;22;29;30;37;40;41
6,13,0.577634,0.721400,0.8058,0.3055,0;5;7;9;12;15;21;29;30;46;48
6,14,0.583523,0.170512,0.8357,0.7983,3;10;17;23;26;31;43;44;45;47
6,15,0.629025,0.619736,0.4176,0.4972,0;5;9;12;13;29;30;48
6,16,0.841167,0.147776,0.8493,0.7773,3;10;17;18;23;47
6,17,0.680727,0.031571,0.8408,0.7260,10;14;16;23;31;47
6,18,0.948205,0.109896,0.1074,0.5408,16;23
6,19,0.018937,0.313692,0.1858,0.7898,24
6,20,0.151431,0.690500,0.3276,0.7935,1;6;7;25;32;35;49
6,21,0.410377,0.774972,0.5346,0.4963,1;4;5;6;7;11;13;25;35;46;49
6,22,0.920521,0.872818,0.8508,0.7106,9;12;29;37;40;41
6,23,0.735837,0.062281,0.4744,0.3157,10;14;16;17;18;31;47
6,24,0.138082,0.207342,0.1901,0.2975,19;34;38;42
6,25,0.325050,0.662227,0.4671,0.3544,1;4;5;6;7;20;21;32;35;49
6,26,0.525477,0.313753,0.2490,0.6420,0;3;14;28;31;36;39;43;44;45
6,27,0.173182,0.912124,0.7326,0.5407,2;4;6;33;35
6,28,0.342327,0.354287,0.7058,0.3053,26;34;36;42;44;45
6,29,0.771990,0.720925,0.7849,0.7382,9;12;13;15;22;30;37;41;48
6,30,0.643309,0.693313,0.7616,0.5092,0;5;9;12;13;15;29;48
6,31,0.610077,0.192264,0.1694,0.6016,3;10;14;17;23;26;39;43;44;45;47
6,32,0.246519,0.558087,0.2478,0.2844,1;7;20;25;35;49
6,33,0.224867,0.972911,0.3589,0.3488,2;4;6;27
6,34,0.297615,0.289004,0.3086,0.3413,24;28;36;38;42;44;45
6,35,0.207278,0.704988,0.7030,0.7724,1;4;6;7;20;21;25;27;32;49
6,36,0.317041,0.348803,0.3416,0.6337,26;28;34;42;44;45
6,37,0.933700,0.795405,0.1091,0.5922,8;9;12;22;29;40;41
6,38,0.273458,0.121874,0.6542,0.2373,24;34;42;44
6,39,0.676622,0.379694,0.1946,0.3841,0;3;26;31;43;48
6,40,0.980161,0.818377,0.4243,0.5015,9;12;22;37;41
6,41,0.954609,0.804616,0.8161,0.6221,9;12;22;29;37;40
6,42,0.290453,0.287630,0.3488,0.2704,24;28;34;36;38;44;45
6,43,0.714141,0.346364,0.8329,0.3770,0;3;14;26;31;39;47
6,44,0.442376,0.256444,0.5917,0.3315,14;26;28;31;34;36;38;42;45
6,45,0.479079,0.202068,0.2069,0.2919,14;26;28;31;34;36;42;44
6,46,0.538578,0.933024,0.6982,0.5634,11;13;21
6,47,0.696171,0.137273,0.4327,0.5295,3;10;14;16;17;23;31;43
6,48,0.615677,0.586830,0.4767,0.5225,0;5;13;15;29;30;39
6,49,0.242458,0.669834,0.6313,0.3310,1;4;6;7;20;21;25;32;35
7,0,0.247465,0.754740,0.2146,0.5961,2;8;14;20;25;35;42;44;46
7,1,0.873135,0.081870,0.2768,0.3803,18;19;36
7,2,0.446748,0.703766,0.1488,0.7691,0;5;14;20;25;29;33;41;46;48
7,3,0.078103,0.564169,0.8038,0.7469,4;8;9;12;28;42;45
7,4,0.061758,0.547649,0.6008,0.4563,3;8;9;12;16;28;42;45
7,5,0.505487,0.572702,0.4965,0.7834,2;11;20;22;25;26;29;32;41;48
7,6,0.149852,0.328118,0.8533,0.6028,9;12;16;28;31;34;39;45;49
7,7,0.520342,0.116240,0.7286,0.3912,36;43
7,8,0.205401,0.583148,0.4331,0.2895,0;3;4;9;12;25;28;45
7,9,0.090942,0.510375,0.4012,0.6526,3;4;6;8;12;16;28;45
7,10,0.808692,0.453432,0.4788,0.7096,15;22;23;26;27;32;37;47
7,11,0.513248,0.456798,0.3406,0.6245,5;22;26;27;32
7,12,0.057737,0.462378,0.7446,0.7488,3;4;6;8;9;16;28;31;45
7,13,0.806915,0.723280,0.5499,0.7807,15;24;38;41;48
7,14,0.395949,0.816453,0.5458,0.2805,0;2;20;25;29;33;35;44;46
7,15,0.745804,0.578311,0.2943,0.3220,10;13;22;26;32;37;41;48
7,16,0.045290,0.344529,0.6174,0.7533,4;6;9;12;31;34;39;45
7,17,0.063760,0.994124,0.7777,0.2555,35;44
7,18,0.934583,0.069019,0.6797,0.3143,1;19;36
7,19,0.933776,0.031735,0.3148,0.6042,1;18
7,20,0.408867,0.768972,0.5823,0.7242,0;2;5;14;25;29;33;35;41;44;46;48
7,21,0.765828,0.978333,0.2505,0.6570,24;38
7,22,0.645881,0.420362,0.6794,0.5353,5;10;11;15;26;27;32;37;47
7,23,0.992857,0.382480,0.4835,0.7217,10;37
7,24,0.869620,0.906767,0.3664,0.7742,13;21;38
7,25,0.375646,0.682730,0.1123,0.7623,0;2;5;8;14;20;29;33;46
7,26,0.661793,0.539300,0.8697,0.2704,5;10;11;15;22;27;32;37;41;48
7,27,0.653534,0.347770,0.8997,0.4874,10;11;22;26;32;37;47
7,28,0.178474,0.537258,0.2941,0.5626,3;4;6;8;9;12;34;45
7,29,0.528843,0.727858,0.2636,0.7491,2;5;14;20;25;33;41;48
7,30,0.222690,0.003473,0.5417,0.6653,40
7,31,0.022735,0.298363,0.4045,0.5202,6;12;16;39;45
7,32,0.673500,0.544445,0.3874,0.3569,5;10;11;15;22;26;27;37;41;48
7,33,0.531934,0.823360,0.5103,0.4984,2;14;20;25;29;41;48
7,34,0.247512,0.346160,0.1789,0.7888,6;16;28;43;49
7,35,0.275650,0.937410,0.4756,0.7038,0;14;17;20;44;46
7,36,0.725024,0.112845,0.8315,0.4224,1;7;18;47
7,37,0.809478,0.419241,0.4311,0.5375,10;15;22;23;26;27;32;47
7,38,0.766053,0.883757,0.2770,0.2876,13;21;24
7,39,0.015646,0.206082,0.3086,0.7609,6;16;31;40
7,40,0.100897,0.033576,0.5633,0.4505,30;39
7,41,0.597785,0.703286,0.2219,0.3979,2;5;13;15;20;26;29;32;33;48
7,42,0.048676,0.740541,0.4039,0.7000,0;3;4;44
7,43,0.402265,0.234339,0.4994,0.5928,7;34;49
7,44,0.217269,0.863730,0.6479,0.3544,0;14;17;20;35;42;46
7,45,0.056444,0.503896,0.7573,0.7799,3;4;6;8;9;12;16;28;31
7,46,0.289263,0.815786,0.6134,0.4944,0;2;14;20;25;35;44
7,47,0.731517,0.318904,0.2346,0.6770,10;22;27;36;37
7,48,0.597918,0.672532,0.2354,0.6322,2;5;13;15;20;26;29;32;33;41
7,49,0.320665,0.301764,0.4907,0.7501,6;34;43
8,0,0.633336,0.242021,0.7510,0.6236,10;11;20;25;29;31;38;39;40;48
8,1,0.658663,0.715236,0.3380,0.5687,6;8;17;19;30;41;46;47;49
8,2,0.789077,0.073965,0.1678,0.2804,11;29;31;38;40;43
8,3,0.990701,0.479235,0.1943,0.3832,12;14;49
8,4,0.400805,0.506613,0.2464,0.6161,8;16;17;18;20;26;27;35;44;46
8,5,0.920392,0.691709,0.5087,0.4509,12;19;30;41;49
8,6,0.543645,0.790721,0.2103,0.4302,1;7;8;13;17;22;27;34;41;46;47
8,7,0.359529,0.895502,0.2486,0.5813,6;13;22;27;34;45
8,8,0.536906,0.638180,0.6547,0.5872,1;4;6;13;16;17;26;27;46;47
8,9,0.084982,0.768954,0.8999,0.5329,23;36;45
8,10,0.657602,0.355009,0.4917,0.2842,0;18;20;26;31;38;39;40;48
8,11,0.647000,0.044297,0.3517,0.4706,0;2;29;31;37;38;40
8,12,0.983608,0.677472,0.1429,0.4154,3;5;30;49
8,13,0.399618,0.752683,0.1077,0.2819,6;7;8;22;27;45;46
8,14,0.965717,0.430456,0.7522,0.7783,3;32
8,15,0.010548,0.258738,0.5044,0.4970,21;24;33;42
8,16,0.510676,0.518798,0.6478,0.4494,4;8;17;18;20;26;27;39;44;46;47;48
8,17,0.580518,0.575235,0.7719,0.4932,1;4;6;8;16;19;26;27;39;46;47
8,18,0.445779,0.391134,0.1661,0.2185,4;10;16;20;25;26;28;35;39;44;48
8,19,0.772342,0.588590,0.7088,0.3753,1;5;17;30;47;49
8,20,0.500466,0.344967,0.3199,0.5226,0;4;10;16;18;25;26;28;38;39;44;48
8,21,0.024563,0.104549,0.2346,0.4744,15;33;42
8,22,0.415975,0.961728,0.6940,0.6596,6;7;13;34;45
8,23,0.116069,0.940676,0.5398,0.2679,9;45
8,24,0.141675,0.311890,0.1914,0.6651,15;28;33;35
8,25,0.455333,0.206867,0.7586,0.4201,0;18;20;28;37;38;48
8,26,0.482926,0.476163,0.7581,0.2250,4;8;10;16;17;18;20;39;44;46;47;48
8,27,0.438166,0.696763,0.6752,0.5278,4;6;7;8;13;16;17;46;47
8,28,0.318909,0.300264,0.8918,0.2614,18;20;24;25;33;35;44
8,29,0.810186,0.115085,0.7641,0.6508,0;2;11;31;32;38;40;43
8,30,0.849180,0.647970,0.3382,0.7996,1;5;12;19;41;49
8,31,0.677139,0.164354,0.4598,0.4091,0;2;10;11;29;38;40;43;48
8,32,0.983900,0.243913,0.7534,0.4634,14;29;43
8,33,0.174453,0.160136,0.8952,0.6654,15;21;24;28;42
8,34,0.559849,0.958463,0.2896,0.6864,6;7;22
8,35,0.231856,0.405047,0.5703,0.4104,4;18;24;28;44
8,36,0.184452,0.640479,0.6686,0.5797,9
8,37,0.432134,0.029192,0.2328,0.2835,11;25
8,38,0.614107,0.197324,0.2653,0.3242,0;2;10;11;20;25;29;31;39;40;48
8,39,0.592203,0.388836,0.1475,0.4105,0;10;16;17;18;20;26;38;40;48
8,40,0.704736,0.205784,0.3249,0.5233,0;2;10;11;29;31;38;39;43;48
8,41,0.752325,0.808730,0.3589,0.6224,1;5;6;30;49
8,42,0.062564,0.101752,0.3315,0.3604,15;21;33
8,43,0.871979,0.186960,0.7864,0.7913,2;29;31;32;40
8,44,0.325985,0.457550,0.6434,0.2571,4;16;18;20;26;28;35
8,45,0.262353,0.862637,0.8702,0.6714,7;9;13;22;23
8,46,0.527715,0.639109,0.8350,0.7955,1;4;6;8;13;16;17;26;27;47
8,47,0.596971,0.611308,0.7936,0.2761,1;6;8;16;17;19;26;27;46
8,48,0.587005,0.347925,0.7929,0.3498,0;10;16;18;20;25;26;31;38;39;40
8,49,0.845518,0.617363,0.6691,0.6971,1;3;5;12;19;30;41
9,0,0.384032,0.963249,0.1823,0.5443,42
9,1,0.314504,0.139830,0.6782,0.3370,2;49
9,2,0.276968,0.084249,0.5071,0.2264,1;49
9,3,0.553397,0.600008,0.7903,0.3467,4;7;12;16;22;23;28;31;34;37;39;48
9,4,0.607593,0.778970,0.4774,0.4298,3;5;23;29;31;37;39
9,5,0.690476,0.847892,0.2201,0.7587,4;17;29;31;37;39
9,6,0.658405,0.301649,0.7860,0.5317,8;22;25;28;36;40;44;47
9,7,0.517749,0.509523,0.8312,0.6444,3;12;22;23;26;28;34;47;48
9,8,0.747844,0.295542,0.4355,0.3931,6;21;25;36;40;44
9,9,0.054569,0.897913,0.4330,0.6322,27;38;41;42;45
9,10,0.954672,0.494888,0.3170,0.2467,15;21
9,11,0.112744,0.499583,0.3982,0.5012,24;26;33;45
9,12,0.593930,0.528287,0.8216,0.3076,3;7;21;22;28;34;37;47;48
9,13,0.977697,0.986883,0.7435,0.7888,17
9,14,0.933924,0.131983,0.8633,0.2414,18;32;36;40;43;44
9,15,0.860814,0.568380,0.4721,0.3694,10;21;37
9,16,0.365412,0.682942,0.7759,0.3964,3;23;26;27;34;35;39;48
9,17,0.762726,0.954453,0.5425,0.2048,5;13;29
9,18,0.770367,0.016689,0.2605,0.5383,14;30;32;36;40;43;46
9,19,0.067533,0.262185,0.3431,0.5736,20;33
9,20,0.039827,0.060469,0.4711,0.5550,19
9,21,0.789290,0.506611,0.4947,0.6636,8;10;12;15;22;37
9,22,0.628571,0.501049,0.2563,0.7403,3;6;7;12;21;28;34;37;48
9,23,0.415432,0.701811,0.7084,0.3471,3;4;7;16;26;34;35;39;48
9,24,0.082428,0.536565,0.1051,0.4460,11;33;45
9,25,0.616047,0.277468,0.2864,0.4079,6;8;28;36;40;44;46;47
9,26,0.309907,0.511305,0.7717,0.7263,7;11;16;23;34;47;48
9,27,0.203197,0.808060,0.8608,0.2009,9;16;35;38;41;42;45
9,28,0.536390,0.390732,0.6258,0.7094,3;6;7;12;22;25;47;48;49
9,29,0.634294,0.834526,0.6818,0.2624,4;5;17;31;37;39
9,30,0.681056,0.066115,0.5239,0.3429,18;32;36;40;43;46
9,31,0.698676,0.729958,0.4936,0.2359,3;4;5;29;37;39
9,32,0.846468,0.057906,0.8976,0.6270,14;18;30;36;40;43;44
9,33,0.086213,0.434484,0.1744,0.7528,11;19;24
9,34,0.453372,0.608832,0.8178,0.5119,3;7;12;16;22;23;26;35;39;48
9,35,0.309290,0.741694,0.6607,0.4235,16;23;27;34;39;41;42
9,36,0.740658,0.119443,0.8796,0.2509,6;8;14;18;25;30;32;40;43;44;46
9,37,0.707901,0.701500,0.1765,0.2801,3;4;5;12;15;21;22;29;31;39
9,38,0.163833,0.953016,0.7560,0.2449,9;27;41;42
9,39,0.523005,0.782987,0.5543,0.4610,3;4;5;16;23;29;31;34;35;37;48
9,40,0.720766,0.166963,0.8714,0.3421,6;8;14;18;25;30;32;36;43;44;46
9,41,0.126931,0.781124,0.3088,0.3890,9;27;35;38;42;45
9,42,0.268764,0.886415,0.7407,0.6204,0;9;27;35;38;41
9,43,0.771430,0.029356,0.6883,0.3908,14;18;30;32;36;40;46
9,44,0.807108,0.271981,0.3176,0.2448,6;8;14;25;32;36;40
9,45,0.063872,0.712323,0.2622,0.6680,9;11;24;27;41
9,46,0.576652,0.077070,0.5678,0.2932,18;25;30;36;40;43
9,47,0.455198,0.360124,0.2315,0.4796,6;7;12;25;26;28;48;49
9,48,0.499610,0.566886,0.4252,0.5216,3;7;12;16;22;23;26;28;34;39;47
9,49,0.367688,0.255116,0.8717,0.3246,1;2;28;47
10,0,0.308308,0.265008,0.7379,0.4129,1;5;9;26;27;30;32;40
10,1,0.119914,0.157615,0.7714,0.7071,0;5;12;18;26;27;32;40
10,2,0.686055,0.826387,0.2409,0.5555,13;35;38;44;47
10,3,0.696878,0.040330,0.7450,0.6186,10;28;29;31;42
10,4,0.835925,0.327794,0.8312,0.2169,7;10;19;21;24;46
10,5,0.091213,0.248219,0.6604,0.7685,0;1;18;22;26;27;32;40
10,6,0.355743,0.513460,0.5509,0.5379,9;15;23;30;34;37;39
10,7,0.677183,0.260167,0.2506,0.7928,4;10;21;24;29;39;46
10,8,0.990677,0.031082,0.8053,0.4953,28;42;45
10,9,0.404392,0.452201,0.3472,0.4943,0;6;15;30;34;37;39
10,10,0.748078,0.249853,0.1722,0.3396,3;4;7;21;24;29;42;46
10,11,0.462043,0.803897,0.2750,0.5159,15;17;34;38
10,12,0.139793,0.011957,0.1005,0.7507,1;18;26;32
10,13,0.830372,0.982567,0.2612,0.2783,2;35;44;47
10,14,0.130715,0.823673,0.6736,0.7513,17;20;25;33;41;48;49
10,15,0.372240,0.630298,0.7754,0.3942,6;9;11;17;23;34;37
10,16,0.644685,0.582324,0.1175,0.5520,34
10,17,0.258821,0.812747,0.8338,0.6646,11;14;15;20;33;41;49
10,18,0.021800,0.064472,0.7772,0.7164,1;5;12;26
10,19,0.902496,0.443431,0.8684,0.4242,4;21;24;43
10,20,0.128792,0.905078,0.8535,0.4374,14;17;33;41;48;49
10,21,0.829356,0.331550,0.1808,0.3811,4;7;10;19;24;46
10,22,0.042696,0.460995,0.2092,0.2945,5;23;40
10,23,0.167989,0.573884,0.8590,0.6751,6;15;22;25;30;37
10,24,0.821685,0.394999,0.8685,0.5895,4;7;10;19;21;43;46
10,25,0.029482,0.683213,0.2394,0.7812,14;23
10,26,0.172807,0.214716,0.6548,0.7573,0;1;5;12;18;27;32;40
10,27,0.187151,0.279855,0.7296,0.3339,0;1;5;26;30;32;40
10,28,0.883424,0.034649,0.5712,0.3052,3;8;42;45
10,29,0.619177,0.245785,0.3455,0.6131,3;7;10;31;39;46
10,30,0.295105,0.411992,0.2019,0.6373,0;6;9;23;27;37;39;40
10,31,0.550689,0.060979,0.8590,0.7692,3;29
10,32,0.279776,0.137236,0.4133,0.7966,0;1;5;12;26;27;40
10,33,0.199458,0.884653,0.8721,0.2194,14;17;20;41;48;49
10,34,0.525814,0.630754,0.5819,0.7526,6;9;11;15;16;37
10,35,0.802168,0.794846,0.8740,0.3325,2;13;36;44;47
10,36,0.989404,0.781916,0.5524,0.7620,35;47
10,37,0.359112,0.544518,0.2125,0.6472,6;9;15;23;30;34;39
10,38,0.484679,0.912677,0.2904,0.7894,2;11
10,39,0.502393,0.388381,0.2343,0.7312,6;7;9;29;30;37;46
10,40,0.179816,0.318878,0.1710,0.6254,0;1;5;22;26;27;30;32
10,41,0.219020,0.895765,0.6113,0.7320,14;17;20;33;48;49
10,42,0.778538,0.058591,0.4573,0.3591,3;8;10;28;45
10,43,0.991531,0.529432,0.2996,0.2407,19;24
10,44,0.766842,0.999606,0.3053,0.2648,2;13;35;47
10,45,0.973980,0.100134,0.1010,0.4316,8;28;42
10,46,0.656864,0.266527,0.6861,0.7815,4;7;10;21;24;29;39
10,47,0.816285,0.917259,0.8076,0.4958,2;13;35;36;44
10,48,0.055909,0.996392,0.4030,0.5276,14;20;33;41
10,49,0.219412,0.846505,0.1811,0.4877,14;17;20;33;41
11,0,0.257886,0.910804,0.6179,0.6066,4;39;43;45
11,1,0.914174,0.067012,0.3153,0.4457,20;24
11,2,0.388099,0.397355,0.1160,0.6682,3;6;11;12;13;18;22;37;42;44;47
11,3,0.326127,0.276201,0.7141,0.2053,2;7;12;13;15;18;28;32;37;47
11,4,0.458157,0.873466,0.8292,0.5884,0;8;39
11,5,0.786551,0.623058,0.5809,0.2051,16;29;31;36;38;46
11,6,0.522562,0.419594,0.3019,0.6831,2;12;13;40;44
11,7,0.414442,0.148200,0.3444,0.7802,3;10;15;18;33
11,8,0.587934,0.758377,0.6142,0.4543,4;16;27;30;40;46
11,9,0.939650,0.924928,0.4012,0.4092,19;29;30;34;36;49
11,10,0.562684,0.100990,0.3016,0.4800,7;14;23;33
11,11,0.286093,0.535633,0.6418,0.6946,2;12;13;22;27;37;42;47;48
11,12,0.343869,0.410890,0.4177,0.2614,2;3;6;11;13;18;22;32;37;42;47
11,13,0.383043,0.485585,0.5092,0.5974,2;3;6;11;12;22;27;37;40;42;47
11,14,0.608962,0.037466,0.7746,0.4245,10;23;33
11,15,0.275414,0.143853,0.6179,0.5654,3;7;18;28;32;41
11,16,0.608655,0.693661,0.3388,0.2649,5;8;27;40;46
11,17,0.038783,0.889574,0.1511,0.7930,43;45
11,18,0.331494,0.237579,0.6125,0.7169,2;3;7;12;15;28;32;33;47
11,19,0.745750,0.920835,0.3089,0.6267,9;29;30;34;36
11,20,0.897031,0.020233,0.8139,0.3793,1;23;24
11,21,0.817386,0.303055,0.2199,0.6593,24;25;26;31
11,22,0.280347,0.491619,0.8197,0.6833,2;11;12;13;27;32;37;42;47;48
11,23,0.696183,0.098217,0.7419,0.5600,10;14;20;24;26;33
11,24,0.868900,0.134386,0.6284,0.6085,1;20;21;23;26
11,25,0.974219,0.443111,0.6770,0.5932,21;31
11,26,0.825823,0.269420,0.8980,0.3557,21;23;24
11,27,0.416773,0.645555,0.4349,0.4330,8;11;13;16;22;40;42
11,28,0.187936,0.211391,0.1283,0.6248,3;15;18;32;35;41;47
11,29,0.823969,0.740945,0.5576,0.3139,5;9;19;30;34;36;38;46;49
11,30,0.759493,0.867189,0.6812,0.3334,8;9;19;29;34;36;46;49
11,31,0.821017,0.515270,0.5277,0.6709,5;21;25;38;46
11,32,0.158972,0.311123,0.8252,0.6031,3;12;15;18;22;28;35;37;47
11,33,0.506795,0.135650,0.5059,0.7073,7;10;14;18;23
11,34,0.851295,0.879333,0.7725,0.7259,9;19;29;30;36;38;46;49
11,35,0.028948,0.192763,0.2449,0.2586,28;32;41
11,36,0.832930,0.836977,0.2024,0.3552,5;9;19;29;30;34;38;46;49
11,37,0.249490,0.456449,0.7467,0.6578,2;3;11;12;13;22;32;42;47;48
11,38,0.918031,0.704634,0.2465,0.6078,5;29;31;34;36;46;49
11,39,0.273977,0.823506,0.3685,0.2536,0;4;43;45
11,40,0.505126,0.635410,0.3842,0.6465,6;8;13;16;27;42
11,41,0.123873,0.030563,0.3457,0.6729,15;28;35
11,42,0.372467,0.594044,0.3651,0.3563,2;11;12;13;22;27;37;40;48
11,43,0.177584,0.870481,0.3352,0.7107,0;17;39;45
11,44,0.586880,0.349760,0.4764,0.7198,2;6
11,45,0.163514,0.894492,0.5669,0.7666,0;17;39;43
11,46,0.748961,0.688851,0.1570,0.7337,5;8;16;29;30;31;34;36;38
11,47,0.285069,0.386566,0.5004,0.7205,2;3;11;12;13;18;22;28;32;37
11,48,0.162907,0.572258,0.4053,0.3790,11;22;37;42
11,49,0.964918,0.857111,0.1432,0.7125,9;29;30;34;36;38
12,0,0.295351,0.039406,0.8761,0.2302,8;10;11;30;34
12,1,0.496355,0.207694,0.2782,0.5860,5;10;16;34;39;46;49
12,2,0.933124,0.330604,0.4226,0.3410,9;21;26;32;33
12,3,0.002738,0.671633,0.4673,0.6808,6;14;15;19;41
12,4,0.906880,0.835232,0.4585,0.7140,23;28;47
12,5,0.669022,0.149144,0.4577,0.2712,1;7;10;16;24;25;39;46;48;49
12,6,0.090083,0.511705,0.4979,0.5920,3;20;29;41
12,7,0.723564,0.101290,0.1821,0.4474,5;16;24;25;33;46;48
12,8,0.255892,0.231160,0.5457,0.2001,0;11;20;29;35;42
12,9,0.988666,0.296022,0.1727,0.5625,2;21;26;32;33
12,10,0.464277,0.099809,0.5953,0.3828,0;1;5;16;30;34;46;49
12,11,0.174702,0.039445,0.5067,0.3241,0;8;30
12,12,0.290567,0.801596,0.6372,0.7702,13;14;19;22
12,13,0.312707,0.738540,0.3907,0.2326,12;14;22;27;40
12,14,0.094998,0.758204,0.2783,0.4727,3;12;13;15;19;41
12,15,0.045889,0.851999,0.5481,0.5719,3;14;19;41
12,16,0.663355,0.170512,0.4785,0.5943,1;5;7;10;24;25;39;43;46;49
12,17,0.357527,0.437715,0.6727,0.2684,20;27;29;35;42
12,18,0.621807,0.878476,0.7075,0.3330,31;36;38;40
12,19,0.092951,0.814964,0.3731,0.6979,3;12;14;15;41
12,20,0.182869,0.400778,0.8715,0.3752,6;8;17;29;35;42
12,21,0.962310,0.271833,0.5176,0.6213,2;9;26;32;33;45;48
12,22,0.385715,0.850672,0.1366,0.2985,12;13;38;40
12,23,0.799899,0.648846,0.2124,0.6301,4;28;36;37;44;47
12,24,0.796910,0.113057,0.6772,0.2642,5;7;16;25;26;32;33;45;46;48
12,25,0.696170,0.058646,0.5887,0.3125,5;7;16;24;46;48
12,26,0.942467,0.159395,0.8442,0.4357,2;9;21;24;32;33;45;48
12,27,0.416028,0.590750,0.4656,0.6689,13;17;40
12,28,0.802265,0.678393,0.6734,0.2647,4;23;31;36;37;44;47
12,29,0.181261,0.379751,0.4316,0.7560,6;8;17;20;35;42
12,30,0.358599,0.028816,0.7700,0.5533,0;10;11;34
12,31,0.684464,0.838536,0.7177,0.4703,18;28;36;38;40;47
12,32,0.973445,0.130655,0.6268,0.7737,2;9;21;24;26;33;45;48
12,33,0.920398,0.112937,0.2077,0.4993,2;7;9;21;24;26;32;45;48
12,34,0.411284,0.045972,0.5243,0.2291,0;1;10;30;49
12,35,0.261613,0.314238,0.8482,0.7033,8;17;20;29;42
12,36,0.704568,0.677929,0.4863,0.5050,18;23;28;31;37;40;44
12,37,0.767529,0.576649,0.8369,0.3063,23;28;36;43;44
12,38,0.565012,0.977896,0.5628,0.6383,18;22;31
12,39,0.669844,0.338301,0.2027,0.4324,1;5;16;43;46;49
12,40,0.523103,0.700580,0.5804,0.7296,13;18;22;27;31;36
12,41,0.095242,0.661713,0.5033,0.4308,3;6;14;15;19
12,42,0.248577,0.345749,0.8836,0.7495,8;17;20;29;35
12,43,0.676296,0.384877,0.7099,0.3642,16;37;39
12,44,0.839033,0.558344,0.8709,0.7823,23;28;36;37
12,45,0.987792,0.054566,0.4623,0.2800,21;24;26;32;33;48
12,46,0.643399,0.156927,0.4302,0.6200,1;5;7;10;16;24;25;39;49
12,47,0.848846,0.851871,0.6987,0.3793,4;23;28;31
12,48,0.869416,0.074865,0.6612,0.7164,5;7;21;24;25;26;32;33;45
12,49,0.491648,0.240892,0.6695,0.7613,1;5;10;16;34;39;46
13,0,0.537036,0.091946,0.1986,0.2030,12;15;19;22;26;30
13,1,0.221198,0.213354,0.5773,0.5223,2;28;31;39;43
13,2,0.331884,0.360798,0.8576,0.3828,1;27;31;43
13,3,0.218445,0.752656,0.6986,0.7421,10;14;18;20;33;38;41
13,4,0.530499,0.996631,0.3751,0.4476,7;17;25;46;48
13,5,0.823688,0.981133,0.6167,0.5075,13;21;25;46
13,6,0.008804,0.668938,0.2288,0.3325,20;33;38
13,7,0.445667,0.904496,0.7678,0.3166,4;10;14;17;25;48
13,8,0.613701,0.621132,0.2451,0.6798,23;29;32;34;35;36;42;44;47;49
13,9,0.958897,0.682551,0.7818,0.7108,13;24;29;44;47
13,10,0.320937,0.915932,0.8459,0.7966,3;7;14;17;18;48
13,11,0.944988,0.385876,0.4690,0.5298,16;40;44
13,12,0.540237,0.282829,0.3325,0.2404,0;22;27;30;32
13,13,0.911336,0.822109,0.1786,0.6354,5;9;21;24;47
13,14,0.374958,0.802817,0.4898,0.3985,3;7;10;17;23;41;48
13,15,0.445557,0.043852,0.2026,0.5933,0;19;22;39
13,16,0.898282,0.192512,0.1800,0.5717,11;26;45
13,17,0.513895,0.948212,0.8201,0.3907,4;7;10;14;25;35;46;48
13,18,0.167395,0.956276,0.4605,0.5698,3;10;37;38;48
13,19,0.537975,0.007331,0.3445,0.5505,0;15;22
13,20,0.065472,0.670335,0.5524,0.4187,3;6;33;38
13,21,0.773582,0.864951,0.3531,0.4570,5;13;25;35;46;47
13,22,0.424209,0.103927,0.1039,0.3477,0;12;15;19;30;39
13,23,0.537754,0.702743,0.2772,0.6439,8;14;34;35;36;41;42;49
13,24,0.976224,0.775207,0.4489,0.7041,9;13;47
13,25,0.646561,0.939751,0.2074,0.6398,4;5;7;17;21;35;46
13,26,0.746891,0.153755,0.8023,0.4777,0;16;30;45
13,27,0.459225,0.331715,0.3870,0.3833,2;12;30;31;32;42
13,28,0.087521,0.054268,0.5413,0.3055,1;39
13,29,0.794215,0.558084,0.5853,0.7051,8;9;32;40;44;47
13,30,0.574962,0.227646,0.7870,0.2840,0;12;22;26;27;32
13,31,0.258648,0.388033,0.5309,0.3579,1;2;27;43
13,32,0.630217,0.433025,0.8091,0.2459,8;12;27;29;30;40;42;44;49
13,33,0.016891,0.673299,0.1603,0.2112,3;6;20;38
13,34,0.534834,0.641423,0.5057,0.2187,8;23;35;36;41;42;49
13,35,0.618349,0.755961,0.5655,0.4431,8;17;21;23;25;34;36;46;47;49
13,36,0.585608,0.700882,0.5720,0.7438,8;23;34;35;41;42;47;49
13,37,0.072589,0.928048,0.5413,0.5261,18;38
13,38,0.106136,0.786892,0.8990,0.4833,3;6;18;20;33;37
13,39,0.301351,0.086505,0.7202,0.4195,1;15;22;28
13,40,0.765274,0.437676,0.2786,0.6633,11;29;32;44
13,41,0.395113,0.660723,0.6866,0.3746,3;14;23;34;36;42;49
13,42,0.473988,0.533468,0.4718,0.5062,8;23;27;32;34;36;41;49
13,43,0.136381,0.390993,0.4174,0.5013,1;2;31
13,44,0.797485,0.545724,0.6301,0.7088,8;9;11;29;32;40;47
13,45,0.960134,0.144076,0.7452,0.5684,16;26
13,46,0.677289,0.914169,0.2327,0.5085,4;5;17;21;25;35;47
13,47,0.795017,0.729325,0.4570,0.3075,8;9;13;21;24;29;35;36;44;46
13,48,0.373131,0.949465,0.8590,0.5956,4;7;10;14;17;18
13,49,0.553524,0.555070,0.8742,0.6416,8;23;32;34;35;36;41;42
14,0,0.239257,0.000287,0.5020,0.4362,5;12;27
14,1,0.157445,0.996817,0.6491,0.3049,6;13;29;38
14,2,0.779673,0.353128,0.8812,0.6189,7;8;19;31;33;35;46
14,3,0.395143,0.586080,0.4681,0.6135,4;16;20;42;47;49
14,4,0.517743,0.736926,0.1095,0.3265,3;16;20;28;39;40;42;49
14,5,0.068617,0.090166,0.5648,0.3953,0;12;21;27;36
14,6,0.284494,0.829765,0.5902,0.3558,1;13;34;38
14,7,0.915009,0.348095,0.5389,0.3423,2;8;19;25;31;33;35;46
14,8,0.963288,0.276508,0.4771,0.5679,2;7;19;31;35;46
14,9,0.606363,0.194525,0.3927,0.4993,30;37;41
14,10,0.929714,0.574907,0.2684,0.6204,17;19;23;25;32;33
14,11,0.261108,0.407135,0.3978,0.7126,24;36;47
14,12,0.106465,0.072386,0.3237,0.3079,0;5;21;27;36
14,13,0.294252,0.947015,0.2049,0.5455,1;6;29;38;43;45
14,14,0.802942,0.956709,0.2829,0.2599,15;18;28;44
14,15,0.876113,0.813147,0.3160,0.3415,14;18;23;28;32;44
14,16,0.574894,0.694192,0.4458,0.4285,3;4;18;20;28;39;40;42;49
14,17,0.966055,0.563169,0.2167,0.7755,10;19;23;25;32;33
14,18,0.769967,0.757473,0.2196,0.6834,14;15;16;28;32;39;40;44
14,19,0.961239,0.458848,0.2413,0.4998,2;7;8;10;17;25;31;33;46
14,20,0.460720,0.586827,0.8964,0.7096,3;4;16;42;49
14,21,0.027351,0.116268,0.5136,0.6323,5;12
14,22,0.067554,0.633662,0.7283,0.3800,26;34;47;48
14,23,0.994198,0.676913,0.5497,0.5407,10;15;17;25;32;33;44
14,24,0.229930,0.315731,0.4187,0.6143,11;36
14,25,0.955446,0.516504,0.1480,0.6883,7;10;17;19;23;32;33
14,26,0.009723,0.832177,0.4812,0.5779,22;29;34;38;48
14,27,0.248258,0.093009,0.4599,0.4008,0;5;12;36
14,28,0.673698,0.821075,0.3888,0.5362,4;14;15;16;18;39;40
14,29,0.076029,0.931396,0.8455,0.3546,1;13;26;38;48
14,30,0.476555,0.353538,0.1159,0.2727,9;49
14,31,0.894316,0.269076,0.7939,0.7779,2;7;8;19;35;46
14,32,0.947118,0.683107,0.2592,0.5455,10;15;17;18;23;25;33;44
14,33,0.909927,0.498999,0.6193,0.3047,2;7;10;17;19;23;25;32;46
14,34,0.199667,0.735429,0.7242,0.4131,6;22;26;38;47;48
14,35,0.872742,0.206779,0.6386,0.4925,2;7;8;31;46
14,36,0.202767,0.249695,0.6892,0.7338,5;11;12;24;27
14,37,0.618597,0.155996,0.4049,0.3719,9;41
14,38,0.106689,0.920188,0.6054,0.2869,1;6;13;26;29;34;48
14,39,0.675812,0.663424,0.2341,0.6846,4;16;18;28;40;42
14,40,0.613827,0.764244,0.3699,0.5788,4;16;18;28;39;42
14,41,0.541474,0.042263,0.5573,0.7093,9;37
14,42,0.482292,0.620667,0.1571,0.2972,3;4;16;20;39;40;49
14,43,0.492340,0.985361,0.2826,0.3901,13;45
14,44,0.897000,0.868769,0.3331,0.3605,14;15;18;23;32
14,45,0.490805,0.984395,0.6157,0.3627,13;43
14,46,0.916007,0.280267,0.4559,0.7177,2;7;8;19;31;33;35
14,47,0.222093,0.576665,0.3905,0.5522,3;11;22;34
14,48,0.054148,0.799270,0.8724,0.4484,22;26;29;34;38
14,49,0.478320,0.540768,0.2471,0.2139,3;4;16;20;30;42
15,0,0.150684,0.493580,0.2484,0.2112,19;22;32
15,1,0.341913,0.311577,0.7855,0.6656,7;16;23;24;37;40;42;47
15,2,0.799462,0.997963,0.2910,0.6326,8;30;36
15,3,0.463684,0.791425,0.6266,0.5234,4;13;14;15;27;30;41;43;44
15,4,0.330249,0.843546,0.4100,0.5144,3;13;15;19;20;39;41;43;44
15,5,0.951644,0.056038,0.4980,0.5309,6;9;12;21;25
15,6,0.775653,0.071385,0.5904,0.3936,5;9;10;12;17;21;25
15,7,0.470147,0.192192,0.6127,0.2663,1;16;17;23;24;28;37;47;48
15,8,0.841539,0.817251,0.5186,0.2400,2;33;35;36
15,9,0.828252,0.121962,0.7682,0.2779,5;6;10;12;17;21;25
15,10,0.768146,0.248962,0.7988,0.3212,6;9;11;12;21;38;49
15,11,0.771225,0.442961,0.4883,0.2593,10;18;38;45;49
15,12,0.737619,0.033510,0.5568,0.7018,5;6;9;10;17;25
15,13,0.460835,0.770996,0.6263,0.5155,3;4;14;15;27;41;43;44
15,14,0.521139,0.982116,0.6611,0.3536,3;13;30
15,15,0.472826,0.681442,0.3931,0.5636,3;4;13;27;41;43
15,16,0.312109,0.323063,0.1567,0.7581,1;7;23;24;34;37;40;42;47
15,17,0.629164,0.042186,0.2670,0.4948,6;7;9;12;25
15,18,0.937421,0.520926,0.8118,0.2480,11;31;45
15,19,0.253313,0.638520,0.7408,0.2364,0;4;22;32;41;43;44
15,20,0.198724,0.887520,0.5464,0.7629,4;26;39;41;43;44
15,21,0.863658,0.217788,0.4328,0.4214,5;6;9;10
15,22,0.112928,0.632909,0.6667,0.6942,0;19;26;32;41
15,23,0.324513,0.167360,0.3127,0.2244,1;7;16;24;28;29;34;37;42;47;48
15,24,0.276100,0.119650,0.1563,0.3823,1;7;16;23;28;29;34;37;42;46;47;48
15,25,0.789144,0.008930,0.8557,0.7764,5;6;9;12;17
15,26,0.041993,0.783475,0.1777,0.6351,20;22;32;39
15,27,0.475271,0.596212,0.5253,0.3137,3;13;15;40;41;43
15,28,0.371399,0.089480,0.5210,0.3493,7;23;24;29;37;42;47;48
15,29,0.157698,0.091402,0.6003,0.3073,23;24;28;34;42;46
15,30,0.618645,0.930849,0.6994,0.4491,2;3;14;33;36
15,31,0.996973,0.625132,0.1844,0.5832,18;35;45
15,32,0.059775,0.644575,0.3864,0.4752,0;19;22;26
15,33,0.701328,0.791466,0.6322,0.7297,8;30;36
15,34,0.125827,0.232675,0.2334,0.3082,16;23;24;29;42;46;47
15,35,0.981676,0.788562,0.4212,0.4025,8;31
15,36,0.756698,0.805525,0.2265,0.7991,2;8;30;33
15,37,0.438719,0.192965,0.4544,0.4114,1;7;16;23;24;28;47;48
15,38,0.689250,0.358167,0.3521,0.7949,10;11;40;49
15,39,0.134732,0.898663,0.3597,0.4230,4;20;26;44
15,40,0.485302,0.437500,0.7113,0.4584,1;16;27;38;49
15,41,0.294715,0.697038,0.6807,0.5650,3;4;13;15;19;20;22;27;43;44
15,42,0.189776,0.186627,0.5505,0.3284,1;16;23;24;28;29;34;46;47
15,43,0.347665,0.732402,0.7126,0.7557,3;4;13;15;19;20;27;41;44
15,44,0.275324,0.831350,0.3033,0.7770,3;4;13;19;20;39;41;43
15,45,0.914474,0.554520,0.4580,0.4383,11;18;31
15,46,0.068877,0.155025,0.6811,0.7898,24;29;34;42
15,47,0.295673,0.263349,0.5766,0.5106,1;7;16;23;24;28;34;37;42
15,48,0.367113,0.000720,0.8947,0.3811,7;23;24;28;37
15,49,0.638026,0.379044,0.3403,0.3331,10;11;38;40
16,0,0.855720,0.021701,0.1899,0.2327,19;40
16,1,0.821940,0.689719,0.8592,0.7560,9;10;12;13;20;37;49
16,2,0.275957,0.553663,0.7950,0.6921,6;14;24;27;29;48
16,3,0.556323,0.925922,0.1110,0.6163,10;18;33;37;45;49
16,4,0.154715,0.037736,0.1890,0.4700,25;30;34;38
16,5,0.355656,0.138408,0.1182,0.3254,22;25;28;32;38;42;46
16,6,0.367083,0.582156,0.5304,0.3223,2;14;27;29;35
16,7,0.232994,0.811074,0.5186,0.3552,11;14;16;17;18;44;47
16,8,0.091905,0.399798,0.4864,0.6380,23;24;29;48
16,9,0.917882,0.734266,0.2131,0.6193,1;10;13;49
16,10,0.723581,0.792904,0.1147,0.5498,1;3;9;12;20;37;49
16,11,0.172902,0.825705,0.6308,0.2261,7;14;16;17;21;44;47
16,12,0.689595,0.576232,0.2363,0.3704,1;10;13;20;26;35;37;41
16,13,0.907656,0.595231,0.7314,0.5708,1;9;12
16,14,0.300393,0.730789,0.1425,0.5929,2;6;7;11;17;18;27;33
16,15,0.576284,0.078477,0.1067,0.4332,28;31;32;36;43;46
16,16,0.055923,0.770902,0.3170,0.7112,7;11;21;47
16,17,0.347930,0.817142,0.6281,0.7186,7;11;14;18;33;44
16,18,0.416522,0.867831,0.1153,0.7204,3;7;14;17;33;44
16,19,0.869787,0.226718,0.6195,0.3387,0;26;36;39;40
16,20,0.652779,0.602302,0.4046,0.7860,1;10;12;27;35;37;41
16,21,0.011434,0.777419,0.1797,0.3893,11;16;47
16,22,0.382487,0.304783,0.7934,0.5189,5;28;29;42;46;48
16,23,0.041182,0.539930,0.2491,0.5004,8;24
16,24,0.149580,0.502402,0.4664,0.7558,2;8;23;29;48
16,25,0.220797,0.050520,0.1172,0.3484,4;5;30;32;34;38
16,26,0.731579,0.392883,0.5235,0.4001,12;19;35;36;39;41
16,27,0.445616,0.595132,0.4147,0.2942,2;6;14;20;33;35
16,28,0.504729,0.222086,0.3774,0.4111,5;15;22;31;32;36;42;43;46
16,29,0.289783,0.394322,0.6002,0.3417,2;6;8;22;24;42;48
16,30,0.132189,0.082545,0.8826,0.5008,4;25;34;38
16,31,0.571441,0.049311,0.7495,0.5755,15;28;32;36;43;46
16,32,0.399191,0.085079,0.8029,0.7342,5;15;25;28;31;38;43;46
16,33,0.501823,0.773825,0.7519,0.2177,3;14;17;18;27;37
16,34,0.130375,0.134871,0.5440,0.3681,4;25;30;38
16,35,0.559296,0.487861,0.2214,0.7383,6;12;20;26;27;41
16,36,0.652248,0.196099,0.6255,0.2527,15;19;26;28;31;39;43;46
16,37,0.615997,0.735668,0.4058,0.7764,1;3;10;12;20;33;49
16,38,0.246246,0.071644,0.5900,0.5753,4;5;25;30;32;34;46
16,39,0.776772,0.323412,0.2819,0.3442,19;26;36;41
16,40,0.924138,0.089595,0.2222,0.7823,0;19
16,41,0.671748,0.423541,0.8278,0.3976,12;20;26;35;39
16,42,0.348308,0.320738,0.5338,0.3241,5;22;28;29;46;48
16,43,0.593877,0.024207,0.2109,0.5248,15;28;31;32;36;46
16,44,0.304819,0.987652,0.7401,0.7176,7;11;17;18
16,45,0.616221,0.990159,0.3472,0.6231,3;49
16,46,0.442210,0.145818,0.5190,0.2812,5;15;22;28;31;32;36;38;42;43
16,47,0.044878,0.818172,0.8965,0.7855,7;11;16;21
16,48,0.199685,0.373821,0.2161,0.7598,2;8;22;24;29;42
16,49,0.757734,0.852764,0.8337,0.3905,1;3;9;10;37;45
17,0,0.557340,0.948602,0.3001,0.6150,3;5;30;32
17,1,0.118387,0.317598,0.8257,0.6779,8;11;17;19;37;41;46;49
17,2,0.879638,0.727080,0.6747,0.2741,3;6;9;21;23;29;45
17,3,0.765435,0.880132,0.1913,0.4696,0;2;6
17,4,0.414040,0.411252,0.3904,0.5143,10;14;24;25;34;38;40;49
17,5,0.443004,0.933769,0.4073,0.6746,0;20;30;32;43
17,6,0.894130,0.933250,0.5093,0.7699,2;3;21;23
17,7,0.273796,0.779108,0.4029,0.4284,10;20;28;32;42;43;44
17,8,0.106771,0.184746,0.7146,0.7474,1;11;17;19;37
17,9,0.762447,0.611982,0.5524,0.5957,2;13;16;29;31;35;39;45;48
17,10,0.266863,0.567043,0.2201,0.7213,4;7;28;40;41;46;49
17,11,0.230911,0.232183,0.2431,0.6272,1;8;17;19;37;38;46
17,12,0.687378,0.359261,0.4357,0.3857,13;15;16;24;27;31;34;35;39
17,13,0.688141,0.476602,0.7149,0.4678,9;12;15;16;27;29;31;34;35;39
17,14,0.502325,0.604712,0.6012,0.2705,4;20;28;34;36;40;43;48
17,15,0.712019,0.373959,0.2053,0.3217,12;13;16;27;31;34;35;39
17,16,0.852129,0.491446,0.5980,0.3519,9;12;13;15;27;29;31;35;39
17,17,0.137513,0.193260,0.4669,0.7132,1;8;11;19;37
17,18,0.032230,0.764539,0.5348,0.2035,22;42;44
17,19,0.015014,0.269859,0.8062,0.3427,1;8;11;17;37;46
17,20,0.413044,0.742367,0.5711,0.4854,5;7;14;28;30;32;36;40;43;48
17,21,0.988243,0.757777,0.4281,0.2476,2;6;23;45
17,22,0.066136,0.927103,0.5801,0.3468,18;33;42;44
17,23,0.985628,0.867129,0.5379,0.5719,2;6;21;45
17,24,0.489943,0.324896,0.5460,0.6952,4;12;25;34;38;47
17,25,0.457545,0.246784,0.1391,0.2890,4;24;26;34;38;47
17,26,0.404867,0.041826,0.6226,0.2220,25;47
17,27,0.735332,0.380374,0.7831,0.6002,12;13;15;16;29;31;34;35;39
17,28,0.312897,0.611505,0.7704,0.3791,7;10;14;20;36;40;43;49
17,29,0.742468,0.593806,0.8363,0.2294,2;9;13;16;27;31;35;39;48
17,30,0.525231,0.875783,0.4336,0.3069,0;5;20;32;43;48
17,31,0.786920,0.520649,0.6377,0.5667,9;12;13;15;16;27;29;35;39
17,32,0.451610,0.827010,0.6532,0.5570,0;5;7;20;30;36;40;43;48
17,33,0.042416,0.995836,0.7298,0.3065,22;42
17,34,0.518703,0.395611,0.4643,0.5474,4;12;13;14;15;24;25;27;38
17,35,0.735170,0.557701,0.8452,0.2559,9;12;13;15;16;27;29;31;39;48
17,36,0.516127,0.630649,0.3394,0.4211,14;20;28;32;40;43;48
17,37,0.049295,0.291179,0.4032,0.2406,1;8;11;17;19;46
17,38,0.398040,0.304554,0.4419,0.5303,4;11;24;25;34;47
17,39,0.827621,0.461347,0.3343,0.2807,9;12;13;15;16;27;29;31;35
17,40,0.422462,0.613134,0.6557,0.3647,4;10;14;20;28;32;36;43;48
17,41,0.054547,0.516970,0.5216,0.5148,1;10;46;49
17,42,0.142240,0.829894,0.6567,0.5672,7;18;22;33;44
17,43,0.451698,0.722647,0.1874,0.6378,5;7;14;20;28;30;32;36;40;48
17,44,0.113172,0.778731,0.6032,0.7923,7;18;22;42
17,45,0.937842,0.696114,0.4869,0.6132,2;9;21;23
17,46,0.135307,0.413559,0.8471,0.7918,1;10;11;19;37;41;49
17,47,0.450886,0.178879,0.3297,0.5653,24;25;26;38
17,48,0.590315,0.712634,0.3532,0.5152,9;14;20;29;30;32;35;36;40;43
17,49,0.201932,0.454683,0.8960,0.4123,1;4;10;28;41;46
18,0,0.546166,0.366970,0.6463,0.2246,14;15;23
18,1,0.978233,0.568150,0.8342,0.5825,18;48
18,2,0.704883,0.113164,0.8649,0.4591,23;27;29;37;41;47
18,3,0.481533,0.690497,0.8344,0.7150,30;32;38;40;43;45
18,4,0.142087,0.731293,0.3680,0.3603,7;10;31;39;43
18,5,0.983579,0.983668,0.1786,0.5926,16;22
18,6,0.778870,0.464936,0.4129,0.6639,11;13;15;19;25;33;44;48
18,7,0.078235,0.889915,0.6993,0.6406,4;39
18,8,0.088446,0.472452,0.5710,0.3170,10;12;20;24;26;42
18,9,0.741686,0.960411,0.3699,0.6142,49
18,10,0.078082,0.633688,0.2439,0.5286,4;8;20;24;31;39
18,11,0.798098,0.312500,0.6382,0.6990,6;13;15;23;25;33;35;37;41;48
18,12,0.052774,0.343546,0.1096,0.2586,8;20;24;26;28;34;42
18,13,0.778527,0.468869,0.1831,0.4676,6;11;15;19;25;33;44;48
18,14,0.512663,0.469232,0.2755,0.3700,0;23;38
18,15,0.733815,0.421016,0.2545,0.2142,0;6;11;13;19;23;25;33;37;44;48
18,16,0.960581,0.798223,0.1736,0.7631,5;18;22
18,17,0.289208,0.035326,0.6253,0.7013,21;46
18,18,0.922865,0.749425,0.8604,0.5828,1;16;22
18,19,0.726972,0.563706,0.6665,0.2720,6;13;15;44
18,20,0.061418,0.473161,0.7852,0.2779,8;10;12;24;26;42
18,21,0.169079,0.051620,0.6251,0.7399,17;28;34
18,22,0.990365,0.808896,0.5529,0.7803,5;16;18
18,23,0.624317,0.286816,0.8168,0.6174,0;2;11;14;15;29;37;41;46
18,24,0.082510,0.505596,0.3027,0.4802,8;10;12;20;42
18,25,0.851445,0.277849,0.8489,0.5833,6;11;13;15;33;35;37;41;48
18,26,0.132539,0.280972,0.8382,0.3658,8;12;20;28;34;42
18,27,0.857858,0.014203,0.4416,0.7420,2;35;41;47
18,28,0.111549,0.174614,0.7159,0.3940,12;21;26;34
18,29,0.591770,0.151136,0.2296,0.2444,2;23;37;41;46
18,30,0.446653,0.807841,0.7217,0.4297,3;31;32;36;38;40;43;45
18,31,0.261253,0.700775,0.3661,0.2360,4;10;30;38;39;40;43;45
18,32,0.484919,0.799372,0.8645,0.3588,3;30;36;38;40;43;45
18,33,0.862014,0.342848,0.4525,0.4950,6;11;13;15;25;35;37;44;48
18,34,0.084401,0.145070,0.8429,0.5662,12;21;26;28
18,35,0.933942,0.154150,0.2428,0.4952,11;25;27;33;37;41;47
18,36,0.495948,0.993586,0.2151,0.6612,30;32;49
18,37,0.770368,0.237947,0.2747,0.5860,2;11;15;23;25;29;33;35;41
18,38,0.440185,0.637575,0.8301,0.6292,3;14;30;31;32;40;43;45
18,39,0.210857,0.734361,0.1826,0.2438,4;7;10;31;40;43;45
18,40,0.345076,0.642261,0.5571,0.3504,3;30;31;32;38;39;43;45
18,41,0.755484,0.115994,0.4567,0.7379,2;11;23;25;27;29;35;37;47
18,42,0.167600,0.398745,0.2191,0.5842,8;12;20;24;26
18,43,0.301367,0.746151,0.8463,0.5988,3;4;30;31;32;38;39;40;45
18,44,0.752428,0.532521,0.3131,0.6200,6;13;15;19;33;48
18,45,0.379801,0.705608,0.8237,0.5448,3;30;31;32;38;39;40;43
18,46,0.474590,0.145150,0.5123,0.7639,17;23;29
18,47,0.870278,0.011863,0.4925,0.4616,2;27;35;41
18,48,0.927223,0.448821,0.7752,0.6686,1;6;11;13;15;25;33;44
18,49,0.678493,0.961763,0.7283,0.5241,9;36
19,0,0.015630,0.486967,0.7856,0.4935,2;9;13;14;35
19,1,0.006350,0.179413,0.8965,0.5549,12;14;41
19,2,0.089141,0.651756,0.7696,0.3675,0;9;13;16;18;25;33;39;43
19,3,0.886915,0.416222,0.6840,0.6417,11;15;27;32;34
19,4,0.807412,0.772563,0.2973,0.3964,10;24;29;46
19,5,0.692358,0.206160,0.5636,0.7351,8;11;17;20;21;22;31;32;42;49
19,6,0.639826,0.523087,0.5734,0.2894,15;27;29;31;47
19,7,0.412031,0.938090,0.5590,0.2030,36;45
19,8,0.610538,0.037621,0.8841,0.2240,5;20;21;42;44
19,9,0.180000,0.499888,0.4765,0.6612,0;2;13;14;35
19,10,0.950298,0.627192,0.1269,0.5187,4;15;24;27
19,11,0.782583,0.347854,0.4834,0.6788,3;5;15;17;22;27;31;32;34
19,12,0.004570,0.235639,0.7570,0.4715,1;14
19,13,0.117508,0.530199,0.2924,0.5351,0;2;9;14;33;35;39
19,14,0.095684,0.361901,0.1099,0.6391,0;1;9;12;13;35
19,15,0.761128,0.539723,0.8599,0.2796,3;6;10;11;27;29;32;34;47
19,16,0.219276,0.770331,0.3366,0.5886,2;18;25;28;33;37;39;43;45;48
19,17,0.659327,0.276427,0.1726,0.4879,5;11;20;22;31;32;42
19,18,0.193719,0.796613,0.3439,0.6220,2;16;25;28;33;37;39;43;45;48
19,19,0.685244,0.968574,0.7863,0.6484,36;40;46
19,20,0.474413,0.176324,0.1195,0.4729,5;8;17;22;23;30;38;44
19,21,0.670143,0.043116,0.7175,0.7245,5;8;42;49
19,22,0.644861,0.285065,0.4243,0.6739,5;11;17;20;23;31;32;38;44
19,23,0.434672,0.334295,0.3963,0.4786,20;22;30;38;44
19,24,0.805154,0.758408,0.6067,0.7162,4;10;29;46
19,25,0.043317,0.740417,0.1566,0.7361,2;16;18;28;33;37;39;43
19,26,0.924861,0.175888,0.3663,0.2196,32;34;49
19,27,0.785492,0.485061,0.4407,0.3619,3;6;10;11;15;29;31;32;34;47
19,28,0.116065,0.895079,0.8569,0.5255,16;18;25;33;37;39;43;48
19,29,0.721403,0.592707,0.7356,0.6726,4;6;15;24;27;47
19,30,0.325972,0.198751,0.1648,0.7285,20;23;41;44
19,31,0.676853,0.325685,0.6886,0.2329,5;6;11;17;22;27;32;34
19,32,0.778975,0.326132,0.8563,0.6048,3;5;11;15;17;22;26;27;31;34
19,33,0.098064,0.737748,0.8104,0.2666,2;13;16;18;25;28;37;39;43
19,34,0.869886,0.375532,0.3925,0.5715,3;11;15;26;27;31;32
19,35,0.220663,0.470990,0.3925,0.3052,0;9;13;14
19,36,0.484408,0.890489,0.5470,0.2402,7;19;40;45;46
19,37,0.144941,0.927887,0.6675,0.3228,16;18;25;28;33;39;43;45;48
19,38,0.454991,0.387330,0.8850,0.3432,20;22;23;44
19,39,0.136405,0.719821,0.1908,0.4871,2;13;16;18;25;28;33;37;43
19,40,0.632021,0.975556,0.8513,0.5481,19;36;46
19,41,0.202211,0.127212,0.8673,0.3259,1;30
19,42,0.692211,0.059652,0.6960,0.3353,5;8;17;21;49
19,43,0.136501,0.851651,0.3822,0.3604,2;16;18;25;28;33;37;39;45;48
19,44,0.458579,0.171201,0.6442,0.3663,8;20;22;23;30;38
19,45,0.343576,0.886409,0.1507,0.4071,7;16;18;36;37;43;48
19,46,0.603636,0.789547,0.4890,0.5160,4;19;24;36;40;47
19,47,0.637999,0.611528,0.1982,0.6259,6;15;27;29;46
19,48,0.169935,0.970136,0.6426,0.5197,16;18;28;37;43;45
19,49,0.855004,0.086474,0.3338,0.5726,5;21;26;42
20,0,0.799904,0.945365,0.7727,0.4676,1;18;27;40;43;47
20,1,0.808796,0.940876,0.1740,0.2330,0;18;27;40;43;47
20,2,0.065628,0.891903,0.6131,0.5501,13;14;20;25
20,3,0.457874,0.080170,0.2777,0.7614,10;35;39;42;44
20,4,0.897946,0.288373,0.3223,0.2135,5;26
20,5,0.956627,0.109365,0.5307,0.4673,4;23
20,6,0.275943,0.697082,0.6372,0.2524,16;17;20;32;41;46;48
20,7,0.496329,0.874993,0.5094,0.3167,18;22;36;45;46
20,8,0.520688,0.627276,0.3542,0.5630,16;17;28;37;41;46
20,9,0.293169,0.969575,0.8547,0.7451,14;22;25;36
20,10,0.541435,0.132027,0.3889,0.2888,3;12;19;35;42;44
20,11,0.346700,0.443860,0.7830,0.4218,16;17;19;24;32;34;37;38;42;49
20,12,0.644684,0.291517,0.3983,0.3708,10;15;19;26;35;42;44
20,13,0.062950,0.871794,0.3811,0.7865,2;14;20;25
20,14,0.232328,0.947449,0.7994,0.2526,2;9;13;20;25;36
20,15,0.644672,0.411692,0.6823,0.4665,12;26;42
20,16,0.342792,0.646051,0.8941,0.6822,6;8;11;17;24;32;37;41;46
20,17,0.326306,0.593357,0.3309,0.6834,6;8;11;16;24;32;37;41;46;48;49
20,18,0.696864,0.841908,0.8763,0.4543,0;1;7;28;40;45;47
20,19,0.445256,0.304082,0.8171,0.2837,10;11;12;24;34;35;37;42;44;49
20,20,0.131954,0.789348,0.5697,0.2516,2;6;13;14;25;36;41
20,21,0.171737,0.260007,0.2662,0.4848,29;30;31;33;34;38;49
20,22,0.484243,0.970724,0.7940,0.7920,7;9;36;45
20,23,0.769750,0.047319,0.1529,0.7761,5;44
20,24,0.353121,0.455927,0.7049,0.2531,11;16;17;19;32;34;37;38;42;49
20,25,0.166363,0.924132,0.4276,0.7486,2;9;13;14;20;36
20,26,0.711812,0.285247,0.4316,0.5335,4;12;15;35;44
20,27,0.973206,0.839332,0.6682,0.6531,0;1;43
20,28,0.692859,0.666356,0.2095,0.3116,8;18
20,29,0.153485,0.237905,0.4054,0.5323,21;30;31;33
20,30,0.041151,0.316626,0.1338,0.6957,21;29;31;33;38
20,31,0.126474,0.260407,0.7677,0.3823,21;29;30;33;38
20,32,0.184497,0.562487,0.5474,0.4781,6;11;16;17;24;38;41;48;49
20,33,0.034689,0.316944,0.1215,0.2015,21;29;30;31;38
20,34,0.343847,0.372915,0.3101,0.7736,11;19;21;24;37;38;42;49
20,35,0.539867,0.162598,0.7674,0.4835,3;10;12;19;26;42;44
20,36,0.301560,0.920434,0.6231,0.7356,7;9;14;20;22;25;41
20,37,0.404562,0.499417,0.4337,0.4951,8;11;16;17;19;24;34;41;46;49
20,38,0.145384,0.458041,0.6503,0.3469,11;21;24;30;31;32;33;34;48;49
20,39,0.320218,0.004294,0.1955,0.3663,3
20,40,0.738495,0.975601,0.8955,0.2400,0;1;18;43;45;47
20,41,0.331281,0.705451,0.6965,0.5486,6;8;16;17;20;32;36;37;46
20,42,0.473911,0.289827,0.5525,0.7210,3;10;11;12;15;19;24;34;35;44;49
20,43,0.944010,0.980690,0.6024,0.4856,0;1;27;40
20,44,0.573728,0.147083,0.6554,0.2718,3;10;12;19;23;26;35;42
20,45,0.565232,0.906881,0.5100,0.5452,7;18;22;40;47
20,46,0.442106,0.689147,0.7762,0.2977,6;7;8;16;17;37;41
20,47,0.731641,0.900174,0.1468,0.3918,0;1;18;40;45
20,48,0.139423,0.550960,0.8027,0.2813,6;17;32;38
20,49,0.308082,0.401630,0.2306,0.3636,11;17;19;21;24;32;34;37;38;42
21,0,0.973580,0.098686,0.4443,0.7490,4;16;25;45;49
21,1,0.214015,0.504195,0.4069,0.3887,5;23;34;42;47
21,2,0.707756,0.366463,0.4011,0.4758,3;10;13;15;29;30;32;45;46
21,3,0.589381,0.439666,0.1263,0.5340,2;10;13;15;29;30;32;33;34;37;46
21,4,0.957748,0.180849,0.7883,0.3818,0;16;25;26;45;49
21,5,0.354822,0.379615,0.6648,0.4949,1;6;15;23;34;47
21,6,0.214274,0.227554,0.2076,0.6294,5;8;11;12;22;36;38;43;47
21,7,0.112845,0.984613,0.4900,0.2656,17;19;24;28
21,8,0.123615,0.110316,0.6400,0.5960,6;12;22;36;38;39;43
21,9,0.135912,0.762274,0.6483,0.5433,17;24;28;31;35;42
21,10,0.704731,0.557132,0.4807,0.7126,2;3;30;32;37;44;46;48
21,11,0.040609,0.328115,0.5053,0.4348,6;12;22;36
21,12,0.115723,0.283611,0.4958,0.7825,6;8;11;22;36;38;43;47
21,13,0.600390,0.312007,0.5936,0.4117,2;3;15;29;32;46
21,14,0.976179,0.443956,0.8822,0.3923,26;48
21,15,0.553916,0.290589,0.1225,0.2271,2;3;5;13;20;29;32
21,16,0.855366,0.188785,0.7695,0.4093,0;4;25;26;29;45;49
21,17,0.069609,0.841058,0.6936,0.2161,7;9;19;24;28;31
21,18,0.475677,0.679131,0.8131,0.4048,21;23;33;34;35;37;41
21,19,0.179297,0.998723,0.1779,0.4071,7;17;24;28
21,20,0.491648,0.105172,0.3859,0.4108,15
21,21,0.438058,0.658548,0.6290,0.3486,18;23;31;33;34;35;37;41
21,22,0.085006,0.143368,0.6185,0.5555,6;8;11;12;36;38;39;43
21,23,0.400624,0.590557,0.8283,0.2393,1;5;18;21;33;34;35;37;41
21,24,0.101722,0.925290,0.3439,0.4026,7;9;17;19;28;31
21,25,0.977853,0.064710,0.1158,0.3957,0;4;16;49
21,26,0.975207,0.338632,0.4687,0.7180,4;14;16
21,27,0.594961,0.990661,0.5544,0.7408,40
21,28,0.122762,0.838109,0.3133,0.6176,7;9;17;19;24;31;35;42
21,29,0.725201,0.278518,0.5704,0.7915,2;3;13;15;16;32;45
21,30,0.713494,0.581919,0.4022,0.4342,2;3;10;32;44;46;48
21,31,0.272973,0.789493,0.5580,0.6850,9;17;21;24;28;35;41;42
21,32,0.643831,0.400236,0.1800,0.6051,2;3;10;13;15;29;30;46
21,33,0.475826,0.603165,0.3688,0.5017,3;18;21;23;34;37;41;46
21,34,0.404444,0.484533,0.7119,0.4037,1;3;5;18;21;23;33;37;41;47
21,35,0.278891,0.768000,0.5919,0.4180,9;18;21;23;28;31;41;42
21,36,0.108037,0.250690,0.4488,0.4982,6;8;11;12;22;38;39;43;47
21,37,0.497274,0.628371,0.7779,0.6723,3;10;18;21;23;33;34;41;46
21,38,0.134608,0.099603,0.7723,0.5215,6;8;12;22;36;39;43
21,39,0.052852,0.068229,0.3299,0.2285,8;22;36;38;43
21,40,0.678107,0.972073,0.8970,0.4412,27;44
21,41,0.382633,0.679204,0.2807,0.6457,18;21;23;31;33;34;35;37
21,42,0.152737,0.621967,0.1736,0.7065,1;9;28;31;35
21,43,0.096334,0.076517,0.1758,0.4021,6;8;12;22;36;38;39
21,44,0.751610,0.767572,0.1538,0.6807,10;30;40
21,45,0.792731,0.201932,0.4802,0.3258,0;2;4;16;29
21,46,0.662093,0.490250,0.7365,0.5909,2;3;10;13;30;32;33;37;48
21,47,0.261665,0.343616,0.3415,0.6825,1;5;6;12;34;36
21,48,0.859672,0.546620,0.4463,0.5240,10;14;30;46
21,49,0.952580,0.031599,0.2601,0.4414,0;4;16;25
22,0,0.624964,0.453229,0.3904,0.6294,5;9;16;17;20;39;40;45
22,1,0.763442,0.180601,0.7571,0.2126,16;31;39;41
22,2,0.018603,0.703332,0.8734,0.5635,11;25;27;28
22,3,0.862710,0.576843,0.7732,0.5973,5;6;24;26;32
22,4,0.212953,0.962117,0.8527,0.6144,13;19;25;27;37;43;46
22,5,0.742208,0.467295,0.7310,0.3438,0;3;6;9;17;24;39;40;45
22,6,0.937163,0.532719,0.5422,0.3856,3;5;24;26;32
22,7,0.614422,0.769119,0.8668,0.4177,15;21;24;34;35;48
22,8,0.433724,0.566116,0.7498,0.2732,9;12;20;21;30;45;47
22,9,0.626758,0.522270,0.7936,0.7146,0;5;8;17;20;40;45
22,10,0.364275,0.147744,0.4108,0.7459,30;38;42;44
22,11,0.150473,0.685307,0.4144,0.7868,2;19;25;27;28
22,12,0.300276,0.435389,0.3044,0.2542,8;20;30;47
22,13,0.318653,0.830214,0.7582,0.3413,4;15;19;21;25;35;37;43;46
22,14,0.064428,0.203558,0.2683,0.7341,18;22;23;33;38
22,15,0.412438,0.823711,0.8327,0.5788,7;13;19;21;35;37;46
22,16,0.646043,0.256447,0.8036,0.6600,0;1;17;31;39;40;41;44
22,17,0.601232,0.405866,0.4250,0.2203,0;5;9;16;20;30;39;40;45
22,18,0.113559,0.191916,0.7932,0.6939,14;22;23;33;38
22,19,0.245587,0.827229,0.8524,0.4827,4;11;13;15;25;37;43;46
22,20,0.464160,0.559825,0.4304,0.7047,0;8;9;12;17;21;30;40;45;47
22,21,0.436133,0.646922,0.6739,0.7261,7;8;13;15;20;35;45
22,22,0.037004,0.159358,0.7562,0.6946,14;18;23;33;38
22,23,0.136431,0.258397,0.6588,0.5038,14;18;22;33;38
22,24,0.803538,0.658671,0.3815,0.5613,3;5;6;7;32
22,25,0.175985,0.852521,0.7507,0.6427,2;4;11;13;19;27;37;43
22,26,0.963787,0.485842,0.4626,0.2164,3;6
22,27,0.019909,0.859584,0.1417,0.5850,2;4;11;25;43
22,28,0.083930,0.601600,0.6041,0.6746,2;11
22,29,0.867172,0.900575,0.2089,0.4404,32;34;36;48;49
22,30,0.407007,0.363434,0.6026,0.3882,8;10;12;17;20;40;42;44;47
22,31,0.657431,0.090306,0.1658,0.2947,1;16;41
22,32,0.943162,0.724234,0.5131,0.7818,3;6;24;29;36
22,33,0.140560,0.111932,0.7645,0.6579,14;18;22;23;38
22,34,0.734480,0.932935,0.7776,0.6115,7;29;36;48;49
22,35,0.521958,0.828982,0.7341,0.3916,7;13;15;21;46;48
22,36,0.949675,0.931556,0.4827,0.6411,29;32;34;49
22,37,0.251808,0.884565,0.3085,0.6125,4;13;15;19;25;43;46
22,38,0.238077,0.122277,0.7614,0.6797,10;14;18;22;23;33;42
22,39,0.806687,0.329286,0.2589,0.4487,0;1;5;16;17;41
22,40,0.584326,0.389951,0.2455,0.7258,0;5;9;16;17;20;30;44;45
22,41,0.748374,0.235938,0.8558,0.7306,1;16;31;39
22,42,0.422869,0.144278,0.2796,0.7689,10;30;38;44
22,43,0.175154,0.969923,0.8385,0.5883,4;13;19;25;27;37;46
22,44,0.439475,0.254306,0.6013,0.7441,10;16;30;40;42;47
22,45,0.589481,0.490359,0.8793,0.3190,0;5;8;9;17;20;21;40
22,46,0.374705,0.948711,0.6610,0.3013,4;13;15;19;35;37;43
22,47,0.316490,0.423781,0.4208,0.4573,8;12;20;30;44
22,48,0.682738,0.963315,0.3081,0.2534,7;29;34;35;49
22,49,0.879434,0.936972,0.3943,0.7683,29;34;36;48
23,0,0.117351,0.718583,0.7767,0.7201,3;4;41;45
23,1,0.435159,0.919989,0.1989,0.2561,12;29;36;46
23,2,0.453708,0.673610,0.7945,0.3084,13;23;31;37;45;48;49
23,3,0.118512,0.713564,0.2346,0.5052,0;4;41;45
23,4,0.190544,0.861937,0.3182,0.7345,0;3;36;41;45
23,5,0.782122,0.287962,0.5685,0.5501,8;9;18;25;28;30;39
23,6,0.494168,0.130199,0.8773,0.5156,10;14;20;25;28
23,7,0.856338,0.600083,0.5566,0.4499,16;17;27;40
23,8,0.995207,0.282967,0.1615,0.6610,5;30;39
23,9,0.677189,0.418331,0.6415,0.7324,5;18;25;28;49
23,10,0.408524,0.145943,0.1208,0.6088,6;11;14;20;28;44
23,11,0.290193,0.261799,0.6445,0.4365,10;15;20;26;32;38
23,12,0.617680,0.907328,0.5723,0.7707,1;23;29;35;37;42;46
23,13,0.369638,0.684267,0.7696,0.2923,2;31;36;45;48
23,14,0.458164,0.010320,0.1649,0.6984,6;10
23,15,0.133205,0.323246,0.6276,0.4724,11;20;24;32;33;38;43
23,16,0.693024,0.686852,0.8642,0.5565,7;17;23;37;42
23,17,0.713336,0.708453,0.1046,0.7819,7;16;23;34;37;42
23,18,0.736104,0.256226,0.6249,0.7705,5;9;25;28;30;39
23,19,0.095279,0.058752,0.3599,0.6389,24;32;33;43;44
23,20,0.332863,0.234841,0.6875,0.7744,6;10;11;15;26;38
23,21,0.908227,0.996739,0.5553,0.3268,22;34;35
23,22,0.939322,0.967210,0.1389,0.5862,21;34;35;40
23,23,0.598232,0.748242,0.3585,0.2333,2;12;16;17;29;37;42
23,24,0.045512,0.253657,0.1566,0.7711,15;19;32;33;43
23,25,0.619658,0.302507,0.4051,0.4393,5;6;9;18;28
23,26,0.394697,0.370901,0.2424,0.7790,11;20;28;31;38;49
23,27,0.968058,0.559560,0.7924,0.2535,7;40
23,28,0.580487,0.260292,0.7819,0.2978,5;6;9;10;18;25;26
23,29,0.503747,0.930327,0.7236,0.3710,1;12;23;37;42;46
23,30,0.877897,0.131920,0.7020,0.5924,5;8;18;39;47
23,31,0.317317,0.530424,0.1965,0.4945,2;13;26;45;48;49
23,32,0.141796,0.116842,0.4459,0.6838,11;15;19;24;33;43;44
23,33,0.044162,0.127871,0.3481,0.6110,15;19;24;32;43;44
23,34,0.871680,0.834804,0.2050,0.5993,17;21;22;35;40;42
23,35,0.747823,0.926237,0.7656,0.5076,12;21;22;34;37;42
23,36,0.282926,0.876936,0.4917,0.7312,1;4;13;41;45;46;48
23,37,0.612932,0.761564,0.4812,0.5378,2;12;16;17;23;29;35;42
23,38,0.263758,0.313010,0.4385,0.6539,11;15;20;26
23,39,0.892672,0.315543,0.7488,0.5683,5;8;18;30
23,40,0.994565,0.763675,0.4473,0.4556,7;22;27;34
23,41,0.151265,0.853034,0.1324,0.4050,0;3;4;36;45
23,42,0.657419,0.798220,0.4708,0.3345,12;16;17;23;29;34;35;37
23,43,0.053222,0.148621,0.6490,0.2930,15;19;24;32;33;44
23,44,0.229861,0.035862,0.4963,0.5777,10;19;32;33;43
23,45,0.260224,0.705963,0.5197,0.3744,0;2;3;4;13;31;36;41;48
23,46,0.436430,0.995202,0.4499,0.7443,1;12;29;36
23,47,0.927206,0.040792,0.4821,0.2892,30
23,48,0.356520,0.709029,0.2022,0.7417,2;13;31;36;45
23,49,0.485200,0.492989,0.7732,0.5139,2;9;26;31
24,0,0.295482,0.047728,0.8143,0.4503,1;5;6;14;18;25;33;34;49
24,1,0.076533,0.045095,0.4787,0.4969,0;5;14;18;26;34;39
24,2,0.107632,0.424914,0.8512,0.4081,8;32
24,3,0.094484,0.660855,0.6580,0.2125,9;10
24,4,0.568478,0.253380,0.3304,0.3153,6;7;12;24;37;43;48
24,5,0.254860,0.081770,0.3751,0.3393,0;1;14;18;25;34;39;49
24,6,0.503445,0.113935,0.2758,0.7454,0;4;7;12;17;25;33;37;43;49
24,7,0.661578,0.179552,0.3713,0.5613,4;6;12;17;24;28;31;37;43
24,8,0.182208,0.392957,0.7740,0.5942,2;14;32
24,9,0.083291,0.876755,0.2049,0.3760,3;27
24,10,0.297648,0.587208,0.6691,0.7759,3;11;19;23;30;32;44
24,11,0.454998,0.670260,0.7665,0.6039,10;19;23;29;30;36;38;40;44;45;47
24,12,0.623810,0.265074,0.6877,0.6776,4;6;7;24;31;37;43;48
24,13,0.966720,0.871345,0.7398,0.7067,20;41
24,14,0.187192,0.185087,0.5975,0.3695,0;1;5;8;18;25;26;34;49
24,15,0.747029,0.604053,0.6994,0.6002,21;24;29;40;42;45
24,16,0.871616,0.106331,0.2033,0.3197,28;31
24,17,0.534376,0.005847,0.5846,0.2605,6;7;33;37
24,18,0.116678,0.171735,0.4328,0.7963,0;1;5;14;25;26;34;39
24,19,0.477120,0.691806,0.3429,0.3257,10;11;23;29;30;36;38;40;44;45;47
24,20,0.868781,0.965804,0.1376,0.2109,13;35;41
24,21,0.601887,0.486722,0.8047,0.4142,15;24;29;30;42;43;44;45;48
24,22,0.618499,0.973922,0.2269,0.6968,35;36;38;46
24,23,0.360729,0.673803,0.8156,0.2192,10;11;19;30;32;36;47
24,24,0.690293,0.394997,0.1509,0.4584,4;7;12;15;21;42;43;48
24,25,0.302657,0.125089,0.5941,0.2724,0;5;6;14;18;33;34;49
24,26,0.013876,0.111913,0.2793,0.3547,1;14;18;34;39
24,27,0.015885,0.970520,0.3723,0.4131,9
24,28,0.859012,0.209229,0.1373,0.7266,7;16;31
24,29,0.648623,0.649740,0.3140,0.2907,11;15;19;21;30;38;40;42;45;46;47
24,30,0.435788,0.626059,0.6521,0.5092,10;11;19;21;23;29;32;40;44;45;47
24,31,0.790012,0.190914,0.6356,0.6238,7;12;16;28;37
24,32,0.300918,0.463426,0.8413,0.4627,2;8;10;23;30;44
24,33,0.473989,0.021817,0.4657,0.7050,0;6;17;25;37;49
24,34,0.166105,0.152422,0.1887,0.2635,0;1;5;14;18;25;26;39;49
24,35,0.702598,0.963867,0.5885,0.6693,20;22;38;46
24,36,0.471489,0.859796,0.8579,0.6942,11;19;22;23;38;40;46;47
24,37,0.585226,0.201338,0.1336,0.2632,4;6;7;12;17;31;33;43
24,38,0.569430,0.833839,0.6039,0.7225,11;19;22;29;35;36;40;46;47
24,39,0.050922,0.007874,0.8288,0.2942,1;5;18;26;34
24,40,0.630410,0.713093,0.3337,0.4649,11;15;19;29;30;36;38;42;45;46;47
24,41,0.979487,0.848616,0.5047,0.6395,13;20
24,42,0.737078,0.595840,0.1794,0.5883,15;21;24;29;40;45
24,43,0.554305,0.290775,0.3677,0.2827,4;6;7;12;21;24;37;44;48
24,44,0.487497,0.486101,0.7789,0.4635,10;11;19;21;30;32;43;45;48
24,45,0.591039,0.611495,0.4326,0.6614,11;15;19;21;29;30;40;42;44;47;48
24,46,0.678668,0.816689,0.2963,0.6855,22;29;35;36;38;40;47
24,47,0.487901,0.714290,0.3731,0.5030,11;19;23;29;30;36;38;40;45;46
24,48,0.528309,0.422005,0.1682,0.4235,4;12;21;24;43;44;45
24,49,0.315850,0.063511,0.7039,0.4164,0;5;6;14;25;33;34
25,0,0.664995,0.151611,0.3623,0.5494,15;17;32;34;38;49
25,1,0.753507,0.421722,0.7583,0.4168,5;21;25;38;41
25,2,0.228182,0.801769,0.1784,0.6270,7;9;16;29;33
25,3,0.413409,0.409309,0.7628,0.2492,15;17;31;46;49
25,4,0.458753,0.852390,0.1498,0.7331,9;12;16;20
25,5,0.794607,0.361774,0.4810,0.4677,1;21;25;32;38;41
25,6,0.029763,0.145584,0.3954,0.5158,10;19;27;40
25,7,0.009949,0.806247,0.5706,0.5114,2;13;29;33;39
25,8,0.943643,0.084778,0.4158,0.3582,32;36
25,9,0.314805,0.981945,0.4991,0.4541,2;4;29
25,10,0.164325,0.061468,0.4521,0.7586,6;30
25,11,0.759192,0.660176,0.4916,0.7840,14;23;28;35;41;44;47;48
25,12,0.641466,0.902511,0.7590,0.2866,4;18;20;24;28;48
25,13,0.057810,0.631608,0.2017,0.6267,7;22;33;39
25,14,0.713370,0.660362,0.2035,0.6227,11;21;23;28;31;35;41;44;45;47;48
25,15,0.519778,0.295724,0.7906,0.2708,0;3;17;34;38;46;49
25,16,0.402003,0.680871,0.2701,0.4840,2;4;31;45
25,17,0.553610,0.304323,0.6972,0.7664,0;3;15;21;31;34;38;46;49
25,18,0.742698,0.909231,0.3955,0.7711,12;20;24;28;35;47;48
25,19,0.007902,0.279781,0.5813,0.4452,6;26;27;37;40
25,20,0.527792,0.920451,0.1967,0.5431,4;12;18;24
25,21,0.700295,0.446189,0.1322,0.2920,1;5;14;17;25;31;38;41
25,22,0.205134,0.544425,0.3972,0.7946,13;39
25,23,0.788342,0.652037,0.3426,0.4916,11;14;28;35;41;43;44;47;48
25,24,0.697471,0.887675,0.7330,0.2853,12;18;20;28;35;47;48
25,25,0.781563,0.404506,0.5717,0.2292,1;5;21;38;41
25,26,0.197296,0.301531,0.8154,0.7334,19;27;37;40;46
25,27,0.036970,0.334493,0.2725,0.6915,6;19;26;37;40
25,28,0.725099,0.740052,0.4910,0.2734,11;12;14;18;23;24;35;44;47;48
25,29,0.126006,0.991924,0.3789,0.7223,2;7;9;33
25,30,0.283928,0.092820,0.4341,0.5438,10;46
25,31,0.551786,0.521336,0.5526,0.7402,3;14;16;17;21;38;41;45
25,32,0.757046,0.160027,0.7251,0.4851,0;5;8;34
25,33,0.027891,0.796599,0.6760,0.5634,2;7;13;29;39
25,34,0.592504,0.241340,0.7096,0.5029,0;15;17;32;38;49
25,35,0.774158,0.726509,0.4687,0.4700,11;14;18;23;24;28;44;47;48
25,36,0.986955,0.110442,0.4593,0.7198,8
25,37,0.059946,0.372979,0.3602,0.6799,19;26;27;40
25,38,0.626990,0.354473,0.6316,0.4458,0;1;5;15;17;21;25;31;34;41;49
25,39,0.047733,0.650962,0.2863,0.4372,7;13;22;33
25,40,0.124750,0.297961,0.5328,0.7748,6;19;26;27;37
25,41,0.736859,0.453147,0.8120,0.6415,1;5;11;14;21;23;25;31;38
25,42,0.982951,0.805388,0.6167,0.7196,44;47
25,43,0.989000,0.565597,0.6658,0.5432,23;44
25,44,0.894339,0.627744,0.7369,0.6244,11;14;23;28;35;42;43;47
25,45,0.533289,0.595549,0.5488,0.2743,14;16;31;48
25,46,0.350337,0.284535,0.5475,0.3155,3;15;17;26;30;49
25,47,0.784789,0.714854,0.5950,0.5461,11;14;18;23;24;28;35;42;44;48
25,48,0.672434,0.714351,0.1423,0.5421,11;12;14;18;23;24;28;35;45;47
25,49,0.519667,0.247633,0.2515,0.4855,0;3;15;17;34;38;46
26,0,0.420062,0.448861,0.2603,0.7451,10;21;24;38;40;44
26,1,0.005159,0.194608,0.7282,0.4049,5;6;11;17;18
26,2,0.081809,0.571820,0.6343,0.6169,3;25;26;33;34;35;47
26,3,0.025372,0.737444,0.8855,0.5599,2;20;25;33;34
26,4,0.978096,0.423820,0.3649,0.5470,29;31
26,5,0.074440,0.249984,0.8705,0.5697,1;6;11;17;18
26,6,0.164482,0.310806,0.4350,0.2974,1;5;10;11;18;24;32;40;44
26,7,0.625995,0.096726,0.4634,0.6735,22;27;36;39;43
26,8,0.479966,0.808059,0.1338,0.3316,9;13;15;28;30;37;42;46
26,9,0.592531,0.626297,0.1030,0.3338,8;15;16;23;37;46
26,10,0.334303,0.250409,0.2842,0.5744,0;6;12;21;24;32;38;40;44;49
26,11,0.107841,0.238359,0.2912,0.6408,1;5;6;17;18
26,12,0.340802,0.054433,0.8621,0.3989,10;32;38;45;49
26,13,0.333588,0.794111,0.6921,0.3232,8;26;28;30;37;42
26,14,0.943548,0.775749,0.2474,0.7939,29;41;48
26,15,0.619567,0.764099,0.3903,0.2442,8;9;16;23;37;46
26,16,0.625349,0.578934,0.1240,0.2691,9;15;23;31;46
26,17,0.085535,0.060687,0.3325,0.3166,1;5;11
26,18,0.033344,0.313279,0.5685,0.6593,1;5;6;11;47
26,19,0.847692,0.065028,0.1351,0.2178,27;39;43
26,20,0.127536,0.919116,0.2583,0.3045,3;25;30;34;42
26,21,0.441918,0.301471,0.8083,0.6313,0;10;24;32;36;38;40;44;49
26,22,0.626185,0.065790,0.3719,0.5327,7;27;36;39;43
26,23,0.677564,0.559258,0.2428,0.2129,9;15;16;29;31;46
26,24,0.294917,0.381455,0.7743,0.7464,0;6;10;21;32;35;38;40;44
26,25,0.095830,0.751963,0.1168,0.6065,2;3;20;26;33;34;35
26,26,0.233112,0.599576,0.4031,0.6724,2;13;25;33;35;40;47
26,27,0.659724,0.010607,0.1888,0.7617,7;19;22;39;43
26,28,0.383920,0.795165,0.3441,0.3441,8;13;30;37;42
26,29,0.879938,0.619231,0.7476,0.5965,4;14;23;31;41
26,30,0.339616,0.937585,0.8529,0.7863,8;13;20;28;42
26,31,0.782929,0.454077,0.8982,0.7290,4;16;23;29
26,32,0.328194,0.192481,0.8027,0.2392,6;10;12;21;24;38;44;45;49
26,33,0.102690,0.595175,0.2155,0.7545,2;3;25;26;34;35;47
26,34,0.067544,0.789416,0.7359,0.3150,2;3;20;25;33
26,35,0.193615,0.573212,0.4026,0.4246,2;24;25;26;33;40;47
26,36,0.637364,0.256286,0.5796,0.7862,7;21;22;38;43
26,37,0.421007,0.724623,0.2956,0.2277,8;9;13;15;28;42;46
26,38,0.444624,0.243152,0.5928,0.3135,0;10;12;21;24;32;36;44;49
26,39,0.797026,0.060491,0.5284,0.6738,7;19;22;27;43
26,40,0.311667,0.435848,0.3621,0.2320,0;6;10;21;24;26;35;44
26,41,0.959741,0.754374,0.7365,0.7237,14;29;48
26,42,0.311188,0.885222,0.7812,0.7810,8;13;20;28;30;37
26,43,0.775496,0.147409,0.8087,0.3255,7;19;22;27;36;39
26,44,0.308674,0.342900,0.1651,0.4824,0;6;10;21;24;32;38;40;49
26,45,0.368830,0.008082,0.6308,0.2389,12;32;49
26,46,0.586440,0.678300,0.5069,0.6508,8;9;15;16;23;37
26,47,0.057318,0.507108,0.6161,0.5055,2;18;26;33;35
26,48,0.835175,0.858702,0.4989,0.4786,14;41
26,49,0.422061,0.195407,0.3575,0.4243,10;12;21;32;38;44;45
27,0,0.259352,0.902273,0.6726,0.2961,15;24;28;35;42
27,1,0.408792,0.626837,0.8432,0.7416,5;6;14;24;26;32;40;43
27,2,0.624421,0.868362,0.7130,0.3322,9;21;23;26;35;44
27,3,0.166126,0.293126,0.3061,0.4858,4;14;19;20;30;32;39;45;47;49
27,4,0.377729,0.276762,0.8180,0.2739,3;14;18;19;27;32;47
27,5,0.342152,0.585646,0.2086,0.5207,1;6;14;24;27;32;40;43
27,6,0.477897,0.672805,0.6803,0.2543,1;5;24;26;40;43;44
27,7,0.100809,0.061056,0.6534,0.7232,39;47
27,8,0.751799,0.007227,0.8454,0.6598,22;34
27,9,0.582445,0.987619,0.5805,0.5864,2;23;35;44
27,10,0.096842,0.522335,0.4016,0.6305,11;20;30;45;46;49
27,11,0.007262,0.602985,0.6888,0.4290,10;20;31;46;49
27,12,0.986897,0.761364,0.6137,0.5371,16;17;29;37
27,13,0.932128,0.473232,0.7849,0.6851,17;25;41
27,14,0.337030,0.429454,0.2788,0.2694,1;3;4;5;19;27;32;45
27,15,0.370785,0.890152,0.1701,0.2535,0;24;28;35;44
27,16,0.999445,0.816847,0.6925,0.7623,12;17;29;36;37
27,17,0.940991,0.665078,0.6957,0.2697,12;13;16;29;41;48
27,18,0.378436,0.057242,0.3942,0.7120,4;39;47
27,19,0.356029,0.330255,0.8633,0.5462,3;4;14;27;32;47
27,20,0.100177,0.456919,0.1013,0.2371,3;10;11;30;45;46;49
27,21,0.698308,0.725220,0.5285,0.7083,2;23;26;44;48
27,22,0.887971,0.138863,0.8839,0.3918,8;38
27,23,0.601909,0.869005,0.3920,0.6076,2;9;21;26;35;44
27,24,0.279468,0.699265,0.7373,0.5119,0;1;5;6;15;42;43;46
27,25,0.815052,0.368430,0.5813,0.3333,13;33;38;41
27,26,0.618352,0.658876,0.4162,0.5230,1;2;6;21;23;40;48
27,27,0.475199,0.413127,0.4685,0.2868,4;5;14;19;32;33;40
27,28,0.187935,0.986181,0.8543,0.7023,0;15;42
27,29,0.957547,0.812619,0.4999,0.4735,12;16;17;36;37
27,30,0.016630,0.360206,0.5812,0.2875,3;10;20;45;49
27,31,0.045754,0.807558,0.6323,0.6808,11;42;46
27,32,0.325525,0.444306,0.6624,0.5593,1;3;4;5;14;19;27;45
27,33,0.606763,0.400165,0.3471,0.7942,25;27;38;40
27,34,0.612592,0.081369,0.1988,0.7981,8
27,35,0.427916,0.931483,0.6652,0.4870,0;2;9;15;23;44
27,36,0.930845,0.986871,0.7629,0.4970,16;29;37
27,37,0.857100,0.905203,0.6633,0.4260,12;16;29;36
27,38,0.734278,0.293863,0.8849,0.3999,22;25;33
27,39,0.195077,0.143161,0.7623,0.3264,3;7;18;47
27,40,0.520054,0.571893,0.6861,0.6863,1;5;6;26;27;33
27,41,0.856803,0.504637,0.6603,0.2315,13;17;25;48
27,42,0.127861,0.796821,0.7923,0.3074,0;24;28;31;43;46
27,43,0.301348,0.673062,0.4900,0.4351,1;5;6;24;42;46
27,44,0.548747,0.874786,0.8875,0.5956,2;6;9;15;21;23;35
27,45,0.168053,0.446287,0.7788,0.7946,3;10;14;20;30;32;49
27,46,0.115679,0.662642,0.5384,0.4024,10;11;20;24;31;42;43
27,47,0.240902,0.211641,0.6423,0.7942,3;4;7;18;19;39
27,48,0.753253,0.659745,0.7062,0.4346,17;21;26;41
27,49,0.089432,0.434893,0.5223,0.3698,3;10;11;20;30;45
28,0,0.851450,0.035005,0.2244,0.2758,34;43
28,1,0.979928,0.506148,0.4030,0.6413,5;9;14;23;36;44;46
28,2,0.363560,0.544427,0.1423,0.6353,7;20;40;42;45
28,3,0.423051,0.945228,0.8796,0.6245,13;18;39;45;47
28,4,0.000086,0.300600,0.2993,0.5652,17;24;35;49
28,5,0.946215,0.519443,0.6654,0.3099,1;6;9;14;23;36;44;46
28,6,0.782802,0.659158,0.8890,0.6791,5;8;14;21;23;25
28,7,0.444920,0.577071,0.5018,0.3655,2;40;42;45
28,8,0.695101,0.522666,0.4422,0.7650,6;21;26;32;40;42
28,9,0.986020,0.352117,0.8051,0.6884,1;5;34;36;43;44;46
28,10,0.538209,0.209840,0.3441,0.7148,19;28;29;31;32;33;48
28,11,0.099009,0.819763,0.8580,0.4439,13;16;22;27;37;38;39
28,12,0.237100,0.188074,0.3502,0.2541,15;17;19;24;30;33
28,13,0.299709,0.832628,0.1636,0.6380,3;11;18;27;37;38;39;45
28,14,0.957423,0.602144,0.8559,0.2991,1;5;6;23;44;46
28,15,0.216040,0.359065,0.1459,0.6460,12;17;20;24;33;35
28,16,0.128492,0.622313,0.5433,0.4957,11;22;38;49
28,17,0.074360,0.254967,0.7995,0.7773,4;12;15;24;30;35
28,18,0.381782,0.903660,0.4392,0.5052,3;13;39;45;47
28,19,0.400059,0.083254,0.6846,0.4878,10;12;28;29;31;33;48
28,20,0.254179,0.425343,0.5120,0.7988,2;15;24;33
28,21,0.694515,0.535904,0.8105,0.6187,6;8;26;32;40;42
28,22,0.070558,0.732675,0.4244,0.5698,11;16;37;38
28,23,0.995359,0.696803,0.8287,0.6476,1;5;6;14;46
28,24,0.192627,0.372142,0.6713,0.6216,4;12;15;17;20;33;35
28,25,0.657318,0.820508,0.6997,0.3465,6;41;47
28,26,0.604945,0.419686,0.6912,0.7705,8;21;32;40;42
28,27,0.153491,0.992449,0.7587,0.7282,11;13;37
28,28,0.433627,0.025910,0.5225,0.5655,10;19;29;31;48
28,29,0.603607,0.077525,0.5859,0.7788,10;19;28;31;48
28,30,0.124621,0.109990,0.6396,0.7292,12;17
28,31,0.548369,0.065959,0.5188,0.3350,10;19;28;29;48
28,32,0.640177,0.362819,0.1601,0.7036,8;10;21;26
28,33,0.333517,0.273253,0.5109,0.7715,10;12;15;19;20;24;48
28,34,0.868855,0.225765,0.4382,0.4275,0;9;36;43;44
28,35,0.009863,0.377156,0.3986,0.2679,4;15;17;24;49
28,36,0.968773,0.378632,0.8312,0.3499,1;5;9;34;44;46
28,37,0.105003,0.925636,0.5313,0.6598,11;13;22;27;38
28,38,0.175731,0.728327,0.1943,0.3795,11;13;16;22;37;39;45
28,39,0.306550,0.821343,0.3348,0.3278,3;11;13;18;38;45
28,40,0.489619,0.528960,0.6904,0.5413,2;7;8;21;26;42
28,41,0.700456,0.865398,0.2740,0.3829,25;47
28,42,0.551542,0.607467,0.8465,0.5858,2;7;8;21;26;40
28,43,0.896570,0.170747,0.7606,0.2213,0;9;34
28,44,0.946510,0.389563,0.4704,0.5706,1;5;9;14;34;36;46
28,45,0.345173,0.741297,0.4906,0.4134,2;3;7;13;18;38;39
28,46,0.968000,0.531682,0.5924,0.3971,1;5;9;14;23;36;44
28,47,0.594617,0.849630,0.3831,0.2031,3;18;25;41
28,48,0.476862,0.127572,0.8122,0.3117,10;19;28;29;31;33
28,49,0.009497,0.513565,0.3836,0.2608,4;16;35
29,0,0.492046,0.084744,0.1380,0.2245,1;36;38;44
29,1,0.514319,0.153711,0.1417,0.6469,0;36;38;43;44;49
29,2,0.123843,0.487412,0.2696,0.4832,3;4;5;7;12;16;28;30;45;48
29,3,0.155630,0.656633,0.8268,0.2605,2;6;25;28;30;31;33;34
29,4,0.226095,0.395359,0.2479,0.7690,2;5;7;9;11;12;14;16;28;30;43;45;47;48;49
29,5,0.299285,0.428341,0.3909,0.3826,2;4;7;9;16;28;30;43;45;47;48;49
29,6,0.182182,0.811544,0.1775,0.2082,3;10;25;31;33;34
29,7,0.108695,0.438572,0.5414,0.7172,2;4;5;12;16;28;30;48
29,8,0.839357,0.161834,0.3650,0.6448,18;29;38;44
29,9,0.353738,0.433960,0.3891,0.6673,4;5;16;28;30;41;43;45;47;48;49
29,10,0.359237,0.870514,0.5231,0.4230,6;17;20;24;26;31;33
29,11,0.198465,0.189567,0.6202,0.3260,4;14;22;23;39;42;47;48
29,12,0.040256,0.394546,0.4072,0.7323,2;4;7;30
29,13,0.743924,0.900998,0.2044,0.6456,17;19;32;35
29,14,0.160313,0.198992,0.1963,0.5519,4;11;22;23;39;42;47;48
29,15,0.479295,0.665243,0.8297,0.5926,17;24;41;46
29,16,0.265800,0.421095,0.2523,0.6228,2;4;5;7;9;28;30;43;45;47;48;49
29,17,0.550124,0.799820,0.8404,0.2449,10;13;15;20;24;46
29,18,0.714321,0.324888,0.5373,0.4057,8;21;27;29;38;44
29,19,0.764393,0.881767,0.6803,0.7938,13;32;35
29,20,0.501859,0.923561,0.2616,0.6325,10;17;24;26
29,21,0.843063,0.388849,0.1350,0.3150,18;27;29
29,22,0.109733,0.107880,0.5404,0.3515,11;14;23;39;42
29,23,0.021152,0.155542,0.8017,0.7121,11;14;22;39;42
29,24,0.500001,0.767385,0.8255,0.7851,10;15;17;20;41;46
29,25,0.236505,0.678310,0.8159,0.4691,3;6;28;30;31;33;34;41
29,26,0.342141,0.976439,0.6739,0.7465,10;20;33
29,27,0.737432,0.434329,0.1542,0.4514,18;21;29
29,28,0.289467,0.485929,0.8451,0.5023,2;3;4;5;7;9;16;25;30;41;43;45;47;48;49
29,29,0.760900,0.247747,0.1175,0.5595,8;18;21;27;38;44
29,30,0.152496,0.511240,0.6574,0.2774,2;3;4;5;7;9;12;16;25;28;34;45;48
29,31,0.249467,0.766728,0.1364,0.5397,3;6;10;25;33;34
29,32,0.864167,0.994257,0.7355,0.6163,13;19;40
29,33,0.247354,0.820609,0.6926,0.4385,3;6;10;25;26;31;34
29,34,0.198412,0.706461,0.6478,0.7222,3;6;25;30;31;33
29,35,0.809952,0.701145,0.8772,0.2993,13;19;37
29,36,0.502334,0.181188,0.7006,0.4305,0;1;38;43;44;47;49
29,37,0.992552,0.591196,0.7235,0.4405,35
29,38,0.634477,0.229384,0.3172,0.3104,0;1;8;18;29;36;44
29,39,0.132296,0.038366,0.2280,0.3307,11;14;22;23;42
29,40,0.990399,0.929098,0.6574,0.7275,32
29,41,0.426303,0.616467,0.7325,0.4733,9;15;24;25;28;45;46
29,42,0.090935,0.050955,0.6662,0.5150,11;14;22;23;39
29,43,0.407297,0.306446,0.3427,0.3322,1;4;5;9;16;28;36;45;47;48;49
29,44,0.633310,0.231428,0.6666,0.5313,0;1;8;18;29;36;38
29,45,0.336178,0.479195,0.2369,0.2274,2;4;5;9;16;28;30;41;43;47;48;49
29,46,0.509864,0.643873,0.2906,0.2235,15;17;24;41
29,47,0.304290,0.269246,0.2185,0.7302,4;5;9;11;14;16;28;36;43;45;48;49
29,48,0.280556,0.351025,0.8418,0.3623,2;4;5;7;9;11;14;16;28;30;43;45;47;49
29,49,0.418074,0.319841,0.7325,0.5854,1;4;5;9;16;28;36;43;45;47;48
30,0,0.249008,0.823410,0.8297,0.2144,7;29
30,1,0.534595,0.001400,0.4417,0.2884,3;25;33;35;43;46
30,2,0.347462,0.605160,0.6243,0.3355,17;24;27;31;37;42;48
30,3,0.369110,0.083246,0.8032,0.4308,1;22;33;36;43;44
30,4,0.705462,0.549275,0.8074,0.6937,5;13;15;20;32;40
30,5,0.722080,0.408343,0.1899,0.3017,4;6;8;13;15;16;20;32;40;41
30,6,0.611482,0.324635,0.1881,0.2610,5;13;20;40;41;46
30,7,0.057263,0.815922,0.8647,0.4144,0;29;37;38;45
30,8,0.823932,0.219280,0.5926,0.2710,5;9;12;13;16;20;21;23;30;39;40;41;46;47;49
30,9,0.965227,0.176735,0.8387,0.7519,8;12;16;21;23;30;39;47;49
30,10,0.971605,0.537389,0.8165,0.5627,32
30,11,0.978762,0.778186,0.2425,0.5183,18;34
30,12,0.780513,0.106443,0.5797,0.6077,8;9;16;21;23;25;30;35;39;41;46;47;49
30,13,0.745770,0.381981,0.2202,0.6004,4;5;6;8;15;16;20;40;41
30,14,0.653825,0.870026,0.3413,0.6905,18;24;31;34
30,15,0.634306,0.550878,0.3787,0.2624,4;5;13;20;31;32;42
30,16,0.816847,0.220639,0.8330,0.5970,5;8;9;12;13;20;21;23;30;39;40;41;46;47;49
30,17,0.268794,0.581664,0.8463,0.6864,2;27;37;42;48
30,18,0.807733,0.752898,0.6690,0.2458,11;14;32;34
30,19,0.155641,0.231723,0.1017,0.7599,22;26;28;36;44
30,20,0.726286,0.368640,0.2189,0.5935,4;5;6;8;13;15;16;40;41
30,21,0.902168,0.093691,0.3562,0.4344,8;9;12;16;23;30;39;47;49
30,22,0.181514,0.185028,0.6771,0.6713,3;19;26;28;36;44
30,23,0.862352,0.188860,0.4827,0.2404,8;9;12;16;21;30;39;40;41;47;49
30,24,0.490518,0.729480,0.5623,0.7758,2;14;27;31;42
30,25,0.647564,0.021047,0.3228,0.2543,1;12;35;41;46;47
30,26,0.162919,0.177734,0.8958,0.3091,19;22;28;36;44
30,27,0.394197,0.607822,0.4080,0.3916,2;17;24;31;42;48
30,28,0.069454,0.072049,0.4391,0.6161,19;22;26;36
30,29,0.245254,0.909131,0.4312,0.6761,0;7
30,30,0.970385,0.100234,0.3668,0.6813,8;9;12;16;21;23;39;47;49
30,31,0.526779,0.726765,0.6232,0.3475,2;14;15;24;27;42
30,32,0.807993,0.603294,0.4349,0.4983,4;5;10;15;18;34
30,33,0.377875,0.020716,0.5270,0.5195,1;3;36;43;44
30,34,0.826562,0.763446,0.7571,0.4308,11;14;18;32
30,35,0.644482,0.043740,0.5648,0.4531,1;12;25;41;46;47;49
30,36,0.248343,0.083596,0.5623,0.6161,3;19;22;26;28;33;43;44
30,37,0.142636,0.627384,0.6986,0.6219,2;7;17;45;48
30,38,0.013497,0.966361,0.2882,0.2017,7
30,39,0.957618,0.106339,0.8951,0.2103,8;9;12;16;21;23;30;47;49
30,40,0.736132,0.338390,0.5467,0.7746,4;5;6;8;13;16;20;23;41
30,41,0.707456,0.202322,0.8367,0.2357,5;6;8;12;13;16;20;23;25;35;40;46;47;49
30,42,0.480425,0.562851,0.3795,0.7093,2;15;17;24;27;31;48
30,43,0.444326,0.163144,0.7934,0.6914,1;3;33;36;44;46
30,44,0.331756,0.154513,0.3358,0.2865,3;19;22;26;33;36;43
30,45,0.055876,0.692041,0.7826,0.7831,7;37
30,46,0.627486,0.123076,0.8304,0.3455,1;6;8;12;16;25;35;41;43;47;49
30,47,0.824925,0.102815,0.7623,0.2335,8;9;12;16;21;23;25;30;35;39;41;46;49
30,48,0.296738,0.511542,0.2102,0.7772,2;17;27;37;42
30,49,0.836483,0.141835,0.6632,0.4265,8;9;12;16;21;23;30;35;39;41;46;47
31,0,0.026347,0.964913,0.5691,0.7112,15;20
31,1,0.371684,0.701402,0.3321,0.2909,24;27;33;36;39
31,2,0.662747,0.073770,0.4705,0.7311,23;28;32;47;48
31,3,0.837437,0.870477,0.1746,0.6311,8;11;16;44;45
31,4,0.030186,0.365244,0.8075,0.6845,7;22;37;40;46
31,5,0.078993,0.077065,0.6234,0.6613,7;22;30;37
31,6,0.569183,0.813711,0.2288,0.7782,8;16;17;21;25;36;39;44
31,7,0.149717,0.182425,0.5130,0.6372,4;5;12;22;30;37;40
31,8,0.743558,0.748107,0.6211,0.7581,3;6;11;16;17;25;29;39;44
31,9,0.698564,0.299508,0.3731,0.6712,14;19;23;26;28;35;47;48;49
31,10,0.411522,0.337337,0.3712,0.4162,42;43;49
31,11,0.781397,0.695247,0.7848,0.4585,3;8;14;16;29;44;45
31,12,0.286769,0.155887,0.8125,0.6645,7;22;30;42;43
31,13,0.881157,0.032119,0.4101,0.3253,28;32;41;47;48
31,14,0.751133,0.503295,0.5883,0.2450,9;11;18;19;26;29;35;49
31,15,0.010868,0.832680,0.2219,0.5767,0;20;24
31,16,0.679904,0.875977,0.4980,0.6828,3;6;8;11;17;21;25;39;44
31,17,0.554156,0.829518,0.2141,0.7223,6;8;16;21;25;36;39
31,18,0.919150,0.501872,0.5377,0.7814,14;26;29;38;45
31,19,0.709353,0.423670,0.7252,0.2523,9;14;26;35;49
31,20,0.156801,0.973122,0.1753,0.3882,0;15
31,21,0.521501,0.977926,0.8472,0.2969,6;16;17;25;39
31,22,0.125133,0.211864,0.3241,0.4180,4;5;7;12;30;37;40;46
31,23,0.619044,0.218906,0.1714,0.3075,2;9;28;35;47;48;49
31,24,0.183694,0.745996,0.7176,0.3548,1;15;27;31;34
31,25,0.559294,0.841713,0.4786,0.3536,6;8;16;17;21;36;39
31,26,0.816559,0.468436,0.8013,0.5902,9;14;18;19;29;35;38
31,27,0.313190,0.641891,0.2124,0.2744,1;24;33
31,28,0.827254,0.164824,0.5550,0.2238,2;9;13;23;32;35;41;47;48
31,29,0.803339,0.646647,0.7872,0.4406,8;11;14;18;26;38;44;45
31,30,0.194731,0.108401,0.7856,0.7503,5;7;12;22
31,31,0.077809,0.603190,0.2032,0.4200,24;33;34;46
31,32,0.846609,0.028049,0.7759,0.7712,2;13;28;41;47;48
31,33,0.282207,0.541568,0.3989,0.6093,1;27;31
31,34,0.065319,0.597111,0.5048,0.3577,24;31;46
31,35,0.756521,0.309120,0.8004,0.6095,9;14;19;23;26;28;47;48;49
31,36,0.551691,0.638389,0.5965,0.5863,1;6;17;25;39;44
31,37,0.032367,0.269168,0.6928,0.3469,4;5;7;22;40;46
31,38,0.976663,0.564797,0.7570,0.2048,18;26;29;45
31,39,0.563739,0.790226,0.7824,0.3744,1;6;8;16;17;21;25;36;44
31,40,0.045681,0.314580,0.2266,0.4396,4;7;22;37;46
31,41,0.943509,0.008479,0.1584,0.4329,13;28;32;48
31,42,0.356649,0.282402,0.4698,0.2561,10;12;43
31,43,0.398136,0.194884,0.4727,0.5855,10;12;42
31,44,0.751842,0.725688,0.8201,0.4789,3;6;8;11;16;29;36;39
31,45,0.973851,0.702657,0.1687,0.6391,3;11;18;29;38
31,46,0.097380,0.407287,0.8340,0.7535,4;22;31;34;37;40
31,47,0.741451,0.101003,0.7146,0.3197,2;9;13;23;28;32;35;48
31,48,0.807494,0.150187,0.3630,0.3904,2;9;13;23;28;32;35;41;47
31,49,0.587176,0.382112,0.8972,0.4918,9;10;14;19;23;35
32,0,0.594892,0.542763,0.5283,0.3472,2;7;10;13;27;35;37;42;47
32,1,0.381563,0.845092,0.7240,0.6716,8;20;21;23;29;34;40
32,2,0.688551,0.437494,0.7163,0.5956,0;7;22;27;35;39
32,3,0.283248,0.620376,0.3200,0.7610,6;10;14;21;30;42;47
32,4,0.925136,0.856997,0.6020,0.5830,5;17;26;28;31;38
32,5,0.995363,0.805940,0.5635,0.2621,4;17;26;28;31;38
32,6,0.103812,0.649625,0.4673,0.5575,3;14;30;36
32,7,0.616260,0.411280,0.1857,0.3695,0;2;13;22;27;35;39
32,8,0.496405,0.751727,0.8157,0.2557,1;10;37;40;42;47
32,9,0.927229,0.099702,0.4954,0.4168,18;46;49
32,10,0.444103,0.581234,0.7707,0.4345,0;3;8;13;35;37;42;47
32,11,0.032636,0.289904,0.4928,0.2132,25;45
32,12,0.420641,0.222879,0.1589,0.7755,13;19;24;27;32;39;48
32,13,0.454630,0.381080,0.1611,0.6124,0;7;10;12;19;27;35;39;48
32,14,0.195560,0.469574,0.4002,0.3882,3;6;25;30;45
32,15,0.124441,0.967616,0.8266,0.6851,20;21;23;29;34;36
32,16,0.914029,0.412935,0.2438,0.2061,22;49
32,17,0.820418,0.703835,0.2429,0.5404,4;5;26;31;38
32,18,0.741153,0.007605,0.5853,0.2189,9;32;43;46
32,19,0.374644,0.223937,0.8807,0.7962,12;13;24;41;48
32,20,0.283604,0.879607,0.4871,0.5684,1;15;21;23;29;34;36
32,21,0.264499,0.838484,0.5372,0.2950,1;3;15;20;23;29;30;34;36
32,22,0.795138,0.414717,0.6934,0.7559,2;7;16;27;49
32,23,0.241554,0.900187,0.2543,0.2177,1;15;20;21;29;34;36
32,24,0.414557,0.015530,0.1184,0.5070,12;19;32;43
32,25,0.153375,0.374406,0.2219,0.7201,11;14;45
32,26,0.816707,0.820034,0.1918,0.3302,4;5;17;31;38;44
32,27,0.599946,0.335090,0.3620,0.3319,0;2;7;12;13;22;32;35;39
32,28,0.959161,0.992829,0.6822,0.7639,4;5
32,29,0.241831,0.973490,0.3141,0.4889,1;15;20;21;23;34
32,30,0.192660,0.644434,0.8626,0.4091,3;6;14;21;36
32,31,0.828550,0.801332,0.5412,0.3766,4;5;17;26;38;44
32,32,0.577854,0.128870,0.6962,0.4975,12;18;24;27;39;43;46
32,33,0.636273,0.977356,0.5101,0.4400,38;40;44
32,34,0.173717,0.904171,0.2544,0.3038,1;15;20;21;23;29;36
32,35,0.517277,0.437402,0.6496,0.7324,0;2;7;10;13;27;37;39;42;47
32,36,0.099578,0.801172,0.3249,0.4357,6;15;20;21;23;30;34
32,37,0.504257,0.631441,0.5669,0.6599,0;8;10;35;42;47
32,38,0.784281,0.843031,0.3493,0.6765,4;5;17;26;31;33;44
32,39,0.627318,0.260230,0.8630,0.4927,2;7;12;13;27;32;35;46
32,40,0.552906,0.948700,0.8063,0.4542,1;8;33;44
32,41,0.203763,0.093265,0.6977,0.6895,19;48
32,42,0.437421,0.628894,0.5983,0.5644,0;3;8;10;35;37;47
32,43,0.593288,0.027818,0.4435,0.5403,18;24;32;46
32,44,0.707576,0.920594,0.3992,0.5796,26;31;33;38;40
32,45,0.078773,0.382405,0.1514,0.3003,11;14;25
32,46,0.742340,0.130548,0.1270,0.5068,9;18;32;39;43
32,47,0.453706,0.631502,0.5695,0.3761,0;3;8;10;35;37;42
32,48,0.358121,0.239722,0.7613,0.5871,12;13;19;41
32,49,0.897909,0.296923,0.8721,0.4114,9;16;22
33,0,0.753035,0.887798,0.5771,0.6403,4;8;9;16;26;35;40
33,1,0.965836,0.413294,0.1754,0.5019,19;21;47
33,2,0.446780,0.122373,0.6604,0.4861,7;23;25;33;34;36;49
33,3,0.527589,0.577885,0.3443,0.7440,9;15;29;35;37;38;39
33,4,0.661269,0.976349,0.2909,0.3891,0;8;40
33,5,0.321911,0.730865,0.1556,0.3124,24;27;30;37;39;44;48
33,6,0.225831,0.263812,0.8199,0.2851,7;10;12;14;17;23;31;34;36;41;42;49
33,7,0.296234,0.082794,0.1102,0.4848,2;6;10;23;28;33;34;41;49
33,8,0.558515,0.872872,0.3672,0.3065,0;4;9;35;40
33,9,0.659481,0.735268,0.3111,0.2462,0;3;8;15;16;26;35
33,10,0.205891,0.078017,0.6434,0.7119,6;7;14;23;28;34;41;43
33,11,0.971765,0.060267,0.5752,0.7817,13;19
33,12,0.013128,0.216135,0.5665,0.4930,6;14;42;43
33,13,0.818511,0.187917,0.2980,0.2656,11;19;22;25;47
33,14,0.104535,0.208661,0.7551,0.5404,6;10;12;23;28;34;41;42;43
33,15,0.590523,0.527645,0.8923,0.7012,3;9;29;35;37;38;39;45
33,16,0.858459,0.760488,0.5202,0.3004,0;9;26;35
33,17,0.311825,0.454022,0.2173,0.2563,6;18;32;36;37;44;49
33,18,0.153999,0.504511,0.3437,0.6417,17;31;32;44
33,19,0.914125,0.218785,0.4621,0.6409,1;11;13;22;47
33,20,0.363644,0.975065,0.8918,0.3544,24;27;30
33,21,0.867859,0.513464,0.4892,0.4186,1;29;45
33,22,0.780021,0.187953,0.1108,0.4116,13;19;25;45;47
33,23,0.277838,0.164196,0.6681,0.7348,2;6;7;10;14;28;34;36;41;49
33,24,0.307147,0.869831,0.7196,0.7142,5;20;27;30;48
33,25,0.648383,0.147290,0.8217,0.5574,2;13;22;33
33,26,0.876196,0.745026,0.1902,0.6115,0;9;16
33,27,0.240562,0.894098,0.6826,0.2124,5;20;24;30;46;48
33,28,0.187030,0.028586,0.8829,0.7138,7;10;14;23;34;41;43
33,29,0.661886,0.452641,0.6275,0.2850,3;15;21;38;45
33,30,0.265579,0.926928,0.4983,0.3466,5;20;24;27;48
33,31,0.084067,0.431474,0.6928,0.7840,6;18;32;42
33,32,0.150620,0.502190,0.3875,0.6466,17;18;31;44
33,33,0.507927,0.053157,0.2551,0.7729,2;7;25
33,34,0.272589,0.097813,0.6110,0.7793,2;6;7;10;14;23;28;41;43;49
33,35,0.648622,0.732002,0.8017,0.6073,0;3;8;9;15;16
33,36,0.422588,0.294006,0.8194,0.4696,2;6;17;23;49
33,37,0.402692,0.594049,0.8666,0.5161,3;5;15;17;38;39;44
33,38,0.529563,0.493616,0.3122,0.6074,3;15;29;37;39;45
33,39,0.433565,0.681161,0.8104,0.4346,3;5;15;37;38;44
33,40,0.646345,0.958972,0.4338,0.7964,0;4;8
33,41,0.219580,0.053138,0.3475,0.2247,6;7;10;14;23;28;34;43
33,42,0.035688,0.266178,0.5161,0.4060,6;12;14;31;43
33,43,0.065847,0.101032,0.5899,0.4601,10;12;14;28;34;41;42
33,44,0.226465,0.620221,0.4640,0.7809,5;17;18;32;37;39;46;48
33,45,0.715823,0.391908,0.7339,0.3730,15;21;22;29;38;47
33,46,0.101304,0.733924,0.8756,0.4994,27;44;48
33,47,0.879528,0.268267,0.6484,0.4798,1;13;19;22;45
33,48,0.205705,0.785728,0.2202,0.7800,5;24;27;30;44;46
33,49,0.347633,0.287993,0.5990,0.5986,2;6;7;17;23;34;36
34,0,0.303646,0.288260,0.6405,0.7114,4;6;13;16;17;22;29;43;44;49
34,1,0.799785,0.015592,0.3407,0.3865,3;5;20
34,2,0.040953,0.283017,0.8913,0.2039,12;16;26;43;47
34,3,0.593072,0.053193,0.4880,0.6127,1;5;20;30;38;40;49
34,4,0.305822,0.430323,0.1918,0.2000,0;6;11;13;17;19;21;26;29;34;35;44
34,5,0.660253,0.000642,0.5830,0.2726,1;3;20;40
34,6,0.251433,0.350218,0.1775,0.3226,0;4;12;16;17;26;29;34;43
34,7,0.283266,0.859011,0.4790,0.6996,10;15;27;32;48
34,8,0.665326,0.768885,0.4551,0.2334,14;18;23;31;39;46
34,9,0.155037,0.086003,0.1974,0.4427,12;16;22;43;47
34,10,0.270669,0.995914,0.8862,0.6922,7;15;27
34,11,0.196727,0.585225,0.7734,0.5280,4;19;21;26;34;35;45;48
34,12,0.080718,0.218858,0.7573,0.6088,2;6;9;16;43;47
34,13,0.473178,0.354632,0.7875,0.5703,0;4;17;24;29;33;36;42;44;49
34,14,0.811709,0.637045,0.4459,0.5817,8;25;28;46
34,15,0.422563,0.966907,0.2478,0.6911,7;10;27;31;32
34,16,0.098139,0.261261,0.6260,0.3025,0;2;6;9;12;17;26;43;47
34,17,0.302023,0.310736,0.6933,0.5280,0;4;6;13;16;26;29;34;43;44;49
34,18,0.563908,0.678923,0.4809,0.3740,8;23;32;46
34,19,0.322480,0.578167,0.6340,0.7755,4;11;21;29;32;34;35
34,20,0.683321,0.199507,0.4944,0.6006,1;3;5;33;36;37;42;49
34,21,0.135691,0.554284,0.4130,0.6186,4;11;19;26;34;35;45;48
34,22,0.301062,0.085598,0.1859,0.4501,0;9;30;38;40
34,23,0.566665,0.628319,0.4399,0.2168,8;18;28;32;46
34,24,0.545831,0.375966,0.4657,0.5385,13;28;29;33;36;37;42;44;49
34,25,0.875921,0.436893,0.1088,0.3817,14;28;37
34,26,0.138610,0.441901,0.6161,0.7359,2;4;6;11;16;17;21;34;35;43
34,27,0.313260,0.934880,0.5959,0.2256,7;10;15;32
34,28,0.712599,0.468379,0.8256,0.7777,14;23;24;25;33;37;42
34,29,0.427669,0.420506,0.4743,0.6338,0;4;6;13;17;19;24;34;36;44;49
34,30,0.410259,0.027673,0.3215,0.7891,3;22;38;40;49
34,31,0.558909,0.957492,0.3862,0.7135,8;15
34,32,0.420919,0.755856,0.5026,0.4093,7;15;18;19;23;27
34,33,0.615209,0.302390,0.6650,0.4344,13;20;24;28;36;37;42;44;49
34,34,0.242646,0.512207,0.1502,0.5936,4;6;11;17;19;21;26;29;35
34,35,0.127275,0.543270,0.3815,0.6315,4;11;19;21;26;34;45;48
34,36,0.565575,0.293343,0.3714,0.6291,13;20;24;29;33;37;42;44;49
34,37,0.755335,0.392659,0.7294,0.3670,20;24;25;28;33;36;42
34,38,0.402942,0.005953,0.7101,0.3818,3;22;30;40
34,39,0.807481,0.874911,0.4151,0.7497,8;46
34,40,0.460221,0.054346,0.6161,0.4259,3;5;22;30;38;49
34,41,0.054693,0.829894,0.4774,0.5954,45;48
34,42,0.649880,0.333483,0.5608,0.7564,13;20;24;28;33;36;37;44;49
34,43,0.097399,0.290577,0.7203,0.5153,0;2;6;9;12;16;17;26;47
34,44,0.481468,0.331308,0.2035,0.3944,0;4;13;17;24;29;33;36;42;49
34,45,0.060865,0.740473,0.8642,0.4089,11;21;35;41;48
34,46,0.674413,0.739363,0.5940,0.4423,8;14;18;23;39
34,47,0.053020,0.205064,0.1359,0.7112,2;9;12;16;43
34,48,0.144152,0.740424,0.2273,0.2579,7;11;21;35;41;45
34,49,0.495305,0.223544,0.1850,0.7605,0;3;13;17;20;24;29;30;33;36;40;42;44
35,0,0.476413,0.759909,0.8584,0.7426,10;17;24;26;38;42;45
35,1,0.981328,0.808555,0.6625,0.6593,4;9;19;23;34
35,2,0.732647,0.236617,0.1283,0.7886,3;6;7;12;16;18;27;41
35,3,0.899794,0.173998,0.8599,0.5589,2;7;16;37;41
35,4,0.892473,0.755814,0.5899,0.2484,1;8;9;19;23;34
35,5,0.420056,0.064370,0.5411,0.7680,6;12;14;21;27;29;31;33;40;43;44;49
35,6,0.611904,0.114474,0.3164,0.2250,2;5;12;16;18;21;27;41
35,7,0.846802,0.072882,0.1285,0.5046,2;3;16;37;41
35,8,0.763352,0.606533,0.6203,0.4589,4;17;23;39
35,9,0.840679,0.923551,0.3427,0.7099,1;4;19;34;47;48
35,10,0.321159,0.698726,0.8772,0.2129,0;15;22;26;32;35;45
35,11,0.377629,0.988871,0.1443,0.6642,24;42
35,12,0.573780,0.199734,0.7491,0.5205,2;5;6;18;21;27;41
35,13,0.252495,0.437515,0.7882,0.6092,20;26;28;32;44;46
35,14,0.286089,0.201193,0.6903,0.5315,5;20;29;31;33;40;43;44;49
35,15,0.162090,0.813838,0.1417,0.6594,10;22;30;35;36;45
35,16,0.808672,0.192296,0.6564,0.4578,2;3;6;7;18;37;41
35,17,0.582108,0.629116,0.4415,0.2827,0;8;25
35,18,0.668658,0.203540,0.4504,0.7383,2;6;12;16;21;27;41
35,19,0.810009,0.893291,0.8860,0.4206,1;4;9;34;47;48
35,20,0.359561,0.408027,0.2549,0.4619,13;14;26;33;44
35,21,0.546581,0.071965,0.1463,0.3392,5;6;12;18;27;29;40;41
35,22,0.185304,0.729977,0.5709,0.3363,10;15;26;30;32;35;36;45;46
35,23,0.910989,0.642232,0.6980,0.7330,1;4;8;39
35,24,0.496175,0.832403,0.7345,0.5408,0;11;38;42;45;48
35,25,0.570370,0.473733,0.8928,0.2089,17
35,26,0.352106,0.618479,0.6759,0.6876,0;10;13;20;22;32;35;45
35,27,0.558697,0.137874,0.1613,0.2760,2;5;6;12;18;21;29;40;41
35,28,0.067155,0.427512,0.2445,0.2262,13;46
35,29,0.376118,0.070868,0.3797,0.5931,5;14;21;27;31;33;40;43;44;49
35,30,0.078144,0.782387,0.2954,0.3754,15;22;35;36
35,31,0.298227,0.117927,0.5849,0.4872,5;14;29;33;40;43;44;49
35,32,0.230574,0.601490,0.1979,0.2461,10;13;22;26;35;45;46
35,33,0.330920,0.224021,0.3002,0.5262,5;14;20;29;31;40;43;44;49
35,34,0.940618,0.922273,0.4959,0.6411,1;4;9;19;47
35,35,0.251382,0.703273,0.3856,0.7491,10;15;22;26;30;32;45;46
35,36,0.067953,0.871473,0.2762,0.6279,15;22;30
35,37,0.968115,0.074777,0.8531,0.6681,3;7;16
35,38,0.575356,0.853195,0.3341,0.5922,0;24;42;47;48
35,39,0.931809,0.500047,0.5215,0.3605,8;23
35,40,0.399220,0.056648,0.6582,0.5021,5;14;21;27;29;31;33;43;44;49
35,41,0.697518,0.110874,0.1432,0.7403,2;3;6;7;12;16;18;21;27
35,42,0.470979,0.917391,0.6644,0.5731,0;11;24;38;45;48
35,43,0.263053,0.029978,0.3238,0.3221,5;14;29;31;33;40;49
35,44,0.338045,0.260881,0.2097,0.7856,5;13;14;20;29;31;33;40;49
35,45,0.334541,0.764736,0.2844,0.6451,0;10;15;22;24;26;32;35;42
35,46,0.139289,0.547087,0.2686,0.4234,13;22;28;32;35
35,47,0.733873,0.924174,0.7531,0.2852,9;19;34;38;48
35,48,0.663336,0.878270,0.8823,0.6190,9;19;24;38;42;47
35,49,0.235617,0.072912,0.6199,0.4723,5;14;29;31;33;40;43;44
36,0,0.114239,0.498907,0.3072,0.3545,7;8;10;27;32;34;39;43;44;46
36,1,0.033756,0.277967,0.6427,0.7145,3;6;7;8;17;45
36,2,0.384177,0.827179,0.3827,0.6310,13;14;18;23;41;42
36,3,0.084493,0.279092,0.5805,0.4098,1;6;7;8;17;34;45
36,4,0.609748,0.495357,0.1620,0.4663,9;15;21;29;35
36,5,0.862773,0.384663,0.5088,0.3422,20;36;37;47
36,6,0.044416,0.205730,0.3606,0.4228,1;3;8;17;45
36,7,0.184427,0.431085,0.7582,0.4496,0;1;3;8;27;28;32;33;34;39;43;44
36,8,0.052260,0.305148,0.6135,0.7255,0;1;3;6;7;17;34;45
36,9,0.541549,0.347805,0.2145,0.3959,4;15;22;28;29;35
36,10,0.025992,0.608739,0.7305,0.4010,0;25;32;34;41;43;44;46;48;49
36,11,0.893169,0.922699,0.4265,0.5912,12
36,12,0.907450,0.810244,0.4765,0.7841,11;16
36,13,0.590959,0.757252,0.5975,0.2962,2;16;18;19;21;23;30
36,14,0.340944,0.829239,0.1357,0.7582,2;18;23;41;42
36,15,0.434076,0.427549,0.8295,0.2153,4;9;21;27;28;29;33;35
36,16,0.729226,0.735414,0.5872,0.6848,12;13;19;30;31;47
36,17,0.057119,0.109210,0.5086,0.6685,1;3;6;8;45
36,18,0.388111,0.721297,0.5065,0.5489,2;13;14;23;39;41;42
36,19,0.677970,0.858514,0.3752,0.3289,13;16;30
36,20,0.937976,0.463503,0.7646,0.2196,5;31;36;47
36,21,0.572603,0.568303,0.6810,0.4287,4;13;15;29;35
36,22,0.518913,0.162549,0.8983,0.2471,9
36,23,0.381291,0.745634,0.1618,0.7613,2;13;14;18;39;41;42
36,24,0.924661,0.131873,0.2797,0.5021,26;37
36,25,0.015183,0.799589,0.5596,0.5289,10;38;41;43;46;48;49
36,26,0.950967,0.085537,0.4345,0.6398,24;37
36,27,0.249933,0.542805,0.7781,0.5167,0;7;15;28;32;34;35;39;43;44
36,28,0.337532,0.394601,0.1411,0.4834,7;9;15;27;33;34;35
36,29,0.615547,0.361695,0.5196,0.4646,4;9;15;21;35
36,30,0.659230,0.782426,0.3153,0.7016,13;16;19
36,31,0.810259,0.607999,0.3345,0.3464,16;20;36;47
36,32,0.124306,0.568441,0.2945,0.6606,0;7;10;27;34;39;41;43;44;46;48;49
36,33,0.320989,0.264518,0.3896,0.4735,7;15;28;40
36,34,0.178784,0.462724,0.6986,0.2693,0;3;7;8;10;27;28;32;39;43;44
36,35,0.439909,0.466440,0.2928,0.6397,4;9;15;21;27;28;29;39
36,36,0.965885,0.480208,0.8042,0.4171,5;20;31;47
36,37,0.844325,0.217842,0.3816,0.5034,5;24;26
36,38,0.058585,0.938834,0.8317,0.5920,25;41
36,39,0.276446,0.610329,0.5842,0.4694,0;7;18;23;27;32;34;35;41;43;44
36,40,0.314027,0.064043,0.4351,0.5416,33
36,41,0.179804,0.765977,0.7614,0.2752,2;10;14;18;23;25;32;38;39;42;43;44;46;48;49
36,42,0.276144,0.869055,0.5301,0.6659,2;14;18;23;41
36,43,0.127222,0.630338,0.4261,0.5509,0;7;10;25;27;32;34;39;41;44;46;48;49
36,44,0.146902,0.617949,0.2105,0.3562,0;7;10;27;32;34;39;41;43;46;48;49
36,45,0.049580,0.114447,0.3295,0.3883,1;3;6;8;17
36,46,0.038502,0.684441,0.1652,0.4526,0;10;25;32;41;43;44;48;49
36,47,0.860570,0.579891,0.8866,0.5456,5;16;20;31;36
36,48,0.041956,0.717358,0.6061,0.6636,10;25;32;41;43;44;46;49
36,49,0.060813,0.714550,0.8199,0.7258,10;25;32;41;43;44;46;48
37,0,0.870913,0.131648,0.4742,0.2189,7;12;14;18;26;28;30;31;37;41;48;49
37,1,0.419573,0.845803,0.1922,0.5950,4;9;10;11;39;40;47
37,2,0.056048,0.637478,0.2491,0.2839,5;6;16;17;23;24;32;46
37,3,0.062325,0.097475,0.5695,0.4234,33
37,4,0.544083,0.983403,0.4023,0.5530,1;8;9;10;11;47
37,5,0.194182,0.614004,0.1271,0.6208,2;16;17;20;23;24;32;39;46
37,6,0.016674,0.837274,0.6036,0.7216,2;17;23;32;35
37,7,0.848230,0.316480,0.1063,0.4528,0;13;26;28;30;31;37;42;44;49
37,8,0.709309,0.905725,0.3678,0.5887,4;9;10;45;47
37,9,0.586847,0.944301,0.1802,0.7479,1;4;8;10;11;47
37,10,0.516340,0.940545,0.3450,0.4801,1;4;8;9;11;47
37,11,0.403173,0.837717,0.2489,0.2130,1;4;9;10;35;39;40;47
37,12,0.669641,0.064955,0.7474,0.4739,0;14;18;22;26;28;31;37;41;43;48;49
37,13,0.825048,0.501526,0.5608,0.4610,7;21;29;42;44
37,14,0.728957,0.083969,0.4195,0.7005,0;12;18;26;28;30;31;37;41;48;49
37,15,0.443399,0.275525,0.3021,0.4239,19;22;27;34;43
37,16,0.198683,0.505466,0.3703,0.6071,2;5;19;20;24;36;39;46
37,17,0.172968,0.746828,0.3401,0.7825,2;5;6;23;24;32;35;39;46
37,18,0.837860,0.003224,0.8019,0.6579,0;12;14;26;30;31;41;48
37,19,0.273763,0.350685,0.8207,0.5042,15;16;34;36
37,20,0.341452,0.568173,0.4368,0.6644,5;16;24;38;39;40;46
37,21,0.696292,0.566189,0.8632,0.4405,13;29;38;44
37,22,0.463005,0.116262,0.1228,0.5073,12;15;27;34;43
37,23,0.090562,0.729550,0.8379,0.7320,2;5;6;17;24;32;35;46
37,24,0.185659,0.591149,0.8722,0.7657,2;5;16;17;20;23;32;39;46
37,25,0.965766,0.766723,0.2588,0.7835,29;45
37,26,0.788737,0.217526,0.7015,0.2779,0;7;12;14;18;28;30;31;37;41;42;44;48;49
37,27,0.374530,0.081275,0.3665,0.7759,15;22;33;34;43
37,28,0.724277,0.246732,0.8763,0.3856,0;7;12;14;26;30;31;37;42;43;44;48;49
37,29,0.837308,0.642317,0.7127,0.6809,13;21;25;45
37,30,0.901479,0.191086,0.4670,0.2992,0;7;14;18;26;28;31;37;41;42;48;49
37,31,0.755833,0.132735,0.1007,0.2885,0;7;12;14;18;26;28;30;37;41;48;49
37,32,0.053335,0.705914,0.8064,0.3808,2;5;6;17;23;24;46
37,33,0.178004,0.140426,0.1643,0.3417,3;27;34;36
37,34,0.315541,0.225960,0.2627,0.2541,15;19;22;27;33;36
37,35,0.188245,0.883569,0.2958,0.6108,6;11;17;23;46
37,36,0.177112,0.294932,0.7765,0.4246,16;19;33;34
37,37,0.697558,0.264545,0.4819,0.4068,0;7;12;14;26;28;30;31;42;43;44;48;49
37,38,0.489886,0.578696,0.4766,0.6121,20;21;39;40
37,39,0.348859,0.641826,0.6590,0.7477,1;5;11;16;17;20;24;38;40;46
37,40,0.449673,0.631026,0.6347,0.6988,1;11;20;38;39;47
37,41,0.831730,0.036731,0.6650,0.6578,0;12;14;18;26;30;31;48
37,42,0.834724,0.385681,0.1767,0.2771,7;13;26;28;30;37;44;49
37,43,0.537949,0.210663,0.7104,0.2801,12;15;22;27;28;37;44
37,44,0.702187,0.346922,0.7186,0.7388,7;13;21;26;28;37;42;43;49
37,45,0.810908,0.796271,0.7558,0.6382,8;25;29
37,46,0.207447,0.699654,0.4397,0.4363,2;5;16;17;20;23;24;32;35;39
37,47,0.503765,0.829858,0.1573,0.4930,1;4;8;9;10;11;40
37,48,0.794295,0.090758,0.6923,0.5519,0;12;14;18;26;28;30;31;37;41;49
37,49,0.773409,0.258214,0.2774,0.5651,0;7;12;14;26;28;30;31;37;42;44;48
38,0,0.767844,0.369133,0.3982,0.2881,16;18;19;40;44;46;48
38,1,0.339851,0.823238,0.8815,0.5827,6;8;20;28;36;39;45
38,2,0.610567,0.751684,0.8056,0.4291,11;21;30
38,3,0.914586,0.645577,0.8842,0.2473,14;30;34;47;48
38,4,0.138080,0.187971,0.8420,0.6496,15;32;35;42
38,5,0.211232,0.435401,0.4380,0.2134,20;35
38,6,0.339587,0.654045,0.8603,0.3541,1;8;17;20;36;39
38,7,0.425711,0.284964,0.6223,0.7298,10;12;16;17;22;23;24;26;29;32;33;35;37;40;49
38,8,0.386816,0.821275,0.7695,0.4601,1;6;21;28;36;39;45
38,9,0.034827,0.958513,0.1931,0.3150,41
38,10,0.421737,0.163543,0.3088,0.3819,7;12;22;23;29;31;32;33;37;38;42;49
38,11,0.682340,0.834232,0.5112,0.7125,2;14;21;25;30;47
38,12,0.464923,0.082640,0.2950,0.6794,7;10;29;31;32;37;38;42;49
38,13,0.686066,0.101405,0.3994,0.4838,19;27;29;37;46
38,14,0.862466,0.803550,0.7086,0.4622,3;11;25;30;34;47
38,15,0.012224,0.319026,0.6975,0.6670,4
38,16,0.574682,0.383990,0.3215,0.6029,0;7;17;19;22;23;24;26;29;33;37;40;44;46;48
38,17,0.454692,0.486139,0.5837,0.7458,6;7;16;22;23;24;26;33;39;40;44
38,18,0.959921,0.401703,0.6426,0.3636,0;19
38,19,0.771360,0.302955,0.4257,0.2112,0;13;16;18;27;29;40;44;46
38,20,0.258649,0.634117,0.4315,0.2779,1;5;6;36;39;43
38,21,0.603636,0.802418,0.3136,0.5594,2;8;11
38,22,0.450270,0.372825,0.8807,0.3909,7;10;16;17;23;24;26;33;35;37;40;44
38,23,0.473547,0.335064,0.2771,0.2108,7;10;16;17;22;24;26;29;33;37;40;44
38,24,0.535024,0.364862,0.3597,0.2382,7;16;17;22;23;26;29;33;37;40;44;46
38,25,0.785495,0.980735,0.3303,0.6272,11;14;47
38,26,0.531712,0.383472,0.7616,0.5527,7;16;17;22;23;24;29;33;37;40;44;46
38,27,0.674719,0.150387,0.6078,0.3973,13;19;29;37;46
38,28,0.337116,0.934177,0.4112,0.7579,1;8;36;45
38,29,0.590153,0.197613,0.1101,0.4044,7;10;12;13;16;19;23;24;26;27;31;33;37;40;46;49
38,30,0.812835,0.727629,0.3771,0.4666,2;3;11;14;34;47;48
38,31,0.454989,0.048544,0.4696,0.6455,10;12;29;32;37;38;42;49
38,32,0.281714,0.121551,0.2685,0.6186,4;7;10;12;31;35;38;42;49
38,33,0.489621,0.367104,0.6384,0.3534,7;10;16;17;22;23;24;26;29;37;40;44
38,34,0.889166,0.686388,0.1258,0.7114,3;14;30;47
38,35,0.252327,0.337462,0.8742,0.5788,4;5;7;22;32
38,36,0.296144,0.819169,0.5491,0.4072,1;6;8;20;28;39;45
38,37,0.542748,0.178728,0.2660,0.7909,7;10;12;13;16;22;23;24;26;27;29;31;33;40;46;49
38,38,0.356885,0.017519,0.3954,0.3751,10;12;31;32;42;49
38,39,0.324633,0.635983,0.3523,0.6047,1;6;8;17;20;36
38,40,0.595779,0.357244,0.1237,0.5749,0;7;16;17;19;22;23;24;26;29;33;37;44;46;48
38,41,0.036612,0.738680,0.2334,0.4110,9;43
38,42,0.248627,0.084047,0.4452,0.7975,4;10;12;31;32;38;49
38,43,0.094573,0.726787,0.1187,0.7840,20;41
38,44,0.632920,0.431101,0.5452,0.4945,0;16;17;19;22;23;24;26;33;40;46;48
38,45,0.274696,0.971853,0.2878,0.7527,1;8;28;36
38,46,0.688992,0.244101,0.2054,0.5643,0;13;16;19;24;26;27;29;37;40;44
38,47,0.825571,0.834918,0.7797,0.2582,3;11;14;25;30;34
38,48,0.732688,0.523559,0.2746,0.7953,0;3;16;30;40;44
38,49,0.458420,0.076536,0.5566,0.3072,7;10;12;29;31;32;37;38;42
39,0,0.716625,0.511560,0.5534,0.3488,1;13;19;21;32;39;47
39,1,0.649630,0.428589,0.3049,0.6437,0;13;19;39;47
39,2,0.124057,0.145984,0.6518,0.5905,11;15;22;24;29;37
39,3,0.262499,0.825229,0.2961,0.6138,6;9;12;26;30;34;40;44
39,4,0.753578,0.111784,0.4649,0.2241,7;18
39,5,0.168953,0.412893,0.5873,0.5312,11;15;16;22;25;29;31;33;36;37
39,6,0.339835,0.912975,0.1731,0.3140,3;12;26;30;34;40
39,7,0.795553,0.210085,0.7646,0.2382,4;18;39
39,8,0.097126,0.642036,0.8225,0.5135,25;26;30;33;44
39,9,0.074070,0.899195,0.1487,0.3366,3;30;34;35
39,10,0.491577,0.244728,0.5685,0.5488,17;20;31;36;39;43;45
39,11,0.260000,0.295292,0.4714,0.5222,2;5;15;16;17;20;22;29;31;36;37
39,12,0.444672,0.787374,0.7251,0.3913,3;6;14;23;26;28;40
39,13,0.699562,0.568231,0.6071,0.3179,0;1;14;19;21;32;39;47
39,14,0.594428,0.761323,0.1931,0.2500,12;13;21;38;40;48
39,15,0.148024,0.288430,0.2579,0.5254,2;5;11;16;17;22;24;29;31;36;37
39,16,0.221022,0.370851,0.2720,0.4923,5;11;15;17;22;29;31;33;36;37
39,17,0.362724,0.291218,0.5555,0.5490,10;11;15;16;20;22;29;31;36;37;43;45
39,18,0.944792,0.158302,0.7889,0.2669,4;7;49
39,19,0.633895,0.475285,0.8092,0.6664,0;1;13;39;47
39,20,0.439862,0.294880,0.2558,0.6835,10;11;17;31;36;37;39;43;45
39,21,0.743733,0.695083,0.5915,0.4738,0;13;14;38;41;42;48
39,22,0.146526,0.292333,0.1004,0.6527,2;5;11;15;16;17;24;29;31;36;37
39,23,0.384227,0.636762,0.5811,0.4956,12;25;26;28;44;47
39,24,0.028005,0.211662,0.2412,0.5044,2;15;22;29;37
39,25,0.302957,0.584235,0.5114,0.7709,5;8;23;26;28;31;33;44
39,26,0.259421,0.721139,0.3397,0.7204,3;6;8;12;23;25;28;30;33;34;44
39,27,0.745457,0.996118,0.2992,0.3652,38;48
39,28,0.405845,0.618460,0.5490,0.3853,12;23;25;26;44;47
39,29,0.170410,0.344214,0.4520,0.7863,2;5;11;15;16;17;22;24;31;33;36;37
39,30,0.155877,0.852610,0.8566,0.4925,3;6;8;9;26;34;35;44
39,31,0.314296,0.374363,0.3554,0.7846,5;10;11;15;16;17;20;22;25;29;33;36;37
39,32,0.865409,0.485246,0.4764,0.2979,0;13
39,33,0.169121,0.525237,0.1524,0.4592,5;8;16;25;26;29;31;44
39,34,0.175387,0.897134,0.3437,0.7552,3;6;9;26;30;35
39,35,0.014233,0.946948,0.4546,0.5827,9;30;34
39,36,0.342367,0.309308,0.5309,0.3096,5;10;11;15;16;17;20;22;29;31;37;43;45
39,37,0.224310,0.278316,0.7230,0.6577,2;5;11;15;16;17;20;22;24;29;31;36
39,38,0.778014,0.789274,0.2706,0.5011,14;21;27;41;42;48
39,39,0.649997,0.356501,0.3560,0.5182,0;1;7;10;13;19;20;43;47
39,40,0.459322,0.912703,0.1823,0.3800,3;6;12;14
39,41,0.906302,0.839977,0.5876,0.5426,21;38;42;48
39,42,0.845746,0.783087,0.2237,0.2938,21;38;41;48
39,43,0.524118,0.228371,0.7131,0.6715,10;17;20;36;39;45
39,44,0.202530,0.664244,0.7819,0.5661,3;8;23;25;26;28;30;33
39,45,0.398491,0.098840,0.2257,0.7740,10;17;20;36;43;46
39,46,0.329515,0.067198,0.8849,0.5921,45
39,47,0.553284,0.534754,0.7310,0.6679,0;1;13;19;23;28;39
39,48,0.741258,0.872616,0.3155,0.7597,14;21;27;38;41;42
39,49,0.970437,0.055975,0.4776,0.7137,18
40,0,0.903790,0.421829,0.2807,0.5887,3;11;12;13;21;23;31;38;43;45;49
40,1,0.393745,0.744310,0.2728,0.2075,2;16;17;28;29;34;39;48
40,2,0.347304,0.788136,0.2949,0.2125,1;16;17;28;29;34;39;48
40,3,0.852233,0.573345,0.5898,0.7028,0;5;6;10;25;30;33;38;45
40,4,0.522765,0.940197,0.4316,0.5307,15;29;34;48
40,5,0.813161,0.628118,0.5545,0.4474,3;6;10;20;25;30;33
40,6,0.777631,0.669068,0.7783,0.5485,3;5;10;20;22;25;30;33
40,7,0.025641,0.566930,0.6018,0.7332,32;37;46
40,8,0.024144,0.945950,0.8833,0.6481,9
40,9,0.098804,0.920670,0.6654,0.7891,8;16;17
40,10,0.801895,0.729057,0.7427,0.3581,3;5;6;20;22;25;30;33;42
40,11,0.849430,0.253514,0.3962,0.7400,0;12;13;21;23;24;31;36;38;41;43;47;49
40,12,0.818368,0.344050,0.8495,0.3921,0;11;13;21;23;31;36;38;43;45;47;49
40,13,0.973580,0.248701,0.3857,0.7749,0;11;12;21;23;24;31;38;41;43;45;49
40,14,0.446007,0.047799,0.2076,0.7160,44
40,15,0.458205,0.990976,0.8890,0.3481,4;29;48
40,16,0.263174,0.793641,0.5306,0.2773,1;2;9;17;28;29;39
40,17,0.209381,0.770809,0.8848,0.6705,1;2;9;16;28;29;32;37;39
40,18,0.547278,0.321881,0.5060,0.4854,19;35;36;40;47
40,19,0.401321,0.348539,0.3508,0.6844,18;26;27;35;40
40,20,0.815469,0.844720,0.5833,0.6321,5;6;10;30;33;42
40,21,0.856646,0.333763,0.6741,0.5870,0;11;12;13;23;31;36;38;43;45;47;49
40,22,0.616403,0.739859,0.5433,0.7910,6;10;25;34;48
40,23,0.836236,0.227571,0.4722,0.5446,0;11;12;13;21;24;31;36;38;41;43;47;49
40,24,0.828683,0.101298,0.1426,0.5713,11;13;23;36;41;43;49
40,25,0.721941,0.639452,0.4977,0.4617,3;5;6;10;22;30;33;34
40,26,0.312924,0.497193,0.8625,0.3028,19;27;28;32
40,27,0.186192,0.382696,0.5480,0.5354,19;26;32
40,28,0.264680,0.707396,0.1460,0.4086,1;2;16;17;26;29;32;37;39
40,29,0.350594,0.805897,0.7941,0.2887,1;2;4;15;16;17;28;34;39;48
40,30,0.895780,0.754771,0.6456,0.2392,3;5;6;10;20;25;33;42
40,31,0.959308,0.322760,0.6751,0.5419,0;11;12;13;21;23;38;43;45;49
40,32,0.111481,0.581847,0.8579,0.6367,7;17;26;27;28;37;39;46
40,33,0.908830,0.700228,0.6709,0.4945,3;5;6;10;20;25;30;42
40,34,0.560485,0.756771,0.6634,0.7656,1;2;4;22;25;29;48
40,35,0.538254,0.397971,0.8890,0.3291,18;19;40;47
40,36,0.695636,0.198620,0.4617,0.5230,11;12;18;21;23;24;43;44;47
40,37,0.090542,0.597969,0.6397,0.3983,7;17;28;32;39;46
40,38,0.876933,0.404637,0.5559,0.7256,0;3;11;12;13;21;23;31;43;45;49
40,39,0.263370,0.715888,0.8570,0.2865,1;2;16;17;28;29;32;37
40,40,0.532828,0.396757,0.5317,0.6088,18;19;35;47
40,41,0.921258,0.103626,0.3516,0.2041,11;13;23;24;43;49
40,42,0.956075,0.814573,0.5877,0.6273,10;20;30;33
40,43,0.887451,0.293912,0.3867,0.2718,0;11;12;13;21;23;24;31;36;38;41;45;49
40,44,0.570107,0.082212,0.8819,0.5683,14;36;47
40,45,0.999439,0.442536,0.5238,0.6382,0;3;12;13;21;31;38;43;49
40,46,0.040773,0.547987,0.6860,0.3493,7;32;37
40,47,0.667521,0.273788,0.5812,0.6553,11;12;18;21;23;35;36;40;44
40,48,0.494493,0.833248,0.2435,0.3087,1;2;4;15;22;29;34
40,49,0.983262,0.245352,0.6195,0.4970,0;11;12;13;21;23;24;31;38;41;43;45
41,0,0.119500,0.089106,0.4583,0.3188,20;25
41,1,0.946147,0.574003,0.8554,0.4558,2;9;17;22;32;35;43
41,2,0.949030,0.387451,0.4481,0.2494,1;17;22;29;32;35
41,3,0.407574,0.696415,0.1191,0.2626,10;21;39;45;46;48
41,4,0.138510,0.343295,0.5490,0.5658,5;13;20;25;27;30;31;37;38;40;49
41,5,0.095863,0.355157,0.3447,0.7954,4;13;20;27;30;31;37;40;49
41,6,0.707263,0.879065,0.7166,0.6625,12;18;23;24;33
41,7,0.499682,0.184566,0.6591,0.5165,8;11;15;16
41,8,0.401428,0.226640,0.1333,0.7681,7;16;20;30;38
41,9,0.985636,0.633007,0.3457,0.5525,1;17;22;32;35;42;43
41,10,0.339720,0.751815,0.8202,0.5257,3;19;21;39;41;45;48
41,11,0.523867,0.020401,0.6127,0.6436,7;15;16
41,12,0.606159,0.982010,0.5274,0.2283,6;23;24;33
41,13,0.059146,0.373147,0.3424,0.3129,4;5;20;27;31;37;40;49
41,14,0.168513,0.963600,0.8713,0.2315,21;39;41
41,15,0.529121,0.004661,0.7603,0.7242,7;11;16
41,16,0.384754,0.027654,0.6908,0.5144,7;8;11;15
41,17,0.905145,0.563365,0.2426,0.4225,1;2;9;22;32;35;43
41,18,0.859359,0.955712,0.6593,0.7464,6;24;28;34;42
41,19,0.188482,0.620872,0.1789,0.7700,10;27;31;37;39;40;46;48
41,20,0.181787,0.218374,0.8139,0.6274,0;4;5;8;13;25;30;38;40;49
41,21,0.345248,0.872097,0.1584,0.3222,3;10;14;39;41
41,22,0.912615,0.599718,0.2654,0.5843,1;2;9;17;32;35;42;43
41,23,0.573985,0.891437,0.1125,0.7533,6;12;24;33;41
41,24,0.706368,0.879672,0.2648,0.6136,6;12;18;23;33
41,25,0.177492,0.148850,0.8394,0.2028,0;4;20;49
41,26,0.818995,0.030342,0.2923,0.6882,44
41,27,0.038774,0.537590,0.7650,0.7906,4;5;13;19;31;37;40
41,28,0.958031,0.940704,0.8897,0.6959,18;34;42
41,29,0.807205,0.311665,0.3974,0.7027,2;32;44
41,30,0.291431,0.349054,0.1358,0.2850,4;5;8;20;31;36;38;40;46;49
41,31,0.180417,0.518489,0.2969,0.6011,4;5;13;19;27;30;37;38;40;46;48;49
41,32,0.900231,0.497651,0.8056,0.4537,1;2;9;17;22;29;35;43
41,33,0.603503,0.997342,0.5564,0.7182,6;12;23;24
41,34,0.919999,0.937818,0.6010,0.3229,18;28;42
41,35,0.928606,0.547980,0.8029,0.6420,1;2;9;17;22;32;43
41,36,0.388846,0.447936,0.3181,0.6142,30;38;40;46;47;48
41,37,0.116382,0.554462,0.4327,0.4482,4;5;13;19;27;31;40;46
41,38,0.338344,0.365694,0.3225,0.7406,4;8;20;30;31;36;40;46;48;49
41,39,0.239451,0.817586,0.7534,0.4929,3;10;14;19;21;41
41,40,0.188340,0.404285,0.5801,0.5759,4;5;13;19;20;27;30;31;36;37;38;46;49
41,41,0.358321,0.916611,0.4164,0.6176,10;14;21;23;39
41,42,0.921125,0.810907,0.4593,0.5978,9;18;22;28;34;43
41,43,0.909668,0.707637,0.2784,0.5826,1;9;17;22;32;35;42
41,44,0.839062,0.098780,0.1922,0.7413,26;29
41,45,0.519844,0.663513,0.4908,0.3100,3;10;47;48
41,46,0.320553,0.527337,0.3619,0.7661,3;19;30;31;36;37;38;40;48
41,47,0.575087,0.531926,0.3052,0.6085,36;45;48
41,48,0.394185,0.546381,0.8445,0.4389,3;10;19;31;36;38;45;46;47
41,49,0.200932,0.320316,0.5290,0.3708,4;5;13;20;25;30;31;38;40
42,0,0.541499,0.226986,0.7045,0.2814,5;7;13;15;17;20;24
42,1,0.402231,0.840135,0.4048,0.4276,2;9;21;22;23;25;27;29;35;37;38;39;40;42;46
42,2,0.352941,0.941881,0.2364,0.2120,1;9;23;25;27;29;35;37;38;42;46
42,3,0.421141,0.417726,0.6505,0.6908,5;6
42,4,0.733449,0.443893,0.8448,0.5509,10;11;12;15
42,5,0.388443,0.363560,0.2455,0.7364,0;3;6;26
42,6,0.326011,0.398883,0.8762,0.7680,3;5;18;19;26;43;49
42,7,0.723308,0.205915,0.5534,0.7314,0;12;13;15;17;20;24;32
42,8,0.216959,0.190965,0.8903,0.7319,14;19;36;41
42,9,0.194602,0.873606,0.1551,0.2810,1;2;23;28;29;33;34;35;37;38
42,10,0.659326,0.618876,0.3401,0.4362,4;30;40;44
42,11,0.900354,0.548206,0.2196,0.7957,4;12;31;48
42,12,0.763977,0.408208,0.7328,0.6013,4;7;11;15
42,13,0.644000,0.213514,0.8693,0.3924,0;7;15;17;20;24;32
42,14,0.141331,0.108650,0.6691,0.7693,8;36;41
42,15,0.652237,0.300320,0.1665,0.5617,0;4;7;12;13;20;24
42,16,0.832888,0.774578,0.7395,0.2096,31;47;48
42,17,0.623596,0.050886,0.8128,0.4506,0;7;13;20;24;32
42,18,0.217178,0.551693,0.2352,0.7108,6;19;22;23;26;43;45;49
42,19,0.156719,0.384291,0.2536,0.3681,6;8;18;26;43;45;49
42,20,0.517501,0.180315,0.5163,0.7496,0;7;13;15;17;24
42,21,0.442980,0.693970,0.4917,0.7435,1;22;23;25;27;30;39;40;44
42,22,0.385971,0.666994,0.1416,0.3433,1;18;21;23;25;27;40;44
42,23,0.273320,0.745972,0.3453,0.4694,1;2;9;18;21;22;25;29;35;37;38;40
42,24,0.563364,0.155856,0.4464,0.2243,0;7;13;15;17;20
42,25,0.401876,0.781859,0.7000,0.6559,1;2;21;22;23;27;29;30;35;37;38;39;40;42;44;46
42,26,0.197810,0.411290,0.4665,0.2481,5;6;18;19;43;45;49
42,27,0.468580,0.868030,0.5410,0.2784,1;2;21;22;25;29;30;35;38;39;40;42;46
42,28,0.130555,0.931252,0.8826,0.5745,9;29;33;34;35;37
42,29,0.316215,0.933020,0.6877,0.2115,1;2;9;23;25;27;28;35;37;38;46
42,30,0.612325,0.735318,0.4045,0.7427,10;21;25;27;39;40;42;44;47
42,31,0.875917,0.676189,0.4040,0.2216,11;16;48
42,32,0.786962,0.085750,0.6375,0.6181,7;13;17
42,33,0.008669,0.862249,0.3685,0.6819,9;28;34;37
42,34,0.052753,0.852601,0.7829,0.6705,9;28;33;37
42,35,0.313294,0.901804,0.4258,0.4053,1;2;9;23;25;27;28;29;37;38;46
42,36,0.203007,0.150603,0.8543,0.6315,8;14;41
42,37,0.213012,0.840679,0.5419,0.4933,1;2;9;23;25;28;29;33;34;35;38
42,38,0.362940,0.909246,0.3133,0.7480,1;2;9;23;25;27;29;35;37;42;46
42,39,0.583449,0.828255,0.8350,0.2509,1;21;25;27;30;40;42;44;46;47
42,40,0.475087,0.703603,0.6330,0.3912,1;10;21;22;23;25;27;30;39;42;44
42,41,0.289741,0.101499,0.5070,0.2681,8;14;36
42,42,0.561888,0.900817,0.7486,0.6837,1;2;25;27;30;38;39;40;46;47
42,43,0.152017,0.415186,0.1856,0.2446,6;18;19;26;45;49
42,44,0.532305,0.618289,0.3987,0.2924,10;21;22;25;30;39;40
42,45,0.158280,0.552321,0.7412,0.6673,18;19;26;43;49
42,46,0.469568,0.983303,0.7910,0.2058,1;2;25;27;29;35;38;39;42
42,47,0.689964,0.903652,0.1108,0.6842,16;30;39;42
42,48,0.976125,0.663869,0.7961,0.5705,11;16;31
42,49,0.146646,0.444904,0.2250,0.5757,6;18;19;26;43;45
43,0,0.871349,0.460763,0.8918,0.5793,29;34;37;38;45;46
43,1,0.873401,0.786132,0.4195,0.2084,17;24;29;31;44
43,2,0.105833,0.121978,0.7331,0.5971,7;8;14;15;19;36;49
43,3,0.704148,0.199521,0.2382,0.5558,4;11;13;18;27;30
43,4,0.746064,0.081156,0.2471,0.2569,3;11;13;18;27;30
43,5,0.091704,0.951392,0.4130,0.2899,6;10;47
43,6,0.003841,0.791593,0.3699,0.2130,5;32;47
43,7,0.233076,0.049999,0.4138,0.3821,2;14;15;48
43,8,0.079412,0.320405,0.8642,0.5296,2;15;19;28;36;42;49
43,9,0.529333,0.476044,0.2822,0.4919,21;22;25;38;43
43,10,0.197300,0.987930,0.6790,0.4597,5;40
43,11,0.605458,0.186065,0.8579,0.2959,3;4;18;27
43,12,0.288063,0.676159,0.8753,0.2359,16;33;41;47
43,13,0.865008,0.061266,0.8692,0.2401,3;4;18;20;26;27;30
43,14,0.184928,0.006313,0.3586,0.4860,2;7;15
43,15,0.175851,0.197720,0.3315,0.3411,2;7;8;14;19;28;36;42;49
43,16,0.143893,0.541998,0.8547,0.6822,12;23;28;33;41;42;47
43,17,0.972724,0.699967,0.4331,0.2078,1;24;31;44
43,18,0.702868,0.075780,0.3464,0.2952,3;4;11;13;27;30
43,19,0.187048,0.321405,0.6044,0.6104,2;8;15;23;28;36;42;49
43,20,0.991980,0.162424,0.4432,0.2731,13;26;30;34
43,21,0.635297,0.592308,0.2035,0.3691,9;22;25;29;31;35;38;39;43
43,22,0.601554,0.506654,0.6798,0.6843,9;21;25;29;35;38;43
43,23,0.285403,0.426523,0.7913,0.4217,16;19;41;43;49
43,24,0.824469,0.735443,0.8763,0.2379,1;17;29;31;35;44
43,25,0.530551,0.654842,0.4577,0.4502,9;21;22;29;35;39;43
43,26,0.968139,0.251668,0.2676,0.3957,13;20;34;45;46
43,27,0.754297,0.064653,0.2868,0.7231,3;4;11;13;18;30
43,28,0.062783,0.344223,0.3500,0.7494,8;15;16;19;36;42;49
43,29,0.732914,0.619845,0.8780,0.6721,0;1;21;22;24;25;31;35;37;38
43,30,0.817704,0.079952,0.5440,0.5463,3;4;13;18;20;27
43,31,0.764434,0.716110,0.3648,0.3166,1;17;21;24;29;35;44
43,32,0.011999,0.744269,0.2017,0.3931,6;33;47
43,33,0.088232,0.588139,0.6061,0.7827,12;16;32;41;47
43,34,0.916333,0.361480,0.2831,0.5557,0;20;26;37;38;45;46
43,35,0.681081,0.678196,0.2896,0.6918,21;22;24;25;29;31;38;39
43,36,0.065879,0.262437,0.4909,0.4819,2;8;15;19;28;42;49
43,37,0.839725,0.450787,0.1155,0.5066,0;29;34;38;45;46
43,38,0.742193,0.480449,0.1765,0.6501,0;9;21;22;29;34;35;37;46
43,39,0.499695,0.763412,0.5989,0.2488,21;25;35
43,40,0.313475,0.999097,0.4928,0.5616,10
43,41,0.190285,0.587229,0.8127,0.7750,12;16;23;33;47
43,42,0.042699,0.352895,0.3128,0.4697,8;15;16;19;28;36;49
43,43,0.464945,0.461640,0.7219,0.6748,9;21;22;23;25
43,44,0.923446,0.846482,0.3210,0.2859,1;17;24;31
43,45,0.972276,0.463624,0.7782,0.2354,0;26;34;37;46
43,46,0.899090,0.452176,0.2973,0.5798,0;26;34;37;38;45
43,47,0.142083,0.750552,0.3618,0.6949,5;6;12;16;32;33;41
43,48,0.419597,0.024480,0.4860,0.2877,7
43,49,0.139432,0.316723,0.3182,0.3920,2;8;15;19;23;28;36;42
44,0,0.697125,0.550031,0.2397,0.2676,4;14;20;23;28;32;41
44,1,0.040130,0.589669,0.6798,0.4731,2;3;6;10;37;47
44,2,0.208837,0.582739,0.8092,0.6170,1;6;8;10;27;42;47
44,3,0.007152,0.701824,0.3185,0.2135,1;10;47
44,4,0.581583,0.368118,0.5506,0.2380,0;9;15;23;25;29;41
44,5,0.898579,0.164179,0.6534,0.3293,18;24;33
44,6,0.212778,0.536230,0.4180,0.4265,1;2;8;10;27;39;42;47
44,7,0.915201,0.744254,0.1297,0.4595,17;20;21;28;32;46;48;49
44,8,0.281417,0.556263,0.4726,0.3050,2;6;10;27;31;42;47
44,9,0.510880,0.159863,0.1106,0.7384,4;22;25
44,10,0.201586,0.607619,0.6253,0.7757,1;2;3;6;8;27;42;47
44,11,0.334486,0.327058,0.8011,0.6259,15;25;26;27;29
44,12,0.260342,0.119168,0.6751,0.3216,13;16;22;26;34;43;44
44,13,0.285382,0.028817,0.3138,0.6027,12;16;22;26;34;43;44
44,14,0.603368,0.651409,0.8706,0.3128,0;19;23;28;31;32
44,15,0.511805,0.405691,0.6517,0.6862,4;11;23;25;27;29;31
44,16,0.184832,0.041660,0.8967,0.2265,12;13;22;26;34;35;43;44
44,17,0.804636,0.742813,0.5506,0.7142,7;20;21;28;30;32;48;49
44,18,0.874234,0.200143,0.5472,0.6218,5;24;33;41
44,19,0.570207,0.747273,0.7336,0.6293,14;23;28;31;45
44,20,0.832930,0.674206,0.6940,0.3719,0;7;17;21;28;32;48
44,21,0.886652,0.817860,0.1707,0.4204,7;17;20;28;30;32;38;46;48;49
44,22,0.360938,0.054368,0.7566,0.5268,9;12;13;16;26;43
44,23,0.626118,0.566847,0.3986,0.7411,0;4;14;15;19;28;31;32
44,24,0.884380,0.252333,0.6810,0.5245,5;18;33;41
44,25,0.511099,0.309902,0.3566,0.5836,4;9;11;15;29
44,26,0.216424,0.180919,0.4256,0.5481,11;12;13;16;22;34;43;44
44,27,0.333932,0.499593,0.3977,0.7901,2;6;8;10;11;15;29;31;42
44,28,0.719942,0.719969,0.7139,0.2886,0;7;14;17;19;20;21;23;30;32
44,29,0.457884,0.390754,0.6381,0.7337,4;11;15;25;27;31
44,30,0.753859,0.920819,0.6406,0.4447,17;21;28;38;40;49
44,31,0.480176,0.596740,0.8691,0.2519,8;14;15;19;23;27;29;42
44,32,0.795003,0.667024,0.3026,0.2826,0;7;14;17;20;21;23;28;48
44,33,0.937825,0.077674,0.8398,0.5873,5;18;24
44,34,0.107262,0.000271,0.4606,0.5235,12;13;16;26;35;43;44
44,35,0.031200,0.050028,0.6443,0.7338,16;34;44
44,36,0.011212,0.274231,0.3748,0.7510,37;39;44
44,37,0.000009,0.445061,0.8862,0.2870,1;36;39
44,38,0.728748,0.961208,0.3733,0.5796,21;30;40;49
44,39,0.097233,0.368050,0.6958,0.7107,6;36;37
44,40,0.645772,0.970940,0.5590,0.7863,30;38;45
44,41,0.741846,0.372821,0.7338,0.6948,0;4;18;24
44,42,0.279979,0.653626,0.4171,0.6941,2;6;8;10;27;31;47
44,43,0.297470,0.034993,0.8046,0.7943,12;13;16;22;26;34;44
44,44,0.120077,0.141838,0.5352,0.5117,12;13;16;26;34;35;36;43
44,45,0.456928,0.932246,0.5604,0.3528,19;40
44,46,0.983283,0.914566,0.5404,0.7654,7;21;48;49
44,47,0.120325,0.636710,0.6918,0.6104,1;2;3;6;8;10;42
44,48,0.952425,0.792763,0.7302,0.4935,7;17;20;21;32;46;49
44,49,0.880291,0.932043,0.3604,0.7019,7;17;21;30;38;46;48
45,0,0.290287,0.331416,0.7245,0.2166,13;17;26;28;39;47
45,1,0.109675,0.154796,0.6373,0.7585,6;19;23;30;48
45,2,0.837374,0.199123,0.4126,0.5639,8;10;20;35;37;41;43
45,3,0.486247,0.005692,0.7935,0.6492,14;16;31;34
45,4,0.775740,0.806803,0.2019,0.5689,5;22;36;46
45,5,0.905410,0.772463,0.7324,0.7332,4;12;22;36;46
45,6,0.043875,0.182678,0.6168,0.6533,1;19;23;30;39
45,7,0.340070,0.683033,0.2258,0.5594,9;11;15;49
45,8,0.845538,0.228733,0.3301,0.6639,2;10;20;35;37;41;43
45,9,0.444666,0.700780,0.4462,0.2185,7;15;24;49
45,10,0.911655,0.101538,0.1531,0.2509,2;8;35;37;41;43
45,11,0.139205,0.740356,0.8133,0.2873,7;27;32;33
45,12,0.946672,0.562771,0.6131,0.4217,5;20
45,13,0.438097,0.366676,0.4146,0.4787,0;17;18;26;29;38;45;47
45,14,0.698921,0.020538,0.7454,0.7503,3;16;31;34;35;37;41;43
45,15,0.525175,0.693812,0.3428,0.5212,7;9;24;40;49
45,16,0.634832,0.106328,0.3617,0.3849,3;14;29;31;34;37;41;45
45,17,0.473658,0.278902,0.8588,0.5069,0;13;18;26;29;38;45;47
45,18,0.557282,0.422255,0.4089,0.7227,13;17;29;38;40;45
45,19,0.065175,0.262776,0.6508,0.6171,1;6;23;28;30;39
45,20,0.948662,0.357643,0.8388,0.5631,2;8;12
45,21,0.401327,0.919274,0.6288,0.5444,25;44;49
45,22,0.906616,0.875533,0.4755,0.2546,4;5;36;46
45,23,0.121011,0.161995,0.4917,0.4054,1;6;19;30;48
45,24,0.570421,0.664641,0.5136,0.5788,9;15;38;40
45,25,0.446102,0.996520,0.3013,0.3609,21;44;49
45,26,0.373317,0.263007,0.3170,0.3734,0;13;17;29;45;47
45,27,0.066819,0.789998,0.5108,0.3878,11;32;33
45,28,0.185510,0.413256,0.8246,0.7443,0;19;39;42
45,29,0.559667,0.232248,0.5528,0.4091,13;16;17;18;26;45;47
45,30,0.147387,0.133215,0.3451,0.6954,1;6;19;23;48
45,31,0.701474,0.011194,0.5141,0.4469,3;14;16;34;35;37;41;43
45,32,0.059994,0.788087,0.3111,0.4543,11;27;33
45,33,0.112753,0.665911,0.6273,0.6610,11;27;32;42
45,34,0.585573,0.008857,0.8124,0.2836,3;14;16;31
45,35,0.880385,0.137062,0.7159,0.3770,2;8;10;14;31;37;41;43
45,36,0.920732,0.860586,0.6497,0.4169,4;5;22;46
45,37,0.801225,0.188667,0.5342,0.3927,2;8;10;14;16;31;35;41;43
45,38,0.474760,0.478734,0.7384,0.5490,13;17;18;24;40
45,39,0.099047,0.387858,0.2387,0.6348,0;6;19;28;42
45,40,0.633397,0.541403,0.8009,0.5832,15;18;24;38
45,41,0.803870,0.146112,0.2646,0.6740,2;8;10;14;16;31;35;37;43
45,42,0.126956,0.509868,0.7643,0.3098,28;33;39
45,43,0.861185,0.067994,0.6180,0.4982,2;8;10;14;31;35;37;41
45,44,0.513385,0.987362,0.2965,0.4906,21;25;49
45,45,0.566157,0.247068,0.3166,0.5409,13;16;17;18;26;29;47
45,46,0.753414,0.839771,0.5299,0.2878,4;5;22;36
45,47,0.361723,0.225342,0.5848,0.3515,0;13;17;26;29;45;48
45,48,0.262468,0.059673,0.8732,0.6879,1;23;30;47
45,49,0.431871,0.870669,0.8871,0.2020,7;9;15;21;25;44
46,0,0.188928,0.934122,0.5803,0.4818,22;25;39
46,1,0.927806,0.454761,0.1194,0.7612,2;10;14;26;43
46,2,0.990854,0.583584,0.2953,0.6185,1;14;43
46,3,0.277092,0.567454,0.4618,0.6801,19;32;37;38;44
46,4,0.199190,0.050993,0.4111,0.4071,7;30;31;34;49
46,5,0.427707,0.981697,0.4048,0.4946,24;39;40;46
46,6,0.595272,0.476368,0.6793,0.7455,11;16;18;21;33;41;42
46,7,0.386885,0.119445,0.1716,0.3530,4;11;17;27;29;34;48;49
46,8,0.181105,0.361335,0.2828,0.4200,15;19;30;31;47;49
46,9,0.801300,0.054502,0.8977,0.4871,13;20;23;28
46,10,0.847175,0.277356,0.2348,0.7122,1;13;20;23;26;28
46,11,0.548491,0.268414,0.6160,0.5595,6;7;13;16;17;21;27;29;33;41;48
46,12,0.783871,0.925748,0.7481,0.7075,24
46,13,0.686724,0.204893,0.8833,0.4187,9;10;11;16;20;21;23;28;33;41
46,14,0.891312,0.566567,0.7086,0.2540,1;2;43
46,15,0.009856,0.337606,0.8327,0.2554,8;30;31;47
46,16,0.624360,0.277174,0.6563,0.2300,6;11;13;17;21;23;29;33;41
46,17,0.429803,0.230488,0.1634,0.7592,7;11;16;21;27;29;41;48;49
46,18,0.618312,0.570617,0.4625,0.3759,6;33;42;45
46,19,0.266736,0.552616,0.7868,0.3671,3;8;32;37;38;44
46,20,0.840768,0.151703,0.8328,0.3375,9;10;13;23;26;28
46,21,0.553710,0.316718,0.3493,0.5123,6;11;13;16;17;29;33;41;48
46,22,0.219872,0.805710,0.2855,0.2554,0;25;35;39;44;46
46,23,0.825119,0.203141,0.1417,0.5928,9;10;13;16;20;26;28
46,24,0.616297,0.954473,0.7274,0.7723,5;12;40
46,25,0.091178,0.740456,0.8532,0.3056,0;22;35
46,26,0.978672,0.269729,0.5384,0.7652,1;10;20;23;28
46,27,0.486257,0.095684,0.8159,0.3417,7;11;17;29;48
46,28,0.845382,0.220973,0.7462,0.3172,9;10;13;20;23;26
46,29,0.459507,0.165643,0.6700,0.2404,7;11;16;17;21;27;41;48;49
46,30,0.173543,0.220342,0.1812,0.6904,4;8;15;31;34;47;49
46,31,0.107387,0.238771,0.2430,0.2745,4;8;15;30;34;47;49
46,32,0.308494,0.579638,0.4700,0.6565,3;19;36;37;38;42;44;46
46,33,0.599716,0.386703,0.6786,0.2916,6;11;13;16;18;21;41
46,34,0.213388,0.100367,0.8457,0.3474,4;7;30;31;47;49
46,35,0.081997,0.712425,0.1070,0.7132,22;25
46,36,0.442528,0.739164,0.7131,0.5079,32;37;38;40;42;44;45;46
46,37,0.384476,0.615053,0.1166,0.5027,3;19;32;36;38;40;42;44;46
46,38,0.380163,0.541265,0.1455,0.2810,3;19;32;36;37;42;44
46,39,0.271723,0.881806,0.1387,0.2935,0;5;22;44;46
46,40,0.491520,0.789588,0.2058,0.7170,5;24;36;37;42;44;45;46
46,41,0.523935,0.322080,0.7674,0.5443,6;11;13;16;17;21;29;33;48
46,42,0.499032,0.615638,0.3234,0.3475,6;18;32;36;37;38;40;44;45;46
46,43,0.838219,0.606554,0.2401,0.2659,1;2;14
46,44,0.372961,0.703456,0.2986,0.5841,3;19;22;32;36;37;38;39;40;42;46
46,45,0.600954,0.698929,0.7036,0.2402,18;36;40;42
46,46,0.377664,0.788070,0.4019,0.2003,5;22;32;36;37;39;40;42;44
46,47,0.207131,0.314212,0.4686,0.6793,8;15;30;31;34;48;49
46,48,0.405102,0.248766,0.6420,0.4370,7;11;17;21;27;29;41;47;49
46,49,0.290679,0.230895,0.5332,0.4423,4;7;8;17;29;30;31;34;47;48
47,0,0.302910,0.953560,0.7465,0.5888,2;4;8;20;35;36;42;49
47,1,0.194493,0.569295,0.8935,0.2013,3;10;24;33;37;43
47,2,0.417589,0.825922,0.2421,0.2801,0;4;8;14;20;35;36;42
47,3,0.151646,0.547056,0.8870,0.4201,1;10;24;33;37;43
47,4,0.255148,0.916071,0.6485,0.6961,0;2;20;35;36;42;49
47,5,0.000567,0.066228,0.3858,0.5432,29;39;44;46
47,6,0.858841,0.265508,0.1323,0.7357,13;15;22;25;27;31;34
47,7,0.482665,0.066089,0.3641,0.2234,21;32
47,8,0.468307,0.981197,0.5663,0.7929,0;2;14;35;36;42
47,9,0.924822,0.493482,0.5915,0.6929,11;15;22;26;28;31;40;41
47,10,0.079970,0.459606,0.2538,0.3020,1;3;24;33;37
47,11,0.899405,0.616798,0.4127,0.7961,9;19;26;28;40;41
47,12,0.979458,0.850594,0.1860,0.5560,19;23
47,13,0.955668,0.258083,0.5923,0.5157,6;15;22;25;27;28;34
47,14,0.558569,0.889170,0.7654,0.3707,2;8;17;18;36;42
47,15,0.814380,0.330600,0.1520,0.5637,6;9;13;22;25;27;28;31;40
47,16,0.664941,0.526709,0.3080,0.5861,18;26;30;31;40;48
47,17,0.667752,0.835359,0.6600,0.2577,14;18;19
47,18,0.589780,0.682601,0.5852,0.6134,14;16;17;36;48
47,19,0.806189,0.778296,0.1256,0.7113,11;12;17
47,20,0.245297,0.814932,0.6320,0.6169,0;2;4;35;36;42;43;49
47,21,0.433873,0.272189,0.7482,0.4153,7;30;32;45
47,22,0.939940,0.300569,0.5071,0.3762,6;9;13;15;25;27;28;40
47,23,0.972761,0.991313,0.6645,0.4407,12
47,24,0.051287,0.591693,0.7456,0.3411,1;3;10;33;37
47,25,0.801674,0.257642,0.8877,0.3856,6;13;15;22;27;31
47,26,0.824069,0.555014,0.3613,0.3444,9;11;16;28;31;40;41
47,27,0.844488,0.218953,0.2190,0.2931,6;13;15;22;25;34;47
47,28,0.956177,0.464348,0.1636,0.5526,9;11;13;15;22;26;31;40;41
47,29,0.153258,0.098597,0.1942,0.2646,5;32;39;44;46
47,30,0.542209,0.362993,0.4591,0.2896,16;21;31;45;48
47,31,0.742524,0.419292,0.1588,0.6622,6;9;15;16;25;26;28;30;40;48
47,32,0.331213,0.081129,0.6502,0.5476,7;21;29;44
47,33,0.162445,0.481174,0.6749,0.4612,1;3;10;24;37;43;45
47,34,0.928410,0.066321,0.1981,0.5866,6;13;27;47
47,35,0.313957,0.889307,0.8541,0.5313,0;2;4;8;20;36;42
47,36,0.435623,0.815061,0.5701,0.7625,0;2;4;8;14;18;20;35;42
47,37,0.154046,0.473174,0.2678,0.4839,1;3;10;24;33;43;45
47,38,0.030596,0.937594,0.1271,0.2939,49
47,39,0.118226,0.235682,0.2532,0.2396,5;29;44;46
47,40,0.879106,0.491861,0.1251,0.7118,9;11;15;16;22;26;28;31;41
47,41,0.958274,0.588423,0.3017,0.3119,9;11;26;28;40
47,42,0.405318,0.849450,0.4981,0.5950,0;2;4;8;14;20;35;36
47,43,0.286468,0.610573,0.4180,0.6255,1;3;20;33;37
47,44,0.164894,0.159192,0.3589,0.2797,5;29;32;39;46
47,45,0.327143,0.376848,0.3615,0.7800,21;30;33;37
47,46,0.082878,0.082095,0.4379,0.3889,5;29;39;44
47,47,0.796194,0.008490,0.8324,0.5399,27;34
47,48,0.540370,0.492648,0.6599,0.2045,16;18;30;31
47,49,0.092315,0.970060,0.7266,0.7726,0;4;20;38
48,0,0.689638,0.553872,0.7678,0.4591,5;11;13;31;38;48;49
48,1,0.567951,0.001461,0.6503,0.7002,19;26;36;41
48,2,0.193419,0.108466,0.2273,0.4269,21;30;43;45
48,3,0.306338,0.764162,0.2371,0.2211,4;8;15;27;39;46
48,4,0.251168,0.804593,0.2401,0.7057,3;14;15;25;27;39
48,5,0.586192,0.628847,0.4363,0.2509,0;8;11;12;13;31;38;46;49
48,6,0.669836,0.960654,0.2260,0.2439,18;28;37;49
48,7,0.565216,0.356888,0.4320,0.4608,12;35;41;48
48,8,0.379922,0.624619,0.6598,0.2997,3;5;13;27;29;46
48,9,0.890257,0.324715,0.6710,0.6282,10;20;22;32;42;44;48
48,10,0.857796,0.356881,0.8071,0.5185,9;11;20;22;32;42;44;48
48,11,0.758927,0.532486,0.8207,0.5550,0;5;10;22;31;32;38;48
48,12,0.493151,0.430823,0.8695,0.5514,5;7;35;46
48,13,0.562435,0.689729,0.3640,0.4718,0;5;8;31;46;49
48,14,0.103192,0.895925,0.7630,0.5566,4;15;25;39;47
48,15,0.231304,0.866552,0.6284,0.3294,3;4;14;25;39
48,16,0.204959,0.412360,0.4592,0.3033,21;27;29
48,17,0.995956,0.072604,0.7694,0.4670,34;44
48,18,0.680961,0.975927,0.3526,0.5638,6;28;37
48,19,0.441281,0.135721,0.8410,0.6790,1;26;30;35;36;45
48,20,0.738024,0.218470,0.7685,0.3178,9;10;26;34;41;42;44;48
48,21,0.096856,0.256457,0.3364,0.6635,2;16;30;43
48,22,0.918203,0.409138,0.4719,0.2546,9;10;11;32;40;42;48
48,23,0.991316,0.643019,0.5651,0.6780,32;33;40
48,24,0.889802,0.893103,0.2014,0.2323,28;31;33;37;49
48,25,0.093483,0.923567,0.6896,0.5201,4;14;15;39;47
48,26,0.611774,0.093510,0.7857,0.5360,1;19;20;35;36;41
48,27,0.250317,0.598323,0.4157,0.5898,3;4;8;16;29;39;46
48,28,0.746418,0.938272,0.6700,0.6900,6;18;24;31;37;49
48,29,0.241210,0.476012,0.1423,0.3079,8;16;27
48,30,0.277082,0.167038,0.8006,0.6794,2;19;21;45
48,31,0.757326,0.728665,0.2924,0.2305,0;5;11;13;24;28;37;38;49
48,32,0.926228,0.489549,0.7866,0.5262,9;10;11;22;23;38;40
48,33,0.992257,0.795722,0.1593,0.5234,23;24
48,34,0.887468,0.100094,0.1669,0.5150,17;20;42;44
48,35,0.503700,0.229329,0.1748,0.3567,7;12;19;26;41
48,36,0.575675,0.000093,0.5391,0.6969,1;19;26;41
48,37,0.696379,0.934655,0.1352,0.4943,6;18;24;28;31;49
48,38,0.753327,0.556287,0.7703,0.2838,0;5;11;31;32;48;49
48,39,0.164294,0.738901,0.7320,0.6193,3;4;14;15;25;27;47
48,40,0.980705,0.571704,0.1715,0.2887,22;23;32
48,41,0.667299,0.192545,0.4539,0.4533,1;7;20;26;35;36;42;44;48
48,42,0.822314,0.234220,0.6071,0.2481,9;10;20;22;34;41;44;48
48,43,0.045204,0.179392,0.7081,0.4765,2;21
48,44,0.827277,0.197645,0.6451,0.7957,9;10;17;20;34;41;42;48
48,45,0.295000,0.061275,0.3701,0.2199,2;19;30
48,46,0.449467,0.618646,0.1092,0.2164,3;5;8;12;13;27
48,47,0.031491,0.725744,0.6319,0.2145,14;25;39
48,48,0.724062,0.366642,0.7477,0.2182,0;7;9;10;11;20;22;38;41;42;44
48,49,0.756589,0.761093,0.3580,0.6545,0;5;6;13;24;28;31;37;38
49,0,0.807972,0.585841,0.5953,0.3771,3;5;8;28;32;44;45
49,1,0.082633,0.190422,0.2367,0.5429,16;19;24;25;37;38;48
49,2,0.953089,0.098261,0.6356,0.6383,36;43
49,3,0.783650,0.539031,0.4261,0.2952,0;5;8;28;32;44;45
49,4,0.371539,0.787466,0.2942,0.4519,7;13;15;26;27;39;46
49,5,0.748472,0.604871,0.6736,0.4210,0;3;8;32;45
49,6,0.719225,0.988403,0.6802,0.5170,35
49,7,0.312844,0.672179,0.2711,0.3858,4;10;11;15;23;26;27;39;46
49,8,0.794690,0.504020,0.7226,0.2493,0;3;5;28;32;44;45
49,9,0.289862,0.292138,0.7988,0.6932,20;21;24;25;31;48
49,10,0.159274,0.545775,0.3333,0.7893,7;11;15;16;17;18;20;26;29;31;34;40;49
49,11,0.147944,0.668144,0.4119,0.4128,7;10;14;15;18;26;29;34;40;49
49,12,0.540013,0.287184,0.7002,0.6546,21;42
49,13,0.522222,0.767987,0.7930,0.2254,4;27;33;35;39;46
49,14,0.150577,0.824357,0.4226,0.3374,11;27;29;49
49,15,0.288977,0.621655,0.6406,0.4040,4;7;10;11;23;26;27;40;46
49,16,0.042460,0.379445,0.6465,0.3763,1;10;17;19;20;31;37;40
49,17,0.040383,0.434690,0.8674,0.7469,10;16;18;19;31;34;37;40
49,18,0.026251,0.599212,0.1186,0.2508,10;11;17;29;34;40;49
49,19,0.002796,0.261285,0.4018,0.4467,1;16;17;37;38
49,20,0.245613,0.345352,0.3238,0.3744,9;10;16;21;24;25;31;37;48
49,21,0.341489,0.361467,0.5606,0.6888,9;12;20;23;25;31;48
49,22,0.515891,0.530035,0.5042,0.7508,23
49,23,0.405183,0.563002,0.7176,0.6385,7;15;21;22;26;46
49,24,0.235802,0.149273,0.3947,0.5337,1;9;20;25;37;38;48
49,25,0.269409,0.227845,0.5008,0.3071,1;9;20;21;24;31;37;48
49,26,0.321640,0.661324,0.8858,0.3989,4;7;10;11;15;23;27;39;46
49,27,0.366211,0.821578,0.8780,0.4794,4;7;13;14;15;26;39;46
49,28,0.785140,0.375326,0.7654,0.2369,0;3;8;32;42;43;44;45
49,29,0.041873,0.714288,0.6506,0.2225,10;11;14;18;34;40;49
49,30,0.625017,0.053037,0.6495,0.2345,41;42;47
49,31,0.207917,0.410183,0.7824,0.3433,9;10;16;17;20;21;25;37;40
49,32,0.856026,0.558262,0.8332,0.3254,0;3;5;8;28;44;45
49,33,0.618091,0.786523,0.7120,0.4130,13;35
49,34,0.016994,0.624398,0.7628,0.3546,10;11;17;18;29;40;49
49,35,0.636245,0.938597,0.3521,0.6253,6;13;33
49,36,0.924642,0.184766,0.4158,0.3331,2;43
49,37,0.064515,0.267811,0.2131,0.2613,1;16;17;19;20;24;25;31;38
49,38,0.046987,0.122410,0.1757,0.5599,1;19;24;37
49,39,0.391677,0.834898,0.5210,0.6328,4;7;13;26;27;46
49,40,0.124264,0.555793,0.7299,0.5266,10;11;15;16;17;18;29;31;34;49
49,41,0.529290,0.004972,0.5852,0.3192,30;47
49,42,0.625578,0.258662,0.5747,0.5785,12;28;30;47
49,43,0.856946,0.177445,0.2584,0.3301,2;28;36
49,44,0.948445,0.498447,0.4240,0.3938,0;3;8;28;32;45
49,45,0.930900,0.515663,0.2806,0.7294,0;3;5;8;28;32;44
49,46,0.378088,0.763853,0.7839,0.6340,4;7;13;15;23;26;27;39
49,47,0.528321,0.064166,0.8650,0.7509,30;41;42
49,48,0.267799,0.154861,0.5895,0.5029,1;9;20;21;24;25
49,49,0.065531,0.696645,0.7067,0.3965,10;11;14;18;29;34;40
50,0,0.509076,0.183404,0.5493,0.7968,14;34;35
50,1,0.572042,0.485386,0.2825,0.5640,12;21;23;25;33;35;42;47
50,2,0.847432,0.424474,0.3606,0.5975,5;9;17;18;21;42
50,3,0.561371,0.902418,0.8263,0.5901,4;20;24;27;28;30;36;37;43
50,4,0.621179,0.983920,0.8188,0.5121,3;8;20;24;26;27;30;36;37;43
50,5,0.831392,0.290401,0.6258,0.5367,2;6;9;17;21;39;42
50,6,0.963129,0.115829,0.1140,0.6913,5;39
50,7,0.304006,0.554531,0.3278,0.2018,13;23;25;31;46;47
50,8,0.793811,0.985147,0.3757,0.4445,4;26;27;30;36;38;40
50,9,0.780243,0.342609,0.6309,0.7890,2;5;17;21;42
50,10,0.237426,0.862834,0.8218,0.5398,13;22;32;41
50,11,0.912724,0.736658,0.4473,0.2180,18;26;29;30;36;40;48
50,12,0.528608,0.407457,0.7437,0.6704,1;21;35;47
50,13,0.211961,0.645136,0.4250,0.6579,7;10;22;23;25;31;32;41;44;45;46
50,14,0.614509,0.124137,0.5356,0.2880,0;16;34;35
50,15,0.102475,0.370563,0.6287,0.2561,19;31;45;49
50,16,0.691108,0.018054,0.5405,0.5437,14;34;39
50,17,0.822257,0.507399,0.3758,0.5782,2;5;9;18;21;29;42;48
50,18,0.993191,0.580844,0.8388,0.3300,2;11;17;48
50,19,0.064840,0.289350,0.5494,0.6852,15;49
50,20,0.574087,0.934962,0.1786,0.6984,3;4;24;27;28;30;36;37;43
50,21,0.714653,0.453108,0.8058,0.6599,1;2;5;9;12;17;35;42
50,22,0.255244,0.807325,0.7458,0.3882,10;13;32;41;46
50,23,0.402855,0.597850,0.3695,0.7543,1;7;13;25;33;47
50,24,0.572787,0.942591,0.1961,0.7060,3;4;20;27;28;30;36;37;43
50,25,0.420738,0.624484,0.7218,0.4392,1;7;13;23;33;47
50,26,0.808070,0.869580,0.2192,0.5526,4;8;11;27;28;29;30;36;38;40
50,27,0.656771,0.830282,0.7185,0.7099,3;4;8;20;24;26;28;29;30;33;36;37;40;43
50,28,0.641749,0.759495,0.3175,0.7394,3;20;24;26;27;29;30;33;36;37;40;43
50,29,0.746019,0.675909,0.7837,0.6995,11;17;26;27;28;30;33;36;37;40;48
50,30,0.761084,0.854202,0.2314,0.6514,3;4;8;11;20;24;26;27;28;29;36;37;38;40
50,31,0.089655,0.522212,0.1008,0.6006,7;13;15;44;45;46
50,32,0.145181,0.783531,0.5111,0.5602,10;13;22;41;44;46
50,33,0.579280,0.636777,0.8259,0.4336,1;23;25;27;28;29;37
50,34,0.568761,0.146932,0.8988,0.2701,0;14;16;35
50,35,0.565340,0.294408,0.8837,0.4323,0;1;12;14;21;34;47
50,36,0.772300,0.887338,0.2616,0.2487,3;4;8;11;20;24;26;27;28;29;30;38;40
50,37,0.569482,0.792299,0.2547,0.5671,3;4;20;24;27;28;29;30;33;43
50,38,0.856835,0.953288,0.7588,0.6940,8;26;30;36;40
50,39,0.890540,0.108355,0.1204,0.7672,5;6;16
50,40,0.839186,0.807077,0.4002,0.2336,8;11;26;27;28;29;30;36;38;48
50,41,0.223028,0.780528,0.6186,0.2481,10;13;22;32;46
50,42,0.776269,0.429875,0.6039,0.2439,1;2;5;9;17;21
50,43,0.563915,0.960628,0.6902,0.2326,3;4;20;24;27;28;37
50,44,0.054773,0.622218,0.4262,0.3063,13;31;32;45;46
50,45,0.022961,0.557909,0.6036,0.3175,13;15;31;44;46
50,46,0.155001,0.640239,0.5660,0.4660,7;13;22;31;32;41;44;45
50,47,0.457181,0.417704,0.4289,0.2862,1;7;12;23;25;35
50,48,0.891607,0.641936,0.6840,0.3323,11;17;18;29;40
50,49,0.173915,0.215907,0.3238,0.2101,15;19
51,0,0.495269,0.442695,0.4930,0.6387,2;5;19;27;36;39
51,1,0.281501,0.162312,0.5852,0.3403,15;23;24;36
51,2,0.714315,0.449025,0.4408,0.6958,0;5;13;20;30;34;41
51,3,0.139731,0.403219,0.7998,0.5236,29;37;47
51,4,0.863016,0.671393,0.8013,0.7088,7;20;22;30;41;45
51,5,0.596312,0.344550,0.2418,0.6089,0;2;13;32;36;41
51,6,0.555464,0.092070,0.3548,0.2175,13;15;24;32;33
51,7,0.872448,0.724988,0.2831,0.6502,4;8;22;30;38;40;45
51,8,0.826006,0.922829,0.8678,0.2138,7;9;38;40;44
51,9,0.923090,0.981982,0.7285,0.5532,8;40
51,10,0.565421,0.932485,0.6753,0.4572,17;25;38;42;44;49
51,11,0.066794,0.777740,0.6446,0.7967,12;16;18;35;43
51,12,0.022735,0.936574,0.4629,0.6201,11;16;18;21;35;43
51,13,0.674632,0.262799,0.4221,0.7629,2;5;6;32;34
51,14,0.970297,0.198439,0.2888,0.4431,26;28;34;46;48
51,15,0.453866,0.089187,0.7239,0.2879,1;6;24;33;36
51,16,0.132666,0.931387,0.7339,0.4191,11;12;18;21;35;43
51,17,0.357879,0.930611,0.1018,0.5244,10;18;21;25;42
51,18,0.202619,0.915819,0.1675,0.7044,11;12;16;17;21;35;43
51,19,0.401312,0.467193,0.2444,0.5775,0;27;29;31;36;39;47
51,20,0.927167,0.464255,0.3623,0.2955,2;4;22;26;28;30;34;41;45
51,21,0.204917,0.996111,0.8937,0.6072,12;16;17;18;43
51,22,0.907638,0.678033,0.6276,0.2089,4;7;20;30;45
51,23,0.078595,0.163383,0.3680,0.7933,1
51,24,0.379830,0.218871,0.8496,0.6120,1;6;15;36
51,25,0.421900,0.825167,0.4239,0.2902,10;17;42;49
51,26,0.979544,0.317756,0.1583,0.5908,14;20;28;34;48
51,27,0.467728,0.546113,0.8497,0.2437,0;19;31;39;49
51,28,0.976433,0.375981,0.5565,0.3964,14;20;26;30;34;48
51,29,0.190387,0.447489,0.4183,0.4740,3;19;31;37;47
51,30,0.891401,0.545189,0.5753,0.2237,2;4;7;20;22;28;41;45
51,31,0.307098,0.592555,0.5725,0.6635,19;27;29;39;47
51,32,0.725987,0.168694,0.3148,0.4580,5;6;13;33;34;46
51,33,0.578807,0.047786,0.5872,0.3733,6;15;32
51,34,0.864123,0.294017,0.5374,0.2097,2;13;14;20;26;28;32;46;48
51,35,0.043001,0.817461,0.2267,0.7353,11;12;16;18;43
51,36,0.431160,0.284761,0.1302,0.3985,0;1;5;15;19;24
51,37,0.052900,0.451739,0.1271,0.5631,3;29;47
51,38,0.682049,0.832000,0.6837,0.5974,7;8;10;42;44;49
51,39,0.398360,0.534182,0.5338,0.7850,0;19;27;31;47
51,40,0.927684,0.905043,0.5786,0.6148,7;8;9
51,41,0.740916,0.499658,0.5059,0.3751,2;4;5;20;30;45
51,42,0.513391,0.915171,0.2040,0.7295,10;17;25;38;44;49
51,43,0.075179,0.833958,0.3702,0.6413,11;12;16;18;21;35
51,44,0.639062,0.878181,0.5098,0.5777,8;10;38;42;49
51,45,0.894266,0.588993,0.6178,0.3701,4;7;20;22;30;41
51,46,0.827323,0.102338,0.4615,0.5274,14;32;34;48
51,47,0.193385,0.519424,0.4663,0.6862,3;19;29;31;37;39
51,48,0.973678,0.171620,0.8303,0.6172,14;26;28;34;46
51,49,0.546125,0.734548,0.4531,0.4142,10;25;27;38;42;44
52,0,0.179042,0.895196,0.1205,0.5875,2;24;25;29;31;47
52,1,0.401653,0.390496,0.5151,0.7738,8;13;22;28
52,2,0.195989,0.769107,0.8597,0.5352,0;6;9;18;21;23;24;25;29;31;38;47
52,3,0.656727,0.026218,0.1125,0.3923,11;30
52,4,0.615583,0.274900,0.4902,0.6081,8;11;28;30;45;49
52,5,0.780248,0.963524,0.7599,0.3345,14;17;33
52,6,0.063481,0.627819,0.2553,0.5769,2;9;16;23;25;27;29;38
52,7,0.973357,0.494898,0.1960,0.6053,10;19;35;36;42
52,8,0.532197,0.384474,0.5098,0.5462,1;4;13;22;28;30;45;49
52,9,0.149917,0.623641,0.8411,0.2679,2;6;16;23;25;27;29;38
52,10,0.915318,0.505805,0.4850,0.4905,7;12;19;35;36;42
52,11,0.718540,0.153915,0.1375,0.5129,3;4;12;26;30;34;39;41;45;49
52,12,0.834088,0.320116,0.6637,0.5492,10;11;26;34;39;41;42;43;44;45;49
52,13,0.576804,0.493907,0.3153,0.2226,1;8;15;28;45;46;49
52,14,0.749764,0.790528,0.7709,0.3261,5;17;19;20;32;33;40;46
52,15,0.532141,0.681563,0.3461,0.3951,13;17;18;21;32;46
52,16,0.000655,0.643549,0.4629,0.3961,6;9;23;25;27
52,17,0.682339,0.792405,0.3622,0.2643,5;14;15;20;32;33;40;46
52,18,0.368681,0.695502,0.6831,0.4197,2;15;21;25;38
52,19,0.883020,0.663570,0.8089,0.6905,7;10;14;20;32;33;35;36;40
52,20,0.867788,0.755567,0.4807,0.7075,14;17;19;32;33;36;40
52,21,0.390154,0.727689,0.5196,0.3429,2;15;18;25;38
52,22,0.331877,0.456635,0.4410,0.7109,1;8;27;28
52,23,0.038316,0.673011,0.1366,0.7759,2;6;9;16;25;27;29;47
52,24,0.167920,0.899767,0.3126,0.7080,0;2;25;29;31;47
52,25,0.175907,0.746473,0.6577,0.5860,0;2;6;9;16;18;21;23;24;29;31;38;47
52,26,0.852482,0.268322,0.1873,0.7702,11;12;34;39;41;42;43;44;45;48;49
52,27,0.182556,0.523585,0.7340,0.2211,6;9;16;22;23;37;38
52,28,0.460686,0.394067,0.3831,0.4740,1;4;8;13;22
52,29,0.140354,0.826468,0.5926,0.7688,0;2;6;9;23;24;25;31;38;47
52,30,0.611387,0.185689,0.1976,0.5550,3;4;8;11;45;49
52,31,0.246625,0.951640,0.4783,0.2361,0;2;24;25;29;47
52,32,0.683526,0.739361,0.6860,0.2790,14;15;17;19;20;33;40;46
52,33,0.846743,0.789535,0.4824,0.3630,5;14;17;19;20;32;40
52,34,0.830308,0.222197,0.2038,0.7068,11;12;26;39;41;42;43;44;45;48;49
52,35,0.940605,0.546182,0.5214,0.7139,7;10;19;36;42
52,36,0.901518,0.572594,0.3787,0.2977,7;10;19;20;35;40;42
52,37,0.103103,0.404901,0.2095,0.3985,27
52,38,0.260728,0.684469,0.7473,0.6856,2;6;9;18;21;25;27;29
52,39,0.915997,0.186602,0.4425,0.2350,11;12;26;34;41;42;43;44;48
52,40,0.761498,0.722421,0.3596,0.6638,14;17;19;20;32;33;36;46
52,41,0.932161,0.177899,0.5052,0.6754,11;12;26;34;39;42;43;44;48
52,42,0.945024,0.389077,0.4598,0.4653,7;10;12;26;34;35;36;39;41;43;44
52,43,0.968628,0.171857,0.3389,0.3006,12;26;34;39;41;42;44;48
52,44,0.946065,0.221652,0.4942,0.4027,12;26;34;39;41;42;43;48
52,45,0.694598,0.343325,0.3698,0.6445,4;8;11;12;13;26;30;34;49
52,46,0.607938,0.686437,0.6355,0.5248,13;14;15;17;32;40
52,47,0.102221,0.860450,0.3716,0.5530,0;2;23;24;25;29;31
52,48,0.939579,0.106211,0.8716,0.6780,26;34;39;41;43;44
52,49,0.710615,0.369231,0.3539,0.6276,4;8;11;12;13;26;30;34;45
53,0,0.613648,0.177775,0.5087,0.6653,8;27;30;32;40;42
53,1,0.128897,0.958005,0.6358,0.4721,6;17;34
53,2,0.910487,0.967634,0.8197,0.5323,5;10;11;21;48
53,3,0.812418,0.428107,0.6836,0.4355,23;29;44
53,4,0.332295,0.136125,0.5395,0.3090,7;16;28;38;40;42
53,5,0.851013,0.882490,0.4516,0.2726,2;10;11;21;48
53,6,0.042875,0.801621,0.4750,0.2380,1;34;39
53,7,0.372504,0.229573,0.6500,0.3190,4;18;28;38;42;47
53,8,0.647340,0.232090,0.7298,0.6370,0;18;23;27;30;32;42;47
53,9,0.958461,0.131128,0.8406,0.5932,12;30
53,10,0.877372,0.883084,0.8733,0.7740,2;5;11;21;48
53,11,0.827076,0.799312,0.8409,0.3955,2;5;10;21;24;48
53,12,0.868485,0.069243,0.2380,0.5460,9;27;30;32
53,13,0.005570,0.339930,0.5535,0.5689,14;33;35;36;41
53,14,0.033789,0.204091,0.6928,0.7289,13;16;33;35;36;37;38
53,15,0.633005,0.555546,0.8643,0.6397,18;20;23
53,16,0.182149,0.100369,0.7395,0.5943,4;14;25;28;33;37;38
53,17,0.303262,0.851122,0.5681,0.5842,1;34;39;43;45
53,18,0.524792,0.383068,0.2890,0.5304,7;8;15;20;23;26;47
53,19,0.586434,0.995100,0.2892,0.2999,31
53,20,0.490629,0.499584,0.6227,0.6215,15;18;23;26;46;47;49
53,21,0.850342,0.990463,0.2956,0.5466,2;5;10;11;48
53,22,0.222086,0.449004,0.8156,0.3219,26;36;38;41;49
53,23,0.637322,0.441064,0.5448,0.3848,3;8;15;18;20;47
53,24,0.949458,0.643146,0.4343,0.4935,11;29;44
53,25,0.149705,0.006365,0.6157,0.6423,16;33;37
53,26,0.366294,0.515314,0.8060,0.3313,18;20;22;41;46;47;49
53,27,0.738748,0.167709,0.7466,0.3739,0;8;12;30;32
53,28,0.368834,0.209151,0.8535,0.5426,4;7;16;38;40;42;47
53,29,0.958692,0.525828,0.3088,0.3523,3;24;44
53,30,0.805385,0.172874,0.7486,0.6650,0;8;9;12;27;32
53,31,0.543365,0.816356,0.5890,0.6350,19;43
53,32,0.737046,0.190424,0.2444,0.4681,0;8;12;27;30
53,33,0.062916,0.200181,0.7599,0.7164,13;14;16;25;35;36;37;38
53,34,0.143213,0.841167,0.4510,0.3121,1;6;17;39;45
53,35,0.007084,0.304869,0.2395,0.2419,13;14;33;36;37
53,36,0.092604,0.377156,0.1444,0.3479,13;14;22;33;35;38;41
53,37,0.008115,0.089851,0.8209,0.4811,14;16;25;33;35
53,38,0.244748,0.262390,0.5216,0.4986,4;7;14;16;22;28;33;36
53,39,0.160151,0.717545,0.1900,0.4942,6;17;34;45;49
53,40,0.463186,0.024225,0.8163,0.3961,0;4;28;42
53,41,0.165059,0.471661,0.5637,0.5350,13;22;26;36;49
53,42,0.518681,0.087092,0.8320,0.3458,0;4;7;8;28;40
53,43,0.456027,0.786923,0.2194,0.6874,17;31;45;46;49
53,44,0.899852,0.480080,0.7022,0.2591,3;24;29
53,45,0.320849,0.746827,0.7346,0.4383,17;34;39;43;46;49
53,46,0.363187,0.627735,0.7325,0.7178,20;26;43;45;49
53,47,0.483833,0.378910,0.5384,0.3040,7;8;18;20;23;26;28
53,48,0.862738,0.942138,0.8067,0.3592,2;5;10;11;21
53,49,0.325434,0.618612,0.5434,0.5639,20;22;26;39;41;43;45;46
54,0,0.100459,0.284450,0.1884,0.5330,5;15;31;38;49
54,1,0.789837,0.683042,0.7153,0.6784,7;9;11;14;22;35;41
54,2,0.625348,0.140611,0.5113,0.2232,13;36;37;46
54,3,0.337156,0.008742,0.1213,0.7469,25;31;38;43;46
54,4,0.664923,0.981984,0.7340,0.5323,9;11;39
54,5,0.150128,0.286713,0.1803,0.4392,0;17;18;19;31;38;47;49
54,6,0.128807,0.839991,0.7108,0.2540,10;12;21;23;28;34;48
54,7,0.591401,0.700626,0.2295,0.5098,1;9;11;39;44
54,8,0.366727,0.967676,0.5355,0.5101,34;42
54,9,0.721574,0.839646,0.7499,0.6021,1;4;7;11;22;35;39
54,10,0.066018,0.742112,0.4582,0.2889,6;12;21;27;28;48
54,11,0.655156,0.805362,0.1244,0.6319,1;4;7;9;35;39
54,12,0.214618,0.666951,0.8794,0.6226,6;10;26;27;28;32;34;47;48
54,13,0.596203,0.128203,0.4708,0.3173,2;36;37;46
54,14,0.694561,0.496558,0.1340,0.4718,1;37
54,15,0.017089,0.097168,0.2972,0.4772,0;31
54,16,0.968886,0.118650,0.2834,0.2478,20;30
54,17,0.275462,0.423862,0.1382,0.7221,5;18;19;26;40;47;49
54,18,0.359016,0.326639,0.3889,0.5184,5;17;19;25;26;40;46;47;49
54,19,0.366691,0.306945,0.3204,0.3801,5;17;18;25;38;40;46;47;49
54,20,0.924020,0.212013,0.7408,0.3050,16;24;30;33;45
54,21,0.027042,0.941513,0.6633,0.2149,6;10;23;48
54,22,0.888102,0.778521,0.5521,0.3090,1;9;35;41
54,23,0.025646,0.990100,0.5254,0.5169,6;21;48
54,24,0.930185,0.422460,0.3843,0.4555,20;29;33;41;45
54,25,0.361823,0.161954,0.4436,0.3523,3;18;19;31;38;43;46
54,26,0.230807,0.494857,0.1237,0.2723,12;17;18;27;32;40;47;49
54,27,0.060309,0.599067,0.1044,0.3194,10;12;26;28
54,28,0.061519,0.718841,0.6368,0.7233,6;10;12;27;48
54,29,0.963994,0.431222,0.2603,0.4415,24;33;41;45
54,30,0.861964,0.022380,0.7581,0.7517,16;20
54,31,0.228201,0.126483,0.4516,0.3525,0;3;5;15;25;38;43;46
54,32,0.281399,0.650094,0.4500,0.4362,12;26;34;40;44;47;49
54,33,0.901120,0.342390,0.7586,0.2474,20;24;29;37;45
54,34,0.261062,0.864055,0.5681,0.5148,6;8;12;32;42;48
54,35,0.827768,0.684449,0.7646,0.6197,1;9;11;22;41
54,36,0.642041,0.221837,0.4800,0.2193,2;13;37
54,37,0.710332,0.285456,0.8839,0.4418,2;13;14;33;36
54,38,0.249697,0.124695,0.4405,0.3864,0;3;5;19;25;31;43;46
54,39,0.616137,0.907981,0.3643,0.5536,4;7;9;11
54,40,0.405540,0.496387,0.7041,0.6771,17;18;19;26;32;44;47;49
54,41,0.914207,0.639839,0.1405,0.5531,1;22;24;29;35
54,42,0.368566,0.893043,0.6332,0.2746,8;34
54,43,0.308259,0.064882,0.3019,0.2118,3;25;31;38;46
54,44,0.442812,0.677068,0.6241,0.5513,7;32;40
54,45,0.998040,0.371970,0.5351,0.7649,20;24;29;33
54,46,0.425170,0.172483,0.1544,0.6289,2;3;13;18;19;25;31;38;43
54,47,0.246098,0.479571,0.7058,0.7148,5;12;17;18;19;26;32;40;49
54,48,0.106425,0.836770,0.6049,0.3617,6;10;12;21;23;28;34
54,49,0.251100,0.434185,0.1024,0.3496,0;5;17;18;19;26;32;40;47
55,0,0.997485,0.065779,0.4523,0.5041,1
55,1,0.784458,0.042297,0.4501,0.2069,0;31
55,2,0.610558,0.501836,0.2381,0.6871,7;19;35;37;40
55,3,0.807832,0.297629,0.3076,0.2281,5;37;45
55,4,0.830131,0.821712,0.4794,0.4840,9;18;20;22;32;33;39;43;44
55,5,0.929261,0.395000,0.1750,0.7056,3;37;42;45;49
55,6,0.606109,0.989698,0.7737,0.4281,9;22;26;36;41;47
55,7,0.638882,0.648027,0.1681,0.5574,2;9;19;26;35;40
55,8,0.198664,0.590317,0.1732,0.5888,10;11;14;17;23;25;29;34;46;48
55,9,0.685156,0.813665,0.1672,0.2947,4;6;7;22;26;36;41;43
55,10,0.382221,0.556542,0.8128,0.6046,8;11;19;34;48
55,11,0.292616,0.410887,0.5723,0.6749,8;10;13;15;16;23;48
55,12,0.382004,0.099577,0.5799,0.4541,15;21;27
55,13,0.216284,0.286655,0.8230,0.2903,11;15;16;23;38
55,14,0.049104,0.479892,0.6810,0.4353,8;16;23;25;29
55,15,0.266174,0.233299,0.8546,0.6022,11;12;13;16;38
55,16,0.174195,0.322320,0.7783,0.5988,11;13;14;15;23;25;38
55,17,0.183015,0.736968,0.1400,0.2259,8;29;30;34;46
55,18,0.967041,0.669732,0.3837,0.6280,4;24;33;42;49
55,19,0.595121,0.582864,0.3069,0.6743,2;7;10;35;40
55,20,0.911970,0.995671,0.7321,0.4541,4;22;32;33;39;43;44
55,21,0.446068,0.014660,0.3837,0.2264,12;27;31
55,22,0.711487,0.911071,0.8197,0.5854,4;6;9;20;26;36;41;43
55,23,0.165143,0.430787,0.2416,0.3705,8;11;13;14;16;25;48
55,24,0.988045,0.660322,0.8150,0.6146,18;33;42;49
55,25,0.026307,0.467268,0.5466,0.4000,8;14;16;23
55,26,0.515571,0.819814,0.4019,0.2642,6;7;9;22;36;41;47
55,27,0.540550,0.171528,0.8448,0.5486,12;21;31
55,28,0.089023,0.054922,0.7872,0.5952,38
55,29,0.158358,0.665358,0.6129,0.3090,8;14;17;30;34;46
55,30,0.027429,0.803250,0.6120,0.7309,17;29;46
55,31,0.627770,0.095078,0.8410,0.6212,1;21;27
55,32,0.930889,0.936513,0.3264,0.5659,4;20;33;39;43;44
55,33,0.943714,0.799186,0.4070,0.3492,4;18;20;24;32;39;43;44
55,34,0.235211,0.684346,0.3119,0.5671,8;10;17;29;46;48
55,35,0.750926,0.571562,0.1205,0.4718,2;7;19;37;40;42;49
55,36,0.595474,0.884951,0.3499,0.2389,6;9;22;26;41;47
55,37,0.780039,0.448580,0.1093,0.5365,2;3;5;35;40;42;45;49
55,38,0.146606,0.111957,0.1818,0.2854,13;15;16;28
55,39,0.976011,0.962519,0.8850,0.4133,4;20;32;33;43;44
55,40,0.730957,0.537502,0.7080,0.6953,2;7;19;35;37;42;49
55,41,0.625961,0.964582,0.4253,0.5256,6;9;22;26;36;47
55,42,0.927803,0.508217,0.2000,0.5015,5;18;24;35;37;40;45;49
55,43,0.815319,0.851401,0.5591,0.6736,4;9;20;22;32;33;39;44
55,44,0.970508,0.928076,0.2776,0.5208,4;20;32;33;39;43
55,45,0.894164,0.304114,0.5262,0.5011,3;5;37;42
55,46,0.138241,0.757833,0.5913,0.7282,8;17;29;30;34
55,47,0.451291,0.880177,0.2100,0.3551,6;26;36;41
55,48,0.356051,0.513145,0.4836,0.7944,8;10;11;23;34
55,49,0.927102,0.571088,0.7023,0.4671,5;18;24;35;37;40;42
56,0,0.694767,0.351261,0.7084,0.7877,11;13;17;19;41;43
56,1,0.070384,0.078606,0.1120,0.4848,35;37;44
56,2,0.682766,0.061867,0.5130,0.4376,13;18;27;31;45
56,3,0.832524,0.537817,0.6688,0.7950,16;36;41
56,4,0.771292,0.807504,0.2023,0.7248,16;24;30;36;39
56,5,0.207142,0.314388,0.2383,0.5573,7;8;14;21;25;33;37;38;44
56,6,0.410790,0.709357,0.8534,0.4665,15;22;23;24;26;29;32;34;40;42
56,7,0.125763,0.514668,0.7285,0.2082,5;8;9;10;12;14;21;33
56,8,0.259905,0.372388,0.7415,0.4677,5;7;12;14;21;25;33;37;38
56,9,0.055811,0.485508,0.8954,0.4451,7;10;12;33
56,10,0.049152,0.594117,0.3105,0.2985,7;9;12;20;33
56,11,0.651327,0.301133,0.7496,0.2457,0;13;17;19;41;43;45
56,12,0.135887,0.530353,0.6844,0.7517,7;8;9;10;21;33;34
56,13,0.580364,0.178928,0.1428,0.5173,0;2;11;18;43;45
56,14,0.293317,0.376336,0.2830,0.6558,5;7;8;21;25;38
56,15,0.375045,0.865184,0.4830,0.3368,6;22;23;24;26;29;32;40;42;46;47
56,16,0.785517,0.740560,0.3766,0.5532,3;4;24;30;36;39
56,17,0.556752,0.434908,0.4087,0.6515,0;11;41;43;48
56,18,0.497503,0.050002,0.1385,0.5325,2;13;45;49
56,19,0.789178,0.262131,0.8790,0.5813,0;11;31;43;45
56,20,0.014355,0.790503,0.3948,0.3588,10;26;28
56,21,0.310742,0.423591,0.5112,0.3859,5;7;8;12;14;25;34;38
56,22,0.364188,0.756266,0.1987,0.5345,6;15;23;24;26;29;32;34;40;42;46
56,23,0.339917,0.892464,0.7009,0.5021,6;15;22;26;28;29;32;40;42;46;47
56,24,0.571210,0.782517,0.8029,0.4172,4;6;15;16;22;29;32;36;40;42;47
56,25,0.308521,0.318932,0.7019,0.7700,5;8;14;21;37;38
56,26,0.220733,0.781259,0.1377,0.6055,6;15;20;22;23;28;29;32;34;42
56,27,0.805265,0.028891,0.4434,0.3833,2;31;45
56,28,0.130856,0.857037,0.3939,0.5913,20;23;26
56,29,0.369530,0.798930,0.3708,0.2874,6;15;22;23;24;26;32;34;40;42;46;47
56,30,0.875886,0.783279,0.2574,0.7280,4;16;36;39
56,31,0.854288,0.184325,0.1891,0.7667,2;19;27;45
56,32,0.418734,0.700598,0.2233,0.6278,6;15;22;23;24;26;29;34;40;42;48
56,33,0.054192,0.396490,0.4580,0.6619,5;7;8;9;10;12;38
56,34,0.334002,0.608240,0.5918,0.6419,6;12;21;22;26;29;32;42;48
56,35,0.228902,0.053699,0.8817,0.6093,1;37;44;49
56,36,0.694793,0.675268,0.5966,0.6894,3;4;16;24;30;41
56,37,0.160264,0.186738,0.1679,0.4630,1;5;8;25;35;38;44
56,38,0.174908,0.294112,0.7188,0.6585,5;8;14;21;25;33;37;44
56,39,0.963279,0.798192,0.2943,0.3761,4;16;30
56,40,0.428182,0.881354,0.6132,0.6454,6;15;22;23;24;29;32;42;46;47
56,41,0.693950,0.473948,0.4914,0.2184,0;3;11;17;36;43;48
56,42,0.401236,0.763809,0.7941,0.5331,6;15;22;23;24;26;29;32;34;40;46;47
56,43,0.613273,0.390144,0.4036,0.3018,0;11;13;17;19;41;48
56,44,0.103656,0.176878,0.1582,0.4848,1;5;35;37;38
56,45,0.709141,0.099915,0.6714,0.5930,2;11;13;18;19;27;31
56,46,0.372509,0.972412,0.1486,0.7081,15;22;23;29;40;42;47
56,47,0.503360,0.956545,0.5854,0.4322,15;23;24;29;40;42;46
56,48,0.533409,0.517070,0.2976,0.2250,17;32;34;41;43
56,49,0.388245,0.059969,0.3632,0.5812,18;35
57,0,0.558030,0.520039,0.2304,0.5360,2;19;21;22
57,1,0.635279,0.118313,0.3625,0.6327,29;39;40;47;49
57,2,0.529139,0.682128,0.7300,0.2030,0;3;7;13;22;24;31;32
57,3,0.640839,0.781589,0.1712,0.5121,2;7;13;22;24;28;32;42
57,4,0.072648,0.030635,0.8563,0.6901,14;18;35
57,5,0.802851,0.428754,0.2462,0.6133,11;12;15;17;26;36;38;41
57,6,0.363021,0.843893,0.6737,0.3442,7;13;20;32;34;46
57,7,0.569350,0.896792,0.2090,0.4518,2;3;6;13;24;28;32;46
57,8,0.023374,0.594702,0.4116,0.7604,25;43;44
57,9,0.126504,0.943268,0.8394,0.6769,10;16;20;30;48
57,10,0.132701,0.881180,0.3985,0.4889,9;16;20;25;30;34;43;48
57,11,0.764001,0.358507,0.1471,0.4109,5;17;26;36;38;41
57,12,0.849270,0.631060,0.5500,0.6188,5;15;22;26;42
57,13,0.577312,0.831037,0.8590,0.2549,2;3;6;7;22;24;28;32;46
57,14,0.186772,0.014693,0.5595,0.7848,4;18;35
57,15,0.977778,0.553296,0.5883,0.7063,5;12;17;26;42
57,16,0.005844,0.943608,0.8087,0.2655,9;10;30;43;48
57,17,0.897322,0.368544,0.7530,0.2517,5;11;15;26;36;38;41
57,18,0.139200,0.072840,0.2487,0.2485,4;14;35
57,19,0.460986,0.335614,0.8041,0.6463,0;21;29;47;49
57,20,0.314355,0.957337,0.2819,0.6902,6;9;10;30;32;46;48
57,21,0.460571,0.456918,0.7352,0.2319,0;19;31;37
57,22,0.706066,0.670964,0.5556,0.3198,0;2;3;12;13;24;26;42
57,23,0.137970,0.296798,0.1263,0.2425,35;44
57,24,0.602123,0.784058,0.4442,0.3883,2;3;7;13;22;28;32
57,25,0.096572,0.672974,0.1118,0.7742,8;10;27;34;43;48
57,26,0.834786,0.551426,0.3051,0.6204,5;11;12;15;17;22;36;41;42
57,27,0.280331,0.608552,0.8904,0.2520,25;31;34;37
57,28,0.592221,0.939965,0.5033,0.6711,3;7;13;24;32;46
57,29,0.435742,0.177026,0.5494,0.3963,1;19;35;47;49
57,30,0.140913,0.943025,0.3344,0.6864,9;10;16;20;48
57,31,0.334267,0.587635,0.2127,0.5405,2;21;27;34;37
57,32,0.449279,0.811163,0.4747,0.5559,2;3;6;7;13;20;24;28;34;46
57,33,0.881641,0.913413,0.5585,0.7191,42;45
57,34,0.264334,0.731411,0.4297,0.2789,6;10;25;27;31;32;48
57,35,0.266401,0.131890,0.3057,0.7739,4;14;18;23;29;47;49
57,36,0.823307,0.346611,0.7128,0.4481,5;11;17;26;38;40;41
57,37,0.293648,0.486107,0.6862,0.7756,21;27;31
57,38,0.835008,0.318960,0.7344,0.5088,5;11;17;36;39;40;41
57,39,0.779502,0.126419,0.2130,0.4845,1;38;40
57,40,0.844922,0.141536,0.7438,0.6866,1;36;38;39
57,41,0.844564,0.367169,0.1661,0.7410,5;11;17;26;36;38
57,42,0.830505,0.710307,0.6803,0.2424,3;12;15;22;26;33;45
57,43,0.018062,0.734317,0.3063,0.2272,8;10;16;25;48
57,44,0.063369,0.399298,0.3814,0.5369,8;23
57,45,0.925341,0.898476,0.5886,0.3331,33;42
57,46,0.410009,0.950639,0.2465,0.4810,6;7;13;20;28;32
57,47,0.459358,0.211272,0.3374,0.7825,1;19;29;35;49
57,48,0.136012,0.847618,0.7269,0.6370,9;10;16;20;25;30;34;43
57,49,0.470003,0.177625,0.4503,0.5144,1;19;29;35;47
58,0,0.186770,0.947025,0.3717,0.3418,5;13;35;37;49
58,1,0.702456,0.149452,0.5280,0.6850,2;3;4;11;27;33;36;42;47;48
58,2,0.789277,0.307715,0.5831,0.3296,1;23;36;38;46
58,3,0.856011,0.069744,0.5380,0.4253,1;4;11;23;36;47
58,4,0.737229,0.031948,0.8541,0.5051,1;3;11;36;47;48
58,5,0.039834,0.895030,0.5655,0.7395,0;13;32;35;49
58,6,0.421755,0.676767,0.7430,0.3657,14;16;28;41;43;45
58,7,0.356169,0.005619,0.8692,0.3866,10;12;22;27;48
58,8,0.764305,0.541014,0.1427,0.2576,9;21;38;40;46
58,9,0.913524,0.510437,0.5111,0.3009,8;17;18;38;39
58,10,0.242976,0.151467,0.7032,0.2975,7;12;22
58,11,0.902853,0.088386,0.1432,0.5307,1;3;4;23;36;47
58,12,0.392582,0.219944,0.5920,0.5220,7;10;27;33;42
58,13,0.136081,0.927518,0.6002,0.7032,0;5;32;35;37;49
58,14,0.281590,0.678338,0.2829,0.5975,6;16;20;32;35;41;43;44;45
58,15,0.957688,0.923530,0.2244,0.3512,19;25;39
58,16,0.456539,0.754237,0.3219,0.4924,6;14;34;37;41;45
58,17,0.996022,0.556484,0.3230,0.3269,9;18;38;39
58,18,0.982022,0.451148,0.2053,0.6496,9;17;23;38
58,19,0.857210,0.860704,0.5199,0.2658,15;24;25;39
58,20,0.087727,0.593419,0.4372,0.7721,14;29;30;32;35;44
58,21,0.593597,0.423498,0.3879,0.5615,8;28;38;40;46
58,22,0.167487,0.046426,0.2570,0.2061,7;10
58,23,0.953251,0.240269,0.2012,0.5764,2;3;11;18
58,24,0.671036,0.882305,0.1104,0.2217,19;25
58,25,0.797340,0.884744,0.2663,0.2304,15;19;24;39
58,26,0.141465,0.370044,0.8497,0.6175,30;31
58,27,0.520661,0.077738,0.2752,0.2787,1;7;12;33;42;47;48
58,28,0.461944,0.463367,0.6736,0.4988,6;21;43
58,29,0.024664,0.595838,0.7804,0.2763,20;30;32;35;44
58,30,0.001097,0.444918,0.8006,0.3462,20;26;29;31;44
58,31,0.090834,0.344252,0.6743,0.2249,26;30
58,32,0.162103,0.713694,0.7215,0.2784,5;13;14;20;29;35;44;45
58,33,0.550731,0.180933,0.1748,0.4013,1;12;27;36;42;47;48
58,34,0.431449,0.957435,0.1376,0.3521,16;37;41
58,35,0.098975,0.795262,0.2576,0.6093,0;5;13;14;20;29;32;44;45;49
58,36,0.725557,0.170917,0.7599,0.4067,1;2;3;4;11;33;47;48
58,37,0.352572,0.910386,0.7344,0.3385,0;13;16;34;41;45
58,38,0.785676,0.522254,0.7625,0.4742,2;8;9;17;18;21;40;46
58,39,0.909861,0.722789,0.3847,0.7419,9;15;17;19;25
58,40,0.686395,0.565543,0.1768,0.5224,8;21;38;46
58,41,0.433735,0.772803,0.2056,0.2426,6;14;16;34;37;45
58,42,0.503133,0.211436,0.1183,0.2971,1;12;27;33;48
58,43,0.371428,0.550238,0.5786,0.4494,6;14;28;45
58,44,0.081553,0.588541,0.8068,0.6115,14;20;29;30;32;35
58,45,0.312947,0.749625,0.6938,0.4818,6;14;16;32;35;37;41;43
58,46,0.690267,0.470445,0.4025,0.5649,2;8;21;38;40
58,47,0.703978,0.094196,0.7885,0.2955,1;3;4;11;27;33;36;48
58,48,0.556013,0.044457,0.6993,0.5185,1;4;7;27;33;36;42;47
58,49,0.050344,0.992415,0.1955,0.6711,0;5;13;35
59,0,0.263671,0.842147,0.7676,0.7090,11;15;16;24;42
59,1,0.741874,0.821178,0.5232,0.4434,8;10;29;31;32;35;39;48
59,2,0.066881,0.387099,0.3991,0.6313,3;5;20;25;26;37
59,3,0.162202,0.567489,0.3958,0.4801,2;5;16;20;21
59,4,0.801458,0.203024,0.6822,0.7497,12;19;28;36;38;44
59,5,0.118515,0.486848,0.5510,0.3611,2;3;16;20;21;25;37
59,6,0.501087,0.366892,0.3647,0.4721,7;13;14;17;19;22;33;41;46
59,7,0.557180,0.368574,0.5695,0.7369,6;13;14;17;19;22;33;46
59,8,0.841239,0.841435,0.7380,0.3610,1;10;18;31;34;43;48
59,9,0.907411,0.460505,0.7177,0.7409,28
59,10,0.753143,0.890925,0.6086,0.7682,1;8;29;31;32;35;48
59,11,0.383165,0.700426,0.3884,0.3440,0;15;16;39
59,12,0.929862,0.084113,0.3966,0.4833,4;36;38;44
59,13,0.512145,0.393716,0.7858,0.4358,6;7;14;17;22;33;46
59,14,0.361671,0.303197,0.8450,0.5568,6;7;13;17;20;22;27;30;37;40;41;46;47
59,15,0.286940,0.763067,0.5022,0.7774,0;11;16;24
59,16,0.254736,0.656027,0.1509,0.3252,0;3;5;11;15
59,17,0.440975,0.431485,0.3243,0.2474,6;7;13;14;20;22;33;41
59,18,0.979697,0.684858,0.3746,0.4220,8;48
59,19,0.604659,0.188565,0.5284,0.7450,4;6;7;27;46
59,20,0.224720,0.416832,0.5581,0.7552,2;3;5;14;17;22;25;26;37;40;41;47
59,21,0.008536,0.647223,0.8495,0.7502,3;5
59,22,0.376929,0.453615,0.3451,0.2525,6;7;13;14;17;20;33;37;41
59,23,0.129476,0.168943,0.3734,0.6563,25;26;30;37;40;47;49
59,24,0.134690,0.882064,0.5768,0.3939,0;15;42
59,25,0.117471,0.295518,0.8520,0.5454,2;5;20;23;26;30;37;40;47
59,26,0.146858,0.216442,0.4177,0.7065,2;20;23;25;30;37;40;41;47;49
59,27,0.410936,0.137445,0.2454,0.7121,14;19;30;40;41;45;46;47;49
59,28,0.828749,0.343523,0.2916,0.4719,4;9;44
59,29,0.654546,0.695426,0.8847,0.2820,1;10;31;35;39;48
59,30,0.266555,0.151306,0.3944,0.6304,14;23;25;26;27;37;40;41;45;47;49
59,31,0.679178,0.850150,0.8898,0.3594,1;8;10;29;32;35;39;48
59,32,0.636232,0.954960,0.4078,0.7599,1;10;31;35
59,33,0.533801,0.492992,0.3287,0.7986,6;7;13;17;22;39
59,34,0.986329,0.950371,0.8629,0.5904,8;43
59,35,0.617699,0.739905,0.5668,0.3487,1;10;29;31;32;39;48
59,36,0.930305,0.147519,0.8178,0.7646,4;12;38;44
59,37,0.240102,0.311135,0.7533,0.3806,2;5;14;20;22;23;25;26;30;40;41;47
59,38,0.820661,0.084635,0.3534,0.3854,4;12;36;44
59,39,0.600785,0.682698,0.6747,0.2335,1;11;29;31;33;35
59,40,0.263670,0.201013,0.5533,0.3320,14;20;23;25;26;27;30;37;41;45;47;49
59,41,0.338835,0.239422,0.7163,0.3356,6;14;17;20;22;26;27;30;37;40;45;46;47;49
59,42,0.133978,0.965694,0.8688,0.6084,0;24
59,43,0.989324,0.947235,0.1145,0.5205,8;34
59,44,0.974108,0.186659,0.6490,0.2732,4;12;28;36;38
59,45,0.365633,0.057603,0.8521,0.6932,27;30;40;41;47;49
59,46,0.531629,0.224913,0.8358,0.2853,6;7;13;14;19;27;41
59,47,0.260742,0.202307,0.1962,0.4210,14;20;23;25;26;27;30;37;40;41;45;49
59,48,0.815237,0.808917,0.5392,0.2554,1;8;10;18;29;31;35
59,49,0.240886,0.078686,0.8460,0.3685,23;26;27;30;40;41;45;47
60,0,0.156418,0.362748,0.6548,0.7366,6;9;25;28;34;44;47
60,1,0.969461,0.279360,0.7653,0.6691,2;11;24;27;40
60,2,0.896261,0.432946,0.2804,0.3360,1;16;31;40
60,3,0.905844,0.797510,0.4415,0.5044,10;16;18;19;29;33;39
60,4,0.259762,0.844142,0.8776,0.4817,20;26;30;36;37;42
60,5,0.650487,0.678713,0.1733,0.2294,8;18;31;39;45;46
60,6,0.048609,0.497220,0.8809,0.2273,0;9;25;28;47
60,7,0.642816,0.163601,0.2500,0.5643,11;15;22;24;32;35;38;43;48
60,8,0.648105,0.815868,0.7303,0.2725,5;10;18;19;39;41;45
60,9,0.025315,0.529037,0.5045,0.2950,0;6;47
60,10,0.796633,0.875312,0.7828,0.4287,3;8;18;19;33;39;41;45
60,11,0.820356,0.222564,0.1789,0.4948,1;7;24;27;40;43
60,12,0.444710,0.452966,0.2248,0.2599,13;21;35;49
60,13,0.577305,0.400305,0.6158,0.7713,12;35;38;40;43
60,14,0.323914,0.188300,0.8844,0.3334,15;34;44
60,15,0.468031,0.111475,0.8702,0.6067,7;14;22;32;38;43;48
60,16,0.911027,0.645705,0.6057,0.3097,2;3;29;31
60,17,0.046641,0.763192,0.1717,0.7154,20;30;36;37
60,18,0.700266,0.815291,0.6330,0.7051,3;5;8;10;19;39;41;45
60,19,0.813671,0.932429,0.4478,0.6245,3;8;10;18;33;39;41
60,20,0.062882,0.927572,0.3097,0.7157,4;17;30;36
60,21,0.367488,0.649077,0.7235,0.4871,12;26;37;46;47;49
60,22,0.658285,0.045630,0.3594,0.6523,7;15;32;38;43;48
60,23,0.025317,0.151983,0.2048,0.3259,25;28;34;44
60,24,0.856335,0.178181,0.8759,0.3300,1;7;11;27;40;43
60,25,0.128024,0.309189,0.6527,0.2917,0;6;23;28;34;44
60,26,0.319789,0.662568,0.8618,0.7518,4;21;36;37;46;47;49
60,27,0.945363,0.119915,0.5067,0.5808,1;11;24
60,28,0.026470,0.301124,0.7035,0.3752,0;6;23;25;34
60,29,0.967660,0.692300,0.8977,0.4077,3;16;33
60,30,0.123418,0.918473,0.8923,0.7148,4;17;20;36;37
60,31,0.763064,0.529087,0.5529,0.6304,2;5;16;40
60,32,0.627547,0.086845,0.6320,0.6112,7;15;22;38;43;48
60,33,0.993455,0.908433,0.7882,0.3072,3;10;19;29
60,34,0.198459,0.198116,0.8667,0.4430,0;14;23;25;28;44
60,35,0.622434,0.351064,0.4016,0.6926,7;12;13;38;40;43
60,36,0.154175,0.775565,0.5943,0.7958,4;17;20;26;30;37
60,37,0.176010,0.720846,0.2689,0.5937,4;17;21;26;30;36;47
60,38,0.600933,0.186487,0.8202,0.3453,7;13;15;22;32;35;43;48
60,39,0.726254,0.855945,0.8177,0.6742,3;5;8;10;18;19;41;45
60,40,0.784093,0.343969,0.4830,0.6792,1;2;11;13;24;31;35;43
60,41,0.719136,0.966360,0.1533,0.5887,8;10;18;19;39;45
60,42,0.352249,0.893251,0.5253,0.3629,4;46
60,43,0.659274,0.213209,0.6469,0.4951,7;11;13;15;22;24;32;35;38;40;48
60,44,0.234631,0.168976,0.1836,0.3418,0;14;23;25;34
60,45,0.639937,0.770858,0.4885,0.3892,5;8;10;18;39;41;46
60,46,0.442694,0.699311,0.7854,0.7699,5;21;26;42;45
60,47,0.190104,0.522212,0.7177,0.5919,0;6;9;21;26;37;49
60,48,0.607924,0.001424,0.3592,0.2081,7;15;22;32;38;43
60,49,0.363591,0.473681,0.6280,0.3319,12;21;26;47
61,0,0.420128,0.605439,0.6209,0.6265,3;14;27;45;47
61,1,0.477028,0.935179,0.8177,0.5414,3;4;18;20;24;31;47
61,2,0.988327,0.669008,0.3245,0.6520,7;11;25
61,3,0.533179,0.770537,0.8674,0.2918,0;1;4;14;20;24;27;31;46;47
61,4,0.522385,0.858134,0.7438,0.2538,1;3;20;24;31;46;47
61,5,0.269609,0.249177,0.6301,0.4924,16;17;22;32;33;34;35;42;44
61,6,0.103611,0.007976,0.8114,0.2386,16;35
61,7,0.894216,0.571007,0.3108,0.7961,2;11;25
61,8,0.129089,0.691272,0.3417,0.7049,9;12;19;21;23;38;39;40
61,9,0.115144,0.478737,0.1468,0.3370,8;10;12;17;19;32;39;41;42;44
61,10,0.043352,0.326823,0.7352,0.7008,9;35;41;42
61,11,0.899238,0.518572,0.8578,0.2980,2;7;13;25
61,12,0.192716,0.630297,0.7521,0.5657,8;9;17;19;21;23;38;39;41;44
61,13,0.784369,0.370544,0.3243,0.4345,11;25;37
61,14,0.472618,0.585605,0.2449,0.6510,0;3;27;29;45
61,15,0.859144,0.125661,0.6839,0.6523,37;48
61,16,0.244434,0.042911,0.7070,0.3194,5;6;22
61,17,0.278138,0.432837,0.2068,0.7964,5;9;12;32;33;34;41;42;44
61,18,0.304387,0.928900,0.5989,0.3403,1;24;38;40;47
61,19,0.148382,0.610938,0.2090,0.2807,8;9;12;21;23;39;41;42;44
61,20,0.566574,0.822961,0.4210,0.7949,1;3;4;24;27;31;46;47
61,21,0.141435,0.737297,0.2724,0.7267,8;12;19;23;38;39;40
61,22,0.355771,0.136360,0.2838,0.3317,5;16;33
61,23,0.114799,0.733839,0.3029,0.4811,8;12;19;21;38;39;40
61,24,0.461471,0.858472,0.1542,0.6154,1;3;4;18;20;31;47
61,25,0.864319,0.528765,0.6363,0.4567,2;7;11;13
61,26,0.594906,0.190315,0.4650,0.7597,36;43
61,27,0.582350,0.628004,0.1086,0.7135,0;3;14;20;29;45;46
61,28,0.839583,0.963842,0.2136,0.4870,30;46;49
61,29,0.555377,0.430244,0.5880,0.6505,14;27;36;45
61,30,0.806164,0.922698,0.3522,0.7392,28;31;46;49
61,31,0.609484,0.944382,0.1453,0.3668,1;3;4;20;24;30;46;49
61,32,0.261091,0.360496,0.3962,0.2336,5;9;17;33;34;41;42;44
61,33,0.298345,0.259375,0.8532,0.3038,5;17;22;32;34;35;42;44
61,34,0.327256,0.387886,0.2847,0.5490,5;17;32;33;36;41;42;44
61,35,0.084642,0.222822,0.7157,0.6896,5;6;10;33;42
61,36,0.542040,0.370987,0.2365,0.2174,26;29;34;45
61,37,0.885018,0.296623,0.3167,0.7507,13;15
61,38,0.183567,0.828814,0.7339,0.2280,8;12;18;21;23;39;40;47
61,39,0.157571,0.670749,0.5321,0.4751,8;9;12;19;21;23;38;40;41
61,40,0.135732,0.857975,0.8572,0.6797,8;18;21;23;38;39
61,41,0.194903,0.457519,0.7476,0.6783,9;10;12;17;19;32;34;39;42;44
61,42,0.183112,0.406577,0.8338,0.2098,5;9;10;17;19;32;33;34;35;41;44
61,43,0.656023,0.018717,0.4634,0.2978,26;48
61,44,0.231991,0.450762,0.2307,0.6782,5;9;12;17;19;32;33;34;41;42
61,45,0.579446,0.504435,0.3341,0.7286,0;14;27;29;36
61,46,0.693146,0.800996,0.1468,0.6886,3;4;20;27;28;30;31;49
61,47,0.396245,0.821554,0.6778,0.7498,0;1;3;4;18;20;24;38
61,48,0.831195,0.032670,0.3072,0.7299,15;43
61,49,0.791470,0.988577,0.4701,0.6657,28;30;31;46
62,0,0.502203,0.518565,0.7109,0.2658,1;5;6;8;10;20;27;28;34;46
62,1,0.508575,0.580111,0.3614,0.5338,0;5;6;8;10;20;27;28;34;46
62,2,0.330594,0.270962,0.1468,0.3856,13;16;18;22;25;27;33;36;44
62,3,0.020810,0.166210,0.3445,0.2801,13;25;32;36;38
62,4,0.860181,0.613850,0.7695,0.2006,8;14;20;26;30;43;46;47
62,5,0.377523,0.507487,0.7357,0.3066,0;1;6;10;27;34;44
62,6,0.349361,0.612077,0.8425,0.7493,0;1;5;10;27;28;34
62,7,0.874956,0.189466,0.4983,0.5830,15;19;21;24;40;41;42
62,8,0.681871,0.496835,0.4844,0.6991,0;1;4;12;20;26;46;47
62,9,0.623914,0.903774,0.5166,0.6656,17;31;37;39;45;48
62,10,0.397261,0.634661,0.8678,0.5827,0;1;5;6;27;28;34
62,11,0.209203,0.947629,0.3254,0.7221,17
62,12,0.597733,0.316532,0.6991,0.6650,8;24;40
62,13,0.233171,0.184987,0.1950,0.4612,2;3;16;18;22;25;33;36;38;44;49
62,14,0.921282,0.474165,0.2034,0.3777,4;46;47
62,15,0.794790,0.160018,0.2442,0.5663,7;19;21;24;40;41;42
62,16,0.358693,0.153611,0.6719,0.4617,2;13;18;22;33;35;36;44;49
62,17,0.418361,0.885822,0.2159,0.2451,9;11;28;39;48
62,18,0.349290,0.083715,0.2464,0.3834,2;13;16;22;33;35;36;44;49
62,19,0.809521,0.133821,0.1512,0.3706,7;15;21;24;40;41;42
62,20,0.654120,0.572705,0.5894,0.5191,0;1;4;8;26;34;37;46;47
62,21,0.927446,0.150909,0.7367,0.2677,7;15;19;24;41;42
62,22,0.285838,0.071336,0.6862,0.7626,2;13;16;18;33;36;49
62,23,0.924061,0.955050,0.8336,0.5410,43
62,24,0.768605,0.218366,0.7895,0.7195,7;12;15;19;21;40;41;42
62,25,0.151635,0.317746,0.1720,0.7176,2;3;13;29;32;33;36;38
62,26,0.757451,0.701131,0.4572,0.6952,4;8;20;30;37;43;45;46;47
62,27,0.402223,0.435892,0.4250,0.5656,0;1;2;5;6;10;33;44
62,28,0.463272,0.720202,0.8814,0.3666,0;1;6;10;17;34;37;39
62,29,0.154169,0.408606,0.6525,0.2579,25;32;38
62,30,0.826668,0.722720,0.2287,0.6190,4;26;37;43;46;47
62,31,0.664080,0.953955,0.1887,0.5297,9;37;39;45;48
62,32,0.042745,0.376983,0.1456,0.7251,3;25;29;38
62,33,0.335224,0.259209,0.4378,0.2126,2;13;16;18;22;25;27;36;44
62,34,0.514372,0.646307,0.6506,0.3009,0;1;5;6;10;20;28;37;39
62,35,0.551225,0.097096,0.1017,0.2032,16;18;40
62,36,0.204763,0.106969,0.8490,0.6488,2;3;13;16;18;22;25;33;49
62,37,0.654701,0.760283,0.5314,0.3160,9;20;26;28;30;31;34;39;43;45
62,38,0.040447,0.272611,0.4168,0.7238,3;13;25;29;32
62,39,0.534433,0.850991,0.1031,0.5791,9;17;28;31;34;37;45;48
62,40,0.704372,0.157034,0.3613,0.3077,7;12;15;19;24;35;41;42
62,41,0.818922,0.083708,0.2954,0.5177,7;15;19;21;24;40;42
62,42,0.850504,0.094361,0.2880,0.6259,7;15;19;21;24;40;41
62,43,0.828836,0.782111,0.8483,0.5319,4;23;26;30;37;45
62,44,0.372113,0.296073,0.2295,0.4508,2;5;13;16;18;27;33
62,45,0.662746,0.883436,0.7483,0.3025,9;26;31;37;39;43;48
62,46,0.711229,0.538326,0.7227,0.6604,0;1;4;8;14;20;26;30;47
62,47,0.869730,0.543440,0.1500,0.4707,4;8;14;20;26;30;46
62,48,0.535785,0.991434,0.5272,0.4593,9;17;31;39;45
62,49,0.297954,0.008436,0.7581,0.6538,13;16;18;22;36
63,0,0.933562,0.857795,0.6026,0.2054,2;8;9
63,1,0.177310,0.555810,0.4555,0.3787,14;16;17;21;27;46
63,2,0.889535,0.882014,0.2092,0.7170,0;4;8;9;20;22
63,3,0.501602,0.892957,0.1180,0.3609,4;6;12;18;39;47
63,4,0.673175,0.882764,0.4801,0.6589,2;3;12;18;20;22;39;47
63,5,0.203847,0.814557,0.4296,0.5542,6;13;14;16;28;46
63,6,0.407509,0.746984,0.8976,0.2378,3;5;7;25;26;27;49
63,7,0.505658,0.635000,0.4503,0.5712,6;25;26;27;32;33;49
63,8,0.883273,0.963475,0.4875,0.5375,0;2;9;39
63,9,0.913051,0.750043,0.5426,0.5572,0;2;8;20;22;31;36;44
63,10,0.767964,0.177033,0.3456,0.6078,15;30;38;40
63,11,0.454876,0.247832,0.3039,0.4112,19;29;30;32;33;34;37;38;41;43
63,12,0.552150,0.965132,0.5942,0.5426,3;4;18;39;47
63,13,0.108660,0.973147,0.4245,0.2452,5;28
63,14,0.189872,0.663824,0.5072,0.6816,1;5;16;17;25;27;46
63,15,0.791102,0.201125,0.7416,0.7082,10;30;38;40
63,16,0.225609,0.608774,0.1900,0.4772,1;5;14;17;21;25;26;27;46
63,17,0.099149,0.540564,0.3312,0.4750,1;14;16;21;45;46
63,18,0.508102,0.970816,0.8550,0.4060,3;4;12;39;47
63,19,0.349328,0.186835,0.4189,0.5489,11;29;34;41;43
63,20,0.737173,0.728323,0.7467,0.2641,2;4;9;22;31;36;44;47;49
63,21,0.063301,0.476871,0.4047,0.6658,1;16;17;45;46;48
63,22,0.708247,0.764254,0.5270,0.3591,2;4;9;20;31;36;47;49
63,23,0.940975,0.019785,0.3528,0.6754,40
63,24,0.952668,0.482278,0.2333,0.5840,35;36;42;44
63,25,0.385643,0.650643,0.7450,0.7255,6;7;14;16;26;27;33;46;49
63,26,0.422492,0.629150,0.3613,0.3025,6;7;16;25;27;32;33;46;49
63,27,0.370234,0.582001,0.7686,0.7920,1;6;7;14;16;25;26;32;33;41;46
63,28,0.006274,0.898854,0.2312,0.2837,5;13
63,29,0.538226,0.100451,0.4669,0.4380,11;19;30;34;37;38;43
63,30,0.654189,0.266401,0.3319,0.5611,10;11;15;29;34;37;38;40
63,31,0.770325,0.621170,0.1490,0.7039,9;20;22;36;44;49
63,32,0.467089,0.444595,0.2433,0.5208,7;11;26;27;33;37;41
63,33,0.409752,0.460644,0.3021,0.5121,7;11;25;26;27;32;37;41
63,34,0.503168,0.110669,0.7161,0.2003,11;19;29;30;37;38;43
63,35,0.969937,0.418999,0.8018,0.5439,24;42;44
63,36,0.853229,0.643252,0.2520,0.5994,9;20;22;24;31;44
63,37,0.541018,0.298909,0.1329,0.4895,11;29;30;32;33;34;38;41;43
63,38,0.660741,0.178195,0.6334,0.5245,10;11;15;29;30;34;37;40
63,39,0.675557,0.990676,0.2896,0.5570,3;4;8;12;18;47
63,40,0.821909,0.150675,0.4790,0.7000,10;15;23;30;38
63,41,0.390789,0.368639,0.6948,0.2636,11;19;27;32;33;37;43
63,42,0.953341,0.399254,0.3781,0.7905,24;35;44
63,43,0.384472,0.170815,0.2892,0.2896,11;19;29;34;37;41
63,44,0.869878,0.574746,0.8681,0.6730,9;20;24;31;35;36;42
63,45,0.094201,0.323673,0.8322,0.2283,17;21;48
63,46,0.204140,0.616743,0.2703,0.6078,1;5;14;16;17;21;25;26;27
63,47,0.593177,0.891109,0.6762,0.6559,3;4;12;18;20;22;39
63,48,0.162508,0.326150,0.4226,0.5553,21;45
63,49,0.602344,0.671162,0.7956,0.5579,6;7;20;22;25;26;31
64,0,0.958436,0.583392,0.7060,0.3713,12;33
64,1,0.009976,0.464846,0.5853,0.5215,8;11;27;45
64,2,0.604915,0.030025,0.4309,0.4874,13;20;29;38;40
64,3,0.095780,0.243395,0.4424,0.7273,8;9;18;21;27;35;44
64,4,0.333538,0.797941,0.8845,0.6047,15;24;32;39
64,5,0.965697,0.025997,0.2015,0.4782,25;41
64,6,0.461395,0.615336,0.8993,0.7447,39;43
64,7,0.089475,0.752635,0.5002,0.3615,14;24;26;28;34;37;45;46;48
64,8,0.034607,0.451471,0.4649,0.2142,1;3;11;27;45
64,9,0.160248,0.109157,0.6994,0.4630,3;18;21;35;44
64,10,0.540536,0.380675,0.6259,0.7859,13;36;49
64,11,0.041256,0.509316,0.8814,0.2657,1;8;26;27;28;34;45
64,12,0.884599,0.655086,0.1260,0.3749,0;16;23;31;33;42
64,13,0.495614,0.185638,0.7771,0.2784,2;10;20;38
64,14,0.024952,0.823627,0.4497,0.2262,7;22;26;37;46;48
64,15,0.316213,0.922049,0.4229,0.6422,4;24;32;39;46
64,16,0.773474,0.743482,0.7113,0.7600,12;23;30;31;42
64,17,0.792347,0.998794,0.7148,0.7654,19;30
64,18,0.110959,0.167184,0.2613,0.5648,3;9;21;27;35;44
64,19,0.807743,0.964413,0.6843,0.2767,17;23;30;42
64,20,0.473961,0.006289,0.2579,0.3956,2;13;38
64,21,0.256835,0.244878,0.2844,0.5242,3;9;18;35
64,22,0.053794,0.978371,0.5079,0.3623,14;37;46;48
64,23,0.825053,0.759576,0.8556,0.2234,12;16;19;30;31;42
64,24,0.293136,0.786518,0.2262,0.3344,4;7;15;26;28;32;34;39;48
64,25,0.902391,0.183667,0.8724,0.4461,5;29;41
64,26,0.144225,0.647946,0.3195,0.3125,7;11;14;24;28;34;45;48
64,27,0.015397,0.342321,0.6715,0.2058,1;3;8;11;18
64,28,0.214674,0.587713,0.1527,0.2999,7;11;24;26;34;43;45
64,29,0.755329,0.141916,0.6948,0.4950,2;25;40;41
64,30,0.732568,0.936519,0.8510,0.2890,16;17;19;23;47
64,31,0.730425,0.583341,0.1116,0.7416,12;16;23;33
64,32,0.305091,0.823293,0.1012,0.3249,4;15;24;39;48
64,33,0.797836,0.474460,0.2742,0.2366,0;12;31;36
64,34,0.180295,0.617024,0.1145,0.5114,7;11;24;26;28;43;45;48
64,35,0.208244,0.182632,0.2989,0.3750,3;9;18;21;44
64,36,0.641553,0.353122,0.6715,0.4420,10;33;49
64,37,0.094373,0.922949,0.2914,0.2667,7;14;22;46;48
64,38,0.470325,0.078903,0.1039,0.5097,2;13;20
64,39,0.465619,0.818341,0.5574,0.6669,4;6;15;24;32;47
64,40,0.720200,0.024106,0.8994,0.2728,2;29
64,41,0.970675,0.133937,0.1953,0.6790,5;25;29
64,42,0.948019,0.827161,0.1185,0.7730,12;16;19;23
64,43,0.359090,0.540050,0.7803,0.4307,6;28;34
64,44,0.111947,0.037055,0.7024,0.5767,3;9;18;35
64,45,0.105769,0.574972,0.7563,0.2833,1;7;8;11;26;28;34
64,46,0.110440,0.955083,0.4956,0.7603,7;14;15;22;37;48
64,47,0.537024,0.922187,0.6937,0.5492,30;39
64,48,0.090919,0.805423,0.5255,0.6640,7;14;22;24;26;32;34;37;46
64,49,0.540493,0.404603,0.6814,0.6440,10;36
65,0,0.617776,0.388205,0.7290,0.7847,5;9;14;24;33;37;41;47
65,1,0.541777,0.733055,0.3768,0.2107,14;16;25;32;34;48
65,2,0.300202,0.988992,0.6324,0.7354,19;23;32;40;42;43
65,3,0.950955,0.942803,0.1915,0.2190,7;11;46
65,4,0.866601,0.547613,0.4717,0.3037,8;14;26;29;30;33;49
65,5,0.480029,0.258013,0.1443,0.4559,0;9;15;21;24;31;39;41;47
65,6,0.244944,0.050662,0.1188,0.2512,10;12;21;22;27;28;39;45
65,7,0.921359,0.815936,0.5492,0.5134,3;11;29;30;46;49
65,8,0.972441,0.515050,0.4666,0.2178,4;13;17;26;49
65,9,0.684297,0.249041,0.6787,0.6474,0;5;13;24;31;41;47
65,10,0.118741,0.096781,0.2406,0.7902,6;12;27;28;38;39;45
65,11,0.835033,0.953092,0.2017,0.6410,3;7;46
65,12,0.082482,0.096121,0.8402,0.4563,6;10;27;28;38;44;45
65,13,0.882380,0.318341,0.3807,0.2751,8;9;17;18;26;35;36
65,14,0.662153,0.555296,0.6239,0.3587,0;1;4;25;30;33;37;48
65,15,0.369380,0.259138,0.5259,0.4246,5;21;39;47
65,16,0.501249,0.759230,0.4982,0.4576,1;25;32;34;48
65,17,0.962853,0.309046,0.7011,0.3346,8;13;18;26;35;36
65,18,0.972778,0.189113,0.7519,0.7347,13;17;35;36
65,19,0.259774,0.847864,0.8308,0.6524,2;23;40;42;43
65,20,0.012038,0.363019,0.3496,0.6352,38;44
65,21,0.323942,0.239174,0.8765,0.3833,5;6;15;39;45
65,22,0.412873,0.029971,0.2422,0.2866,6;31;39
65,23,0.321652,0.943450,0.4518,0.7925,2;19;32;40;42;43
65,24,0.607210,0.250383,0.7817,0.3799,0;5;9;31;41;47
65,25,0.582005,0.704054,0.7602,0.2151,1;14;16;33;34;37;48
65,26,0.863230,0.431942,0.5976,0.3997,4;8;13;17;49
65,27,0.148270,0.053669,0.1055,0.4995,6;10;12;28;39;45
65,28,0.058560,0.137948,0.6948,0.5756,6;10;12;27;38;44;45
65,29,0.881235,0.721018,0.2640,0.6391,4;7;30;49
65,30,0.810113,0.706340,0.4935,0.2893,4;7;14;29;49
65,31,0.539075,0.091602,0.2879,0.5350,5;9;22;24;39;41
65,32,0.506996,0.920651,0.4375,0.4947,1;2;16;23;34;42
65,33,0.652618,0.513339,0.4279,0.3014,0;4;14;25;37;47;48
65,34,0.596464,0.767058,0.8522,0.6541,1;16;25;32;48
65,35,0.968146,0.149292,0.6996,0.2757,13;17;18;36
65,36,0.890683,0.140738,0.4671,0.7716,13;17;18;35
65,37,0.530878,0.500797,0.4154,0.7921,0;14;25;33;47;48
65,38,0.070028,0.262080,0.5075,0.7084,10;12;20;28;44;45
65,39,0.324762,0.135943,0.6629,0.4325,5;6;10;15;21;22;27;31;45
65,40,0.227402,0.912743,0.3809,0.6193,2;19;23;42;43
65,41,0.637173,0.192653,0.4202,0.2916,0;5;9;24;31;47
65,42,0.311573,0.951035,0.2040,0.7901,2;19;23;32;40;43
65,43,0.222269,0.995746,0.8651,0.5728,2;19;23;40;42
65,44,0.017397,0.294659,0.4535,0.7987,12;20;28;38
65,45,0.159470,0.094701,0.7818,0.4652,6;10;12;21;27;28;38;39
65,46,0.771590,0.950418,0.7850,0.3617,3;7;11
65,47,0.551660,0.332016,0.5988,0.4840,0;5;9;15;24;33;37;41
65,48,0.548952,0.686619,0.7639,0.5974,1;14;16;25;33;34;37
65,49,0.938268,0.628342,0.5625,0.5835,4;7;8;26;29;30
66,0,0.436931,0.690094,0.6905,0.7945,19;30;37;40;42
66,1,0.245908,0.849704,0.7174,0.4537,9;12;30;35;37
66,2,0.914391,0.364677,0.4701,0.2848,8;16;20;24;28;31;33;49
66,3,0.748568,0.877472,0.3865,0.4649,5;6;11;13;14;18;19;27;42;46
66,4,0.142038,0.321854,0.1219,0.3221,21;36
66,5,0.735800,0.838730,0.7615,0.4783,3;6;11;13;14;18;19;27;42;46
66,6,0.894649,0.823451,0.3893,0.6833,3;5;10;11;18;45;46
66,7,0.388395,0.004412,0.7038,0.4884,17;21;22;29;39;43;44;48
66,8,0.927744,0.217586,0.8959,0.6516,2;20;26;28;31;38;41
66,9,0.363979,0.979225,0.4849,0.6336,1;30;35
66,10,0.954991,0.648778,0.2732,0.4920,6;16;18;24;33;34;45
66,11,0.766844,0.892788,0.3455,0.3370,3;5;6;13;14;18;19;27;42;46
66,12,0.156541,0.848535,0.1128,0.3114,1;30;37
66,13,0.702816,0.694838,0.4538,0.6928,3;5;11;14;18;19;24;34;42;45;46
66,14,0.620003,0.865703,0.7724,0.5020,3;5;11;13;19;27;35;42;46
66,15,0.577887,0.288558,0.3595,0.4754,23;25;26;29;32;39;43;47
66,16,0.855279,0.503389,0.2449,0.2299,2;10;20;24;33;34;45;49
66,17,0.220391,0.010219,0.5501,0.3994,7;21;22;44;48
66,18,0.912875,0.738590,0.7165,0.4367,3;5;6;10;11;13;24;34;45;46
66,19,0.600687,0.809490,0.5225,0.7888,0;3;5;11;13;14;27;42;46
66,20,0.814047,0.316393,0.8148,0.3116,2;8;16;26;28;31;41;49
66,21,0.228633,0.147360,0.5130,0.3802,4;7;17;22;25;36;44;48
66,22,0.368301,0.071268,0.1366,0.4500,7;17;21;29;36;39;43;44;47;48
66,23,0.476271,0.364728,0.3005,0.2062,15;25;32;36;40;47
66,24,0.807543,0.550050,0.6222,0.4263,2;10;13;16;18;33;34;45;49
66,25,0.388135,0.290802,0.2655,0.4869,15;21;23;32;36;40;44;47;48
66,26,0.712915,0.245068,0.1541,0.7009,8;15;20;28;31;32;41;49
66,27,0.667747,0.935718,0.2652,0.4030,3;5;11;14;19;42;46
66,28,0.862502,0.232673,0.6813,0.7801,2;8;20;26;31;38;41;49
66,29,0.549951,0.093472,0.4207,0.4505,7;15;22;32;39;43;44;47;48
66,30,0.325852,0.820185,0.2107,0.5622,0;1;9;12;35;37
66,31,0.880464,0.276137,0.2743,0.5174,2;8;20;26;28;38;41;49
66,32,0.498669,0.259577,0.6776,0.7015,15;23;25;26;29;36;39;43;44;47;48
66,33,0.993625,0.490584,0.5859,0.4439,2;10;16;24;34;45;49
66,34,0.820263,0.585208,0.6375,0.2181,10;13;16;18;24;33;45;49
66,35,0.424486,0.959156,0.3106,0.7511,1;9;14;30
66,36,0.320057,0.246782,0.5187,0.4360,4;21;22;23;25;32;44;47;48
66,37,0.336960,0.744460,0.6435,0.3058,0;1;12;30
66,38,0.914394,0.111167,0.6551,0.6681,8;28;31;41
66,39,0.546009,0.076360,0.7219,0.3558,7;15;22;29;32;43;44;47;48
66,40,0.449040,0.492679,0.3775,0.2152,0;23;25
66,41,0.807180,0.133986,0.5199,0.7005,8;20;26;28;31;38
66,42,0.592275,0.765077,0.7176,0.4846,0;3;5;11;13;14;19;27;46
66,43,0.497751,0.098462,0.5622,0.6453,7;15;22;29;32;39;44;47;48
66,44,0.362281,0.154764,0.8656,0.3964,7;17;21;22;25;29;32;36;39;43;47;48
66,45,0.854082,0.639492,0.7830,0.4574,6;10;13;16;18;24;33;34;46;49
66,46,0.762427,0.812098,0.3059,0.2053,3;5;6;11;13;14;18;19;27;42;45
66,47,0.461860,0.227083,0.2535,0.5937,15;22;23;25;29;32;36;39;43;44;48
66,48,0.383352,0.153508,0.3573,0.4701,7;17;21;22;25;29;32;36;39;43;44;47
66,49,0.786768,0.435132,0.6894,0.5001,2;16;20;24;26;28;31;33;34;45
67,0,0.325050,0.698881,0.6973,0.5230,1;2;25;29
67,1,0.218984,0.604711,0.6161,0.2735,0;2;9;25;29;41
67,2,0.127221,0.700714,0.7653,0.6732,0;1;16;22;25;29;46
67,3,0.991306,0.493256,0.7021,0.2543,12;24;31
67,4,0.540918,0.087007,0.8038,0.2345,14;34;47;48
67,5,0.894808,0.117873,0.7241,0.6508,37;38;45
67,6,0.387617,0.348062,0.4143,0.7446,8;10;11;14;39;41;47;49
67,7,0.047758,0.974940,0.5894,0.5689,23;46
67,8,0.563212,0.429238,0.8611,0.2707,6;10;14;17;42;49
67,9,0.125439,0.430447,0.2942,0.4978,1;29;41
67,10,0.419781,0.395133,0.2585,0.4887,6;8;14;17;39;41;42;49
67,11,0.331128,0.171645,0.3472,0.4230,6;18;28;32;34;39;44;47;48
67,12,0.863013,0.552965,0.2280,0.7438,3;15;24;31;36
67,13,0.303722,0.977230,0.4071,0.5572,23;46
67,14,0.588112,0.264775,0.7936,0.5846,4;6;8;10;45;47;49
67,15,0.748919,0.586384,0.5531,0.7410,12;24;43
67,16,0.023395,0.722786,0.3735,0.7916,2;22;25;46
67,17,0.505665,0.546132,0.1782,0.2795,8;10;42;43;49
67,18,0.301353,0.002789,0.4164,0.2456,11;28;34;44;47;48
67,19,0.748184,0.993717,0.2833,0.4890,20;35;40
67,20,0.753537,0.846488,0.2857,0.4405,19;26;27;35;40
67,21,0.021700,0.044595,0.8553,0.7130,28;30;33
67,22,0.010230,0.714868,0.3193,0.3911,2;16;25;46
67,23,0.103283,0.959831,0.6342,0.5052,7;13;25;46
67,24,0.844442,0.595022,0.8342,0.3511,3;12;15;26
67,25,0.165904,0.771647,0.1823,0.7434,0;1;2;16;22;23;29;46
67,26,0.904118,0.776630,0.6610,0.7342,20;24;27;35
67,27,0.944496,0.882117,0.4406,0.4691,20;26;35
67,28,0.238197,0.032574,0.7132,0.2159,11;18;21;32;34;44;47;48
67,29,0.259048,0.572422,0.5569,0.2950,0;1;2;9;25;41
67,30,0.034595,0.225171,0.6935,0.5198,21;32;33;44
67,31,0.898752,0.348496,0.3149,0.7247,3;12;36;38;45
67,32,0.192429,0.206290,0.3164,0.3146,11;28;30;33;39;41;44;47
67,33,0.006561,0.167773,0.6641,0.2377,21;30;32;44
67,34,0.357521,0.040737,0.6529,0.7160,4;11;18;28;44;47;48
67,35,0.809587,0.905868,0.3837,0.3907,19;20;26;27;40
67,36,0.805361,0.344052,0.3167,0.6319,12;31;38;45
67,37,0.973425,0.113522,0.2117,0.5491,5;38;45
67,38,0.884736,0.226242,0.1841,0.3427,5;31;36;37;45
67,39,0.337645,0.328561,0.7731,0.5105,6;10;11;32;41;44;47;49
67,40,0.717914,0.897462,0.4533,0.7504,19;20;35
67,41,0.226036,0.404820,0.4688,0.2838,1;6;9;10;29;32;39;44
67,42,0.504294,0.554384,0.4729,0.7843,8;10;17;43;49
67,43,0.560262,0.695143,0.3995,0.6447,15;17;42
67,44,0.208151,0.193641,0.7880,0.2920,11;18;28;30;32;33;34;39;41;47
67,45,0.775765,0.192748,0.1747,0.5272,5;14;31;36;37;38
67,46,0.162201,0.849802,0.6666,0.3526,2;7;13;16;22;23;25
67,47,0.394114,0.163211,0.7383,0.3928,4;6;11;14;18;28;32;34;39;44;48
67,48,0.426755,0.007242,0.8454,0.6747,4;11;18;28;34;47
67,49,0.537404,0.346820,0.5726,0.6416,6;8;10;14;17;39;42
68,0,0.969127,0.302511,0.2606,0.5715,3;10;11;15;30;42
68,1,0.542732,0.492638,0.2076,0.3787,2;6;13;27;38
68,2,0.431422,0.634047,0.4709,0.2521,1;7;12;16;26;29;36;38;39
68,3,0.829515,0.198274,0.5735,0.4294,0;10;11;15;23;33;42;48
68,4,0.208970,0.234478,0.1046,0.2281,8;19;21;25;35;41;44;47;49
68,5,0.170156,0.589568,0.8721,0.7591,7;17;18;36
68,6,0.558190,0.354290,0.2149,0.4915,1;20;24;27;31;41
68,7,0.357968,0.617511,0.1298,0.4400,2;5;16;26;29;36;39
68,8,0.057160,0.340293,0.4202,0.7541,4;18;25;35;49
68,9,0.716412,0.665512,0.6987,0.6986,13;14;22;32;37;38
68,10,0.960035,0.274937,0.1439,0.7854,0;3;11;15;30;42
68,11,0.883420,0.333544,0.7962,0.4346,0;3;10;14;15;30;42
68,12,0.503456,0.784388,0.2747,0.5154,2;16;26;29;37;38;39
68,13,0.735241,0.530405,0.8515,0.2062,1;9;14;38;42
68,14,0.829542,0.541486,0.5580,0.3370,9;11;13;30;42
68,15,0.972661,0.320639,0.2388,0.3628,0;3;10;11;30;42
68,16,0.437243,0.793735,0.1721,0.6957,2;7;12;26;29;37;38;39
68,17,0.134976,0.788536,0.6272,0.7144,5;26;45
68,18,0.017989,0.507915,0.6386,0.3234,5;8
68,19,0.397899,0.125329,0.7939,0.3189,4;20;21;24;31;35;40;41;44;47
68,20,0.584501,0.168282,0.4283,0.2075,6;19;23;24;27;31;33;40;41;46;48
68,21,0.305144,0.216706,0.8495,0.5703,4;19;25;35;40;41;44;47;49
68,22,0.780139,0.874896,0.3265,0.2559,9;28;32;34;37;43
68,23,0.737114,0.080153,0.4482,0.2823,3;20;24;31;33;46;48
68,24,0.585602,0.168773,0.2600,0.2595,6;19;20;23;27;31;33;40;41;46;48
68,25,0.159024,0.183567,0.3792,0.7400,4;8;21;35;44;47;49
68,26,0.350363,0.754982,0.3302,0.7492,2;7;12;16;17;29;36;39
68,27,0.533284,0.352669,0.2573,0.3072,1;6;20;24;31;41
68,28,0.795814,0.933826,0.4759,0.7369,22;32;34;43
68,29,0.405735,0.756933,0.5187,0.4860,2;7;12;16;26;36;37;39
68,30,0.988857,0.447222,0.4362,0.7512,0;10;11;14;15;42
68,31,0.552471,0.188703,0.1253,0.7152,6;19;20;23;24;27;33;40;41;44;46;48
68,32,0.760479,0.880812,0.2667,0.3506,9;22;28;34;37;43
68,33,0.646119,0.090640,0.3339,0.5742,3;20;23;24;31;40;46;48
68,34,0.945764,0.792919,0.1360,0.3665,22;28;32;43
68,35,0.245684,0.273527,0.4429,0.2417,4;8;19;21;25;41;44;47;49
68,36,0.287474,0.573398,0.3622,0.4041,2;5;7;26;29;49
68,37,0.594022,0.788061,0.5093,0.4648,9;12;16;22;29;32;38;39
68,38,0.605485,0.655124,0.8984,0.7015,1;2;9;12;13;16;37
68,39,0.394419,0.831475,0.4955,0.5693,2;7;12;16;26;29;37
68,40,0.443384,0.134379,0.2510,0.3799,19;20;21;24;31;33;41;44;47
68,41,0.398502,0.262276,0.2462,0.7293,4;6;19;20;21;24;27;31;35;40;44;49
68,42,0.831044,0.342691,0.3296,0.3315,0;3;10;11;13;14;15;30
68,43,0.839143,0.962873,0.3461,0.6629,22;28;32;34
68,44,0.361307,0.194205,0.1622,0.4977,4;19;21;25;31;35;40;41;47
68,45,0.066753,0.835954,0.2752,0.4072,17
68,46,0.647016,0.018763,0.7247,0.6777,20;23;24;31;33;48
68,47,0.231599,0.074871,0.5008,0.4332,4;19;21;25;35;40;44
68,48,0.737324,0.084402,0.3044,0.5422,3;20;23;24;31;33;46
68,49,0.219606,0.370736,0.8979,0.2993,4;8;21;25;35;36;41
69,0,0.933016,0.183036,0.1214,0.4282,8;36;39;44
69,1,0.183410,0.410313,0.2437,0.5702,40
69,2,0.857622,0.911225,0.7556,0.4635,11;12;21;27;35;45
69,3,0.642373,0.776102,0.1016,0.3551,4;7;11;12;20;21;31;42;43
69,4,0.614308,0.771097,0.5858,0.2974,3;5;7;11;12;14;20;21;31;42;43
69,5,0.452122,0.647043,0.8995,0.3392,4;13;14;20;31;32;48
69,6,0.430908,0.218030,0.8300,0.6455,9;10;22;24
69,7,0.759928,0.676253,0.3223,0.6718,3;4;11;12;20;21;26;29;30;31;38;42;43
69,8,0.808338,0.046691,0.7494,0.6184,0;19;23;36;44;47
69,9,0.470728,0.205246,0.7262,0.6162,6;10;22;24
69,10,0.414710,0.304680,0.7576,0.2452,6;9;13;22;24;40
69,11,0.813206,0.696376,0.6797,0.2670,2;3;4;7;12;20;21;26;29;30;31;35;38;42;43
69,12,0.693600,0.868458,0.4772,0.7160,2;3;4;7;11;21;31;43;45
69,13,0.503715,0.481578,0.1045,0.5804,5;10;20;22;32;49
69,14,0.399805,0.741891,0.8631,0.3626,4;5;48
69,15,0.314913,0.994257,0.2774,0.2683,46
69,16,0.322653,0.021907,0.8064,0.5166,24;33;41
69,17,0.670746,0.302683,0.7910,0.6552,22;36;39;49
69,18,0.138050,0.828436,0.8369,0.2618,34;37;48
69,19,0.694469,0.058683,0.6204,0.3516,8;23;36;47
69,20,0.647912,0.561034,0.7179,0.7526,3;4;5;7;11;13;22;26;29;30;31;32;42;43;49
69,21,0.764994,0.764842,0.6265,0.7408,2;3;4;7;11;12;26;29;31;35;42;43;45
69,22,0.545065,0.401473,0.6232,0.2559,6;9;10;13;17;20;32;49
69,23,0.723288,0.029740,0.1012,0.7637,8;19;36;47
69,24,0.390754,0.186819,0.7198,0.2687,6;9;10;16;41
69,25,0.061192,0.069728,0.1435,0.5594,28;33
69,26,0.763006,0.577880,0.2249,0.5785,7;11;20;21;29;30;31;32;38;42;43
69,27,0.962157,0.896314,0.1340,0.7279,2;35;45
69,28,0.014830,0.191658,0.2629,0.5079,25;33
69,29,0.809585,0.581354,0.5315,0.5105,7;11;20;21;26;30;31;38;42;43
69,30,0.766738,0.508970,0.8186,0.7766,7;11;20;26;29;32;38;39;42;43;49
69,31,0.615710,0.672904,0.1525,0.2956,3;4;5;7;11;12;20;21;26;29;32;42;43
69,32,0.566650,0.536508,0.2202,0.2994,5;13;20;22;26;30;31;42;43;49
69,33,0.159738,0.119998,0.8567,0.5302,16;25;28;41
69,34,0.153918,0.702428,0.6210,0.6622,18;37;48
69,35,0.965776,0.769464,0.7663,0.7055,2;11;21;27
69,36,0.772615,0.233380,0.3610,0.7679,0;8;17;19;23;39
69,37,0.090437,0.737538,0.6284,0.2115,18;34;48
69,38,0.922055,0.533893,0.2178,0.5046,7;11;26;29;30;42
69,39,0.822359,0.307961,0.5636,0.4033,0;17;30;36
69,40,0.262415,0.405225,0.5520,0.5850,1;10
69,41,0.291937,0.030207,0.4735,0.3654,16;24;33
69,42,0.717963,0.591358,0.1602,0.5239,3;4;7;11;20;21;26;29;30;31;32;38;43;49
69,43,0.686963,0.664868,0.4384,0.5554,3;4;7;11;12;20;21;26;29;30;31;32;42
69,44,0.972476,0.087098,0.1899,0.5599,0;8
69,45,0.771083,0.957641,0.8155,0.7151,2;12;21;27
69,46,0.302487,0.989567,0.2372,0.4833,15;48
69,47,0.601504,0.019278,0.4135,0.2093,8;19;23
69,48,0.282277,0.775087,0.1265,0.2801,5;14;18;34;37;46
69,49,0.610496,0.418547,0.1134,0.5749,13;17;20;22;30;32;42
70,0,0.456289,0.635603,0.1089,0.4502,2;5;7;10;18;20;25;26;35;36;40;43;47;49
70,1,0.804465,0.994265,0.1581,0.4722,30;45
70,2,0.421279,0.672518,0.8451,0.5500,0;5;7;10;18;20;25;26;35;36;40;43;47;49
70,3,0.882363,0.280611,0.2415,0.7355,15;19;31;38;41
70,4,0.218342,0.803069,0.4016,0.7912,9;10;14;18;20;23;25;36;47
70,5,0.381485,0.650961,0.8269,0.7688,0;2;9;10;18;20;25;26;35;36;40;43;47;49
70,6,0.641925,0.334008,0.6258,0.2926,11;12;19;28;31;34;42
70,7,0.521921,0.821320,0.8319,0.5619,0;2;18;20;25;37;40;44
70,8,0.484553,0.005870,0.8611,0.5289,13;24;42;48
70,9,0.178643,0.735785,0.2723,0.6509,4;5;10;14;20;23;25;36;47
70,10,0.295235,0.661924,0.6878,0.7191,0;2;4;5;9;18;20;23;25;26;36;40;47;49
70,11,0.657750,0.298257,0.4199,0.5089,6;12;19;31;34;42
70,12,0.657629,0.373935,0.6681,0.4706,6;11;19;28;31;34;35;43
70,13,0.407822,0.018567,0.2498,0.7498,8;42;48
70,14,0.090025,0.926034,0.4471,0.3807,4;9;21;23
70,15,0.956824,0.458529,0.2976,0.5151,3;17;32;41
70,16,0.248644,0.182640,0.1391,0.7685,22;33;46;48
70,17,0.909473,0.569876,0.7460,0.7371,15;29;32;41
70,18,0.405069,0.816362,0.7505,0.2574,0;2;4;5;7;10;20;25;36;37;40;44;49
70,19,0.704216,0.249926,0.2601,0.5167,3;6;11;12;24;31;34;42
70,20,0.376723,0.761045,0.2517,0.6587,0;2;4;5;7;9;10;18;25;36;40;44;47;49
70,21,0.000769,0.918291,0.1677,0.7946,14;23
70,22,0.293644,0.375433,0.4220,0.2176,16;26;28;33
70,23,0.132958,0.764855,0.8174,0.3738,4;9;10;14;21;36;47
70,24,0.689706,0.042029,0.1397,0.7873,8;19;42
70,25,0.354860,0.698401,0.6587,0.7580,0;2;4;5;7;9;10;18;20;26;36;40;47;49
70,26,0.424914,0.501232,0.2174,0.5702,0;2;5;10;22;25;28;35;43;47;49
70,27,0.079159,0.532788,0.6976,0.2404,33;39;47
70,28,0.439615,0.367217,0.7339,0.6447,6;12;22;26;35;48
70,29,0.941630,0.679670,0.6291,0.7117,17;30;32
70,30,0.970897,0.873704,0.7966,0.6387,1;29;45
70,31,0.827069,0.271977,0.5512,0.3306,3;6;11;12;19;34;38;41
70,32,0.877181,0.510021,0.1946,0.3225,15;17;29;34;41
70,33,0.146870,0.352278,0.7492,0.4974,16;22;27;39
70,34,0.716850,0.451769,0.2218,0.5813,6;11;12;19;31;32;43
70,35,0.498413,0.517771,0.5349,0.2794,0;2;5;12;26;28;43;49
70,36,0.276445,0.712300,0.5731,0.5241,0;2;4;5;9;10;18;20;23;25;40;47;49
70,37,0.411114,0.999063,0.6155,0.6997,7;18;44
70,38,0.960730,0.230821,0.4070,0.2959,3;31;41
70,39,0.038440,0.403232,0.7287,0.7639,27;33
70,40,0.463593,0.775463,0.2083,0.7452,0;2;5;7;10;18;20;25;36;44;49
70,41,0.970156,0.407753,0.3636,0.7818,3;15;17;31;32;38
70,42,0.585307,0.129348,0.6192,0.2334,6;8;11;13;19;24;48
70,43,0.581477,0.566948,0.2461,0.4021,0;2;5;12;26;34;35;49
70,44,0.484602,0.911371,0.2857,0.5421,7;18;20;37;40
70,45,0.887465,0.905079,0.4876,0.4560,1;30
70,46,0.134888,0.050498,0.5869,0.6802,16
70,47,0.256572,0.604832,0.5979,0.3566,0;2;4;5;9;10;20;23;25;26;27;36;49
70,48,0.386952,0.165786,0.8246,0.4404,8;13;16;28;42
70,49,0.410729,0.619883,0.8323,0.5410,0;2;5;10;18;20;25;26;35;36;40;43;47
71,0,0.432496,0.625417,0.5269,0.5905,2;4;17;20;31;33;38;39;46
71,1,0.779083,0.913611,0.6284,0.7461,35;36;42;49
71,2,0.492763,0.467439,0.3636,0.3730,0;12;20;30;31;39;40
71,3,0.218344,0.939233,0.8462,0.3368,6;16;21;23;26;41;43
71,4,0.414167,0.725977,0.1130,0.6199,0;6;17;21;26;31;38;39;41;42
71,5,0.699843,0.033770,0.2460,0.4703,7;8;9;11;13;37;47
71,6,0.398426,0.928580,0.6931,0.7926,3;4;21;26;41;43;49
71,7,0.730113,0.028277,0.8005,0.2825,5;8;9;11;13;37;47
71,8,0.802655,0.003449,0.2545,0.5549,5;7;13;37;47
71,9,0.558512,0.052360,0.5248,0.7493,5;7;10;11;13;29;30;37
71,10,0.378452,0.034553,0.8512,0.3801,9;29;45
71,11,0.614363,0.169466,0.7614,0.7575,5;7;9;12;13;15;30;37;40
71,12,0.503423,0.304235,0.2293,0.4386,2;11;20;30;40
71,13,0.630174,0.084814,0.4689,0.5024,5;7;8;9;11;29;30;37
71,14,0.824092,0.640313,0.4934,0.7083,18;19;22;25;34;35;44
71,15,0.791085,0.297511,0.7195,0.5158,11;18;19;22;27;28;30;40;44
71,16,0.053646,0.897807,0.8272,0.2773,3;23;43;48
71,17,0.270249,0.675398,0.4602,0.5858,0;4;23;26;32;33;39;41;43;46;48
71,18,0.868542,0.473243,0.6191,0.2347,14;15;19;22;25;27;44
71,19,0.758611,0.506340,0.6258,0.7835,14;15;18;22;25;27;31;34;44
71,20,0.428028,0.420248,0.3321,0.4328,0;2;12;24;30;39;40
71,21,0.371250,0.926004,0.1396,0.6185,3;4;6;26;41;43;49
71,22,0.841857,0.429700,0.8900,0.3200,14;15;18;19;27;28;44
71,23,0.159901,0.842770,0.6787,0.5453,3;16;17;26;41;43;48
71,24,0.245110,0.404838,0.3961,0.3836,20;32;33;46
71,25,0.804850,0.662360,0.6981,0.5450,14;18;19;31;34;35;36;38
71,26,0.356830,0.846950,0.5292,0.7219,3;4;6;17;21;23;41;43
71,27,0.809573,0.403540,0.3168,0.2147,15;18;19;22;28;40;44
71,28,0.955200,0.262372,0.6436,0.5092,15;22;27;47
71,29,0.411623,0.070974,0.6494,0.5741,9;10;13;37;45
71,30,0.573677,0.267266,0.5539,0.6781,2;9;11;12;13;15;20;37;40
71,31,0.595013,0.645689,0.2542,0.6070,0;2;4;19;25;34;38;39;42
71,32,0.208866,0.522719,0.2932,0.2022,17;24;33;46
71,33,0.217589,0.587075,0.5967,0.7510,0;17;24;32;39;46;48
71,34,0.770075,0.679391,0.2233,0.4370,14;19;25;31;35;36;38;42
71,35,0.748562,0.838643,0.1955,0.7036,1;14;25;34;36;38;42;49
71,36,0.708067,0.842114,0.1475,0.7280,1;25;34;35;38;42;49
71,37,0.598157,0.077387,0.4337,0.4305,5;7;8;9;11;13;29;30
71,38,0.598742,0.706066,0.2059,0.2594,0;4;25;31;34;35;36;39;42
71,39,0.427249,0.589277,0.3581,0.7405,0;2;4;17;20;31;33;38;46
71,40,0.620221,0.314994,0.6860,0.6106,2;11;12;15;20;27;30;44
71,41,0.313583,0.866775,0.4251,0.3667,3;4;6;17;21;23;26;43
71,42,0.597215,0.800436,0.4994,0.7561,1;4;31;34;35;36;38;49
71,43,0.207537,0.823546,0.8576,0.3935,3;6;16;17;21;23;26;41;48
71,44,0.775078,0.436519,0.7013,0.4151,14;15;18;19;22;27;40
71,45,0.216478,0.131788,0.4948,0.2599,10;29
71,46,0.222432,0.590478,0.8729,0.3529,0;17;24;32;33;39;48
71,47,0.893188,0.101429,0.4448,0.2034,5;7;8;28
71,48,0.100844,0.718601,0.1418,0.5143,16;17;23;33;43;46
71,49,0.585724,0.934560,0.3701,0.6721,1;6;21;35;36;42
72,0,0.658200,0.879852,0.1552,0.4082,2;6;36;40;45
72,1,0.100150,0.329270,0.6911,0.5225,9;14;33;34;35
72,2,0.632126,0.681346,0.5665,0.6783,0;5;6;7;36;40;46
72,3,0.767632,0.439978,0.1192,0.4799,4;5;7;8;22;26
72,4,0.905068,0.357476,0.2658,0.3750,3;8;11;22;24;47
72,5,0.643707,0.524798,0.4074,0.4826,2;3;6;7;26;40;46
72,6,0.617867,0.675502,0.3037,0.3060,0;2;5;7;36;40;46
72,7,0.739151,0.516578,0.1979,0.6458,2;3;5;6;22;26;40;46
72,8,0.710908,0.280157,0.5578,0.5269,3;4;10;24;26;27
72,9,0.044712,0.367644,0.6202,0.7529,1;33;34;35
72,10,0.509101,0.209237,0.4896,0.6444,8;20;23;26;27;44
72,11,0.971859,0.311363,0.8387,0.5659,4;22;24;47
72,12,0.308569,0.483397,0.4398,0.4652,15;35;41
72,13,0.051406,0.919746,0.3693,0.7690,39
72,14,0.102403,0.152384,0.8180,0.2462,1;33;34;43;48
72,15,0.226822,0.648177,0.6315,0.4427,12;18;21;35;38;41
72,16,0.322704,0.049220,0.5414,0.5873,20;23;43;48
72,17,0.400596,0.990480,0.8542,0.7347,19;29;31;37;45
72,18,0.113831,0.627785,0.1791,0.6726,15;21;35;41
72,19,0.393544,0.934394,0.3399,0.3641,17;29;31;37;45
72,20,0.533815,0.074648,0.4836,0.6194,10;16;23;27;44
72,21,0.037474,0.638870,0.1469,0.5545,15;18
72,22,0.878341,0.450334,0.7538,0.3220,3;4;7;11;24;28
72,23,0.446409,0.053437,0.4895,0.4698,10;16;20;44
72,24,0.882480,0.232121,0.1207,0.7977,4;8;11;22;47
72,25,0.973523,0.804297,0.5732,0.6314,30;32;42;49
72,26,0.627563,0.357160,0.2003,0.4430,3;5;7;8;10;27
72,27,0.512378,0.263405,0.6316,0.7982,8;10;20;26;44
72,28,0.976327,0.574505,0.8769,0.6624,22;42;49
72,29,0.293444,0.914979,0.1229,0.2909,17;19;31;37;39
72,30,0.989676,0.819403,0.8694,0.5806,25;32;42;49
72,31,0.423258,0.856225,0.8754,0.6495,17;19;29;37;38;45
72,32,0.953779,0.814404,0.5601,0.5875,25;30;42;49
72,33,0.066394,0.217929,0.4076,0.6915,1;9;14;34;48
72,34,0.134713,0.319298,0.1933,0.7344,1;9;14;33;35;41
72,35,0.218630,0.498609,0.4325,0.4715,1;9;12;15;18;34;41
72,36,0.661905,0.868604,0.1985,0.6478,0;2;6;40;45
72,37,0.355067,0.944903,0.8920,0.4483,17;19;29;31;39;45
72,38,0.366051,0.706418,0.8620,0.2009,15;31
72,39,0.160167,0.910012,0.8979,0.6480,13;29;37
72,40,0.669360,0.662546,0.8322,0.3667,0;2;5;6;7;36;46;49
72,41,0.233521,0.509044,0.7490,0.7530,12;15;18;34;35
72,42,0.961732,0.774023,0.2075,0.7094,25;28;30;32;49
72,43,0.208377,0.037746,0.2024,0.6080,14;16;48
72,44,0.564935,0.088728,0.8831,0.3612,10;20;23;27
72,45,0.559211,0.921767,0.5707,0.2238,0;17;19;31;36;37
72,46,0.661889,0.642533,0.8197,0.3253,2;5;6;7;40;49
72,47,0.995930,0.226769,0.4502,0.4540,4;11;24
72,48,0.175050,0.090470,0.2766,0.4526,14;16;33;43
72,49,0.854536,0.736388,0.3865,0.6442,25;28;30;32;40;42;46
73,0,0.298401,0.804157,0.7016,0.6554,4;7;9;16;17;22;25;31;36;45
73,1,0.609412,0.428197,0.7299,0.2463,3;5;10;13;20;41;44;49
73,2,0.004977,0.263709,0.1769,0.7163,14;34;37;42
73,3,0.511999,0.429399,0.6390,0.5001,1;6;10;20;21;29;44;47;48
73,4,0.267623,0.745423,0.1812,0.7382,0;7;9;16;17;22;25;29;31;36;39;45
73,5,0.729683,0.583343,0.5122,0.3180,1;10;24;28;30;32;41;44;49
73,6,0.356609,0.437265,0.4695,0.2175,3;11;12;14;21;23;29;42;44;47;48
73,7,0.453817,0.670021,0.1185,0.6838,0;4;9;10;16;17;20;22;29;31;39;44;45;47;49
73,8,0.625102,0.866970,0.4792,0.4277,19;26;30
73,9,0.242503,0.661871,0.4772,0.2996,0;4;7;11;16;17;22;29;31;39;45;47;48
73,10,0.550146,0.625087,0.7641,0.2024,1;3;5;7;20;28;30;31;39;41;44;45;47;49
73,11,0.177347,0.471898,0.1763,0.5218,6;9;12;14;29;42;48
73,12,0.232053,0.404766,0.4389,0.4892,6;11;14;21;23;29;34;42;47;48
73,13,0.774397,0.334608,0.5431,0.6269,1;15;27;41;43
73,14,0.177564,0.383648,0.5447,0.2840,2;6;11;12;34;42;48
73,15,0.959816,0.370926,0.6855,0.5443,13;27;43
73,16,0.332516,0.847063,0.1943,0.7875,0;4;7;9;17;22;25;31;36;45
73,17,0.267511,0.764031,0.8832,0.4389,0;4;7;9;16;22;25;29;31;36;45
73,18,0.390087,0.157706,0.2572,0.6609,21;23;38;42
73,19,0.787534,0.872337,0.7264,0.4652,8;24;26;28;30;33;35;40
73,20,0.510897,0.619589,0.2472,0.5855,1;3;7;10;28;29;30;31;39;44;45;47;49
73,21,0.416556,0.300146,0.7707,0.6492,3;6;12;18;23;38;42;48
73,22,0.266601,0.782756,0.8932,0.5797,0;4;7;9;16;17;25;31;36;45
73,23,0.369474,0.249214,0.4109,0.6215,6;12;18;21;38;42
73,24,0.848996,0.697969,0.3756,0.4433,5;19;28;30;32;33;35;41
73,25,0.159254,0.878157,0.8337,0.3148,0;4;16;17;22;46
73,26,0.777455,0.948972,0.1871,0.2832,8;19;40
73,27,0.923804,0.393807,0.8446,0.7163,13;15;32;43
73,28,0.719679,0.666923,0.5709,0.7396,5;10;19;20;24;30;32;33;35;41;49
73,29,0.338064,0.561193,0.1091,0.4372,3;4;6;7;9;11;12;17;20;31;39;44;45;47;48
73,30,0.698742,0.699710,0.5581,0.5034,5;8;10;19;20;24;28;32;33;35;41;49
73,31,0.407722,0.761889,0.6320,0.7961,0;4;7;9;10;16;17;20;22;29;36;39;45
73,32,0.880696,0.576587,0.1879,0.5852,5;24;27;28;30;33;35;41
73,33,0.888226,0.747938,0.6620,0.4300,19;24;28;30;32;35;40
73,34,0.154096,0.202548,0.3337,0.4761,2;12;14;37;42
73,35,0.910783,0.754978,0.5963,0.4709,19;24;28;30;32;33;40
73,36,0.388257,0.923779,0.6378,0.4470,0;4;16;17;22;31
73,37,0.150735,0.103258,0.8112,0.3345,2;34;42
73,38,0.474821,0.156654,0.3629,0.5600,18;21;23
73,39,0.457667,0.644861,0.1263,0.7736,4;7;9;10;20;29;31;44;45;47;49
73,40,0.934012,0.950902,0.1859,0.4099,19;26;33;35
73,41,0.744947,0.547052,0.7187,0.2165,1;5;10;13;24;28;30;32;44;49
73,42,0.224606,0.271453,0.4211,0.6310,2;6;11;12;14;18;21;23;34;37;48
73,43,0.940186,0.286619,0.5541,0.3633,13;15;27
73,44,0.548529,0.500211,0.5681,0.6569,1;3;5;6;7;10;20;29;39;41;45;47;49
73,45,0.429166,0.668756,0.1650,0.3359,0;4;7;9;10;16;17;20;22;29;31;39;44;47;49
73,46,0.026134,0.784792,0.3177,0.3631,25
73,47,0.393296,0.538400,0.4810,0.5995,3;6;7;9;10;12;20;29;39;44;45;48
73,48,0.296035,0.470389,0.7666,0.5941,3;6;9;11;12;14;21;29;42;47
73,49,0.638915,0.615911,0.2641,0.6114,1;5;7;10;20;28;30;39;41;44;45
74,0,0.917971,0.499317,0.2348,0.5009,13;17;20;22;39;40;45
74,1,0.614666,0.111199,0.1891,0.4107,3;37
74,2,0.985873,0.122114,0.7342,0.2968,7;23;27;38
74,3,0.577595,0.286268,0.2835,0.5313,1;25;37;42
74,4,0.249504,0.151752,0.2448,0.5336,6;11;12;14;31;41;48
74,5,0.348351,0.876979,0.3271,0.5216,16;26;32;34
74,6,0.076135,0.237469,0.4768,0.7198,4;11;12;15;31;48
74,7,0.920081,0.217795,0.5208,0.4147,2;20;23;27;40;45
74,8,0.051399,0.596812,0.5848,0.5573,30;44;49
74,9,0.433342,0.661890,0.1256,0.3638,16;18;19;28;32;35;46
74,10,0.388536,0.406520,0.1312,0.6508,11;19;28;33
74,11,0.253271,0.344394,0.3144,0.5632,4;6;10;12;15;19;28;33;49
74,12,0.167221,0.323175,0.1927,0.4238,4;6;11;15;31;33;48;49
74,13,0.757660,0.496848,0.7254,0.6227,0;17;20;21;25;39;40;42;45
74,14,0.311888,0.075052,0.8488,0.4082,4;41
74,15,0.138931,0.363284,0.1238,0.7118,6;11;12;19;31;49
74,16,0.486559,0.808726,0.7194,0.3165,5;9;18;26;32;35;46
74,17,0.934237,0.466545,0.8737,0.7662,0;13;20;22;39;40;45
74,18,0.542803,0.704787,0.8421,0.2988,9;16;21;32;35;46
74,19,0.275917,0.525712,0.6145,0.5552,9;10;11;15;28;30;33;49
74,20,0.909822,0.425919,0.8388,0.2046,0;7;13;17;22;27;39;40;42;45
74,21,0.604509,0.506684,0.8436,0.3736,13;18;25;35;39;42;46
74,22,0.981975,0.597884,0.6116,0.7616,0;17;20;39;40;47
74,23,0.981162,0.030626,0.3875,0.4936,2;7;27;38
74,24,0.105967,0.990409,0.8844,0.5593,34;36
74,25,0.700756,0.340733,0.4715,0.3442,3;13;21;37;39;42;45
74,26,0.451418,0.939080,0.2021,0.5243,5;16;32;34
74,27,0.917015,0.208207,0.7812,0.2142,2;7;20;23;38;40
74,28,0.364062,0.504866,0.3401,0.5732,9;10;11;19;33;35
74,29,0.886513,0.851738,0.8280,0.6274,43;47
74,30,0.184231,0.638152,0.3635,0.3808,8;19;44;49
74,31,0.086422,0.156062,0.5906,0.7230,4;6;12;15;41;48
74,32,0.404207,0.760422,0.2010,0.6573,5;9;16;18;26;34;35;46
74,33,0.361625,0.366958,0.7088,0.2574,10;11;12;19;28
74,34,0.258991,0.873965,0.6246,0.3727,5;24;26;32;36
74,35,0.476411,0.663337,0.5445,0.6799,9;16;18;21;28;32;46
74,36,0.083003,0.859021,0.3303,0.7303,24;34
74,37,0.653910,0.274454,0.2031,0.2218,1;3;25;42;45
74,38,0.838832,0.005094,0.1680,0.5060,2;23;27
74,39,0.818412,0.509244,0.5444,0.5661,0;13;17;20;21;22;25;40;42;45
74,40,0.955721,0.420979,0.1181,0.3332,0;7;13;17;20;22;27;39;45
74,41,0.180033,0.040525,0.3755,0.7888,4;14;31;48
74,42,0.700434,0.445080,0.5474,0.6262,3;13;20;21;25;37;39;45
74,43,0.808027,0.876949,0.1199,0.7972,29;47
74,44,0.003430,0.638171,0.4717,0.5511,8;30;49
74,45,0.812731,0.409178,0.1923,0.2875,0;7;13;17;20;25;37;39;40;42
74,46,0.599505,0.672316,0.2775,0.5964,9;16;18;21;32;35
74,47,0.988275,0.804207,0.6803,0.6312,22;29;43
74,48,0.100291,0.135576,0.3005,0.7506,4;6;12;31;41
74,49,0.140719,0.471712,0.2916,0.6323,8;11;12;15;19;30;44
75,0,0.046090,0.020256,0.4424,0.2350,6;13;15;19
75,1,0.828139,0.605101,0.2414,0.4826,3;16;33;36;40;43
75,2,0.392310,0.904821,0.8171,0.4509,8;12;29;38;42;45
75,3,0.690159,0.600094,0.2000,0.6703,1;16;23;24;33;36;39;43
75,4,0.442622,0.099209,0.2281,0.2519,5;10;17;27
75,5,0.295491,0.156974,0.6602,0.3927,4;6;10;27;35
75,6,0.138835,0.131022,0.5380,0.4441,0;5;10;13;15;19;27;35;41
75,7,0.302035,0.407271,0.1593,0.6328,14;26;30;31;35;49
75,8,0.541574,0.769099,0.1479,0.2792,2;11;20;24;29;34
75,9,0.905173,0.359183,0.1554,0.2683,32;40;43
75,10,0.240738,0.176093,0.4828,0.5283,4;5;6;14;15;27;35
75,11,0.406120,0.604124,0.8419,0.2144,8;20;24;29;30;42;45;46;49
75,12,0.474839,0.990518,0.6034,0.4867,2;34;48
75,13,0.004954,0.221291,0.4421,0.4012,0;6;14;15;19;41
75,14,0.126202,0.354951,0.2084,0.3191,7;10;13;15;30;35;41
75,15,0.033017,0.215449,0.4890,0.5235,0;6;10;13;14;19;35;41
75,16,0.839002,0.586369,0.5686,0.2430,1;3;33;36;40;43
75,17,0.500112,0.302070,0.2104,0.6912,4;22;31;49
75,18,0.780235,0.821324,0.5135,0.3707,34;36;47;48
75,19,0.007590,0.151224,0.5101,0.4485,0;6;13;15;41
75,20,0.417987,0.671424,0.8293,0.2503,8;11;24;29;42;45
75,21,0.048749,0.576454,0.3289,0.2913,25;26;46
75,22,0.642987,0.211646,0.3493,0.2129,17;31;44
75,23,0.618995,0.489409,0.1231,0.6479,3;24;31;33;39;49
75,24,0.487214,0.603703,0.4628,0.4020,3;8;11;20;23;29;39;49
75,25,0.002062,0.646128,0.8267,0.5419,21;26;46
75,26,0.183807,0.581767,0.5303,0.7447,7;21;25;30;42;45;46
75,27,0.341592,0.099450,0.2188,0.3460,4;5;6;10;35
75,28,0.146225,0.841686,0.6578,0.3243,38;42;45
75,29,0.376573,0.717942,0.3077,0.4067,2;8;11;20;24;42;45;46
75,30,0.280773,0.492229,0.6270,0.5013,7;11;14;26;35;46;49
75,31,0.514123,0.368466,0.4041,0.5676,7;17;22;23;39;49
75,32,0.969827,0.309104,0.2014,0.4872,9;37;43
75,33,0.727094,0.579367,0.8716,0.6282,1;3;16;23;36;39;40;43
75,34,0.621649,0.898518,0.1826,0.5955,8;12;18;48
75,35,0.226904,0.285655,0.2614,0.6098,5;6;7;10;14;15;27;30;41
75,36,0.779636,0.726956,0.4302,0.5421,1;3;16;18;33
75,37,0.977416,0.136716,0.8059,0.4045,32;44
75,38,0.234333,0.962373,0.2682,0.5143,2;28;45
75,39,0.650890,0.468723,0.1330,0.2590,3;23;24;31;33;43
75,40,0.916049,0.534475,0.3198,0.7225,1;9;16;33;43
75,41,0.075469,0.331498,0.7516,0.6823,6;13;14;15;19;35
75,42,0.289625,0.733917,0.2309,0.4568,2;11;20;26;28;29;45;46
75,43,0.837867,0.443938,0.3343,0.4586,1;3;9;16;32;33;39;40
75,44,0.782371,0.118270,0.7926,0.7261,22;37
75,45,0.295708,0.756937,0.7972,0.4213,2;11;20;26;28;29;38;42;46
75,46,0.195812,0.614279,0.7444,0.4927,11;21;25;26;29;30;42;45
75,47,0.912438,0.919997,0.8947,0.3896,18
75,48,0.670080,0.974035,0.3763,0.7773,12;18;34
75,49,0.427908,0.420720,0.8277,0.4934,7;11;17;23;24;30;31
76,0,0.834423,0.672641,0.7350,0.2909,20;27;47
76,1,0.314015,0.751371,0.7574,0.7046,5;11;22;24;34;36;39;42;45
76,2,0.613595,0.977428,0.8131,0.6320,23;26;46
76,3,0.260178,0.441287,0.5144,0.5020,4;10;11;15;17;25;34;43;45
76,4,0.293505,0.425860,0.3147,0.4326,3;10;11;15;17;25;43
76,5,0.164687,0.814146,0.3025,0.7788,1;22;24;34;42;45
76,6,0.577756,0.708158,0.5345,0.3228,16;23;26;36;39;41;46
76,7,0.830461,0.021680,0.7022,0.4537,13;28;44
76,8,0.406796,0.138090,0.4611,0.5458,12;14;35;48
76,9,0.005814,0.413276,0.1184,0.6740,10;18;21;38
76,10,0.129614,0.567483,0.2331,0.7864,3;4;9;11;18;21;25;34;45
76,11,0.326991,0.533832,0.5322,0.4433,1;3;4;10;15;16;25;34;36;42;43;45
76,12,0.333803,0.109857,0.6790,0.5829,8;14;35;40;48
76,13,0.818423,0.054237,0.6578,0.4287,7;19;28;44
76,14,0.421701,0.126373,0.7815,0.5841,8;12;35;48
76,15,0.447310,0.417891,0.3026,0.7504,3;4;11;16;25;33;43
76,16,0.492190,0.597277,0.8125,0.7260,6;11;15;33;36;39;41;42;43
76,17,0.231415,0.319577,0.5795,0.2144,3;4;25;38;43
76,18,0.021785,0.440850,0.8883,0.7503,9;10;21
76,19,0.777626,0.257401,0.3239,0.6291,13;30;31;32
76,20,0.877336,0.866473,0.1416,0.7203,0;27;29;37;46;47
76,21,0.072949,0.575528,0.2165,0.5730,9;10;18;34;45
76,22,0.301162,0.868677,0.7109,0.2561,1;5;24;39;42
76,23,0.656743,0.901034,0.5511,0.3291,2;6;26;41;46;47
76,24,0.186046,0.787422,0.1399,0.5919,1;5;22;34;42;45
76,25,0.292707,0.493428,0.8120,0.2005,3;4;10;11;15;17;34;43;45
76,26,0.550104,0.857031,0.1866,0.3991,2;6;23;36;39;41;46
76,27,0.934918,0.699235,0.4132,0.4851,0;20;47
76,28,0.729922,0.006252,0.7297,0.5184,7;13;35;44
76,29,0.910708,0.972466,0.6527,0.6251,20;37;47
76,30,0.723040,0.463641,0.1480,0.7267,19;31;33
76,31,0.877221,0.373580,0.2734,0.5144,19;30;32
76,32,0.864019,0.291307,0.5077,0.5834,19;31
76,33,0.655439,0.458955,0.6826,0.2214,15;16;30
76,34,0.203612,0.649730,0.3042,0.2409,1;3;5;10;11;21;24;25;42;45
76,35,0.529700,0.093607,0.3255,0.3632,8;12;14;28;44;48
76,36,0.452784,0.680634,0.1511,0.4434,1;6;11;16;26;39;41;42
76,37,0.946834,0.985044,0.8149,0.4040,20;29
76,38,0.144018,0.243015,0.6497,0.7002,9;17;40;49
76,39,0.444707,0.731137,0.2527,0.5806,1;6;16;22;26;36;41;42
76,40,0.156060,0.056100,0.1824,0.5090,12;38;49
76,41,0.567386,0.703160,0.2738,0.3862,6;16;23;26;36;39;46
76,42,0.316656,0.717768,0.3558,0.5034,1;5;11;16;22;24;34;36;39;45
76,43,0.394708,0.400201,0.2577,0.5747,3;4;11;15;16;17;25
76,44,0.729844,0.011751,0.1096,0.7533,7;13;28;35
76,45,0.197130,0.630140,0.5131,0.3907,1;3;5;10;11;21;24;25;34;42
76,46,0.670902,0.848702,0.3255,0.2660,2;6;20;23;26;41;47
76,47,0.783823,0.808012,0.7726,0.4705,0;20;23;27;29;46
76,48,0.426339,0.004344,0.3098,0.2547,8;12;14;35
76,49,0.067364,0.138318,0.8417,0.2223,38;40
77,0,0.888577,0.790310,0.4753,0.7519,13;25;46;48;49
77,1,0.657058,0.404798,0.8601,0.2696,3;4;7;9;14;17;22;27;32;36;42;44;47
77,2,0.606309,0.693915,0.8031,0.5008,11;17;27;29;44
77,3,0.645838,0.204206,0.2122,0.2770,1;24;32;36;38;47
77,4,0.701727,0.435931,0.6860,0.5915,1;7;9;14;22;27;32;36;42;44
77,5,0.106703,0.515957,0.8372,0.3191,8;16;19;21;23;28;37
77,6,0.389262,0.980953,0.7242,0.2369,39;43;45
77,7,0.517359,0.422395,0.4541,0.2498,1;4;17;18;27;29;35;36;40;44
77,8,0.085187,0.571286,0.1585,0.6964,5;19;21;34;37
77,9,0.826602,0.385380,0.6731,0.3672,1;4;14;22;27;32;42;47
77,10,0.356248,0.735843,0.2548,0.6051,11;21;30;33;34;35;39;45
77,11,0.521316,0.663996,0.4911,0.7331,2;10;17;27;29;35;44
77,12,0.159831,0.065673,0.8714,0.4093,26;41
77,13,0.869785,0.719417,0.6269,0.7093,0;25;46;48;49
77,14,0.864838,0.332839,0.6534,0.4682,1;4;9;15;22;32;42;47
77,15,0.979041,0.207379,0.4757,0.6544,14;47
77,16,0.189591,0.356537,0.7674,0.6702,5;19;20;23;28;37;40;41
77,17,0.539119,0.588062,0.8226,0.7608,1;2;7;11;18;27;29;35;44
77,18,0.421982,0.439732,0.6423,0.5495,7;17;20;23;28;29;35;40;44
77,19,0.149951,0.369618,0.4798,0.4257,5;8;16;23;28;37;41
77,20,0.364746,0.239415,0.6678,0.4607,16;18;23;26;28;40
77,21,0.247465,0.656134,0.7175,0.4416,5;8;10;30;33;34;35
77,22,0.770464,0.509180,0.4642,0.3776,1;4;9;14;27;32;42;46
77,23,0.282289,0.387896,0.5858,0.6341,5;16;18;19;20;28;37;40
77,24,0.659458,0.094264,0.4021,0.7128,3;31;36;38;47
77,25,0.905422,0.700399,0.2558,0.6674,0;13;46;48;49
77,26,0.335151,0.043314,0.1129,0.5690,12;20
77,27,0.681319,0.539426,0.3933,0.2969,1;2;4;7;9;11;17;22;29;42;44;46
77,28,0.267685,0.425322,0.7593,0.3689,5;16;18;19;20;23;35;37;40
77,29,0.548053,0.604752,0.2107,0.6047,2;7;11;17;18;27;35;44
77,30,0.208017,0.814787,0.6457,0.4187,10;21;33;34;39;43
77,31,0.776368,0.006460,0.7243,0.5745,24;38;47
77,32,0.788693,0.340972,0.8658,0.3094,1;3;4;9;14;22;36;42;47
77,33,0.157590,0.825732,0.7702,0.5477,10;21;30;34;39;43
77,34,0.178770,0.753950,0.7082,0.3463,8;10;21;30;33;39;43
77,35,0.429998,0.560176,0.5990,0.2080,7;10;11;17;18;21;28;29;44
77,36,0.647349,0.255046,0.1170,0.6160,1;3;4;7;24;32;38;47
77,37,0.069632,0.370975,0.4826,0.3459,5;8;16;19;23;28;41
77,38,0.738652,0.061230,0.1401,0.2684,3;24;31;36;47
77,39,0.319935,0.874788,0.4943,0.5843,6;10;30;33;34;43;45
77,40,0.370617,0.299824,0.1914,0.7447,7;16;18;20;23;28
77,41,0.106495,0.238553,0.3630,0.6471,12;16;19;37
77,42,0.803792,0.467116,0.1769,0.2415,1;4;9;14;22;27;32;46
77,43,0.190443,0.915266,0.6671,0.7457,6;30;33;34;39
77,44,0.535171,0.564303,0.4352,0.2184,1;2;4;7;11;17;18;27;29;35
77,45,0.471901,0.886001,0.1262,0.4408,6;10;39
77,46,0.842370,0.638909,0.5484,0.6307,0;13;22;25;27;42;48;49
77,47,0.765526,0.223760,0.6355,0.7068,1;3;9;14;15;24;31;32;36;38
77,48,0.865029,0.844611,0.8278,0.5587,0;13;25;46;49
77,49,0.950131,0.793358,0.7908,0.7511,0;13;25;46;48
78,0,0.203308,0.318645,0.4337,0.2531,5;14;26
78,1,0.507600,0.713730,0.7163,0.4363,8;20;23;25;28;33;47;49
78,2,0.358157,0.894431,0.5270,0.5856,6;10;16;23;27;31;33;45;48
78,3,0.600123,0.107797,0.5095,0.6865,9;12;18;21;22;30;38;39;44;46
78,4,0.570455,0.471994,0.2123,0.2823,7;13;25;47;49
78,5,0.091290,0.252149,0.6082,0.5119,0;36
78,6,0.242466,0.896247,0.3790,0.7905,2;10;11;16;23;27;31;37;45;48
78,7,0.505357,0.413168,0.7088,0.3819,4;13;25
78,8,0.633570,0.853064,0.4671,0.6184,1;20;29;32
78,9,0.678779,0.240065,0.3051,0.4748,3;12;13;18;24;30;34;38;44;46
78,10,0.155766,0.876596,0.1030,0.4085,2;6;11;16;19;23;27;31;35;37;40;45;48
78,11,0.091619,0.994915,0.6742,0.2442,6;10;16;19;27;31;35;37;40;48
78,12,0.494855,0.138709,0.7626,0.7987,3;9;18;21;22;26;30;38;39;46
78,13,0.657400,0.423283,0.1291,0.4093,4;7;9;24;25;44;47;49
78,14,0.146253,0.518448,0.5388,0.3273,0;15;42
78,15,0.310378,0.538726,0.7238,0.3467,14;23;28;33
78,16,0.263870,0.888972,0.7896,0.4596,2;6;10;11;23;27;31;33;45;48
78,17,0.901642,0.988501,0.8439,0.5628,29;32
78,18,0.498060,0.128536,0.5950,0.3741,3;9;12;21;22;26;30;38;39;46
78,19,0.002614,0.810844,0.2116,0.5346,10;11;27;35;37;40
78,20,0.689206,0.734637,0.8899,0.6482,1;8;25;29;47;49
78,21,0.657829,0.020791,0.2119,0.4533,3;12;18;30;38;46
78,22,0.391123,0.049629,0.2862,0.7992,3;12;18;26;38;39
78,23,0.304194,0.746283,0.6868,0.4136,1;2;6;10;15;16;27;28;31;33;45;48
78,24,0.789911,0.319630,0.1230,0.6371,9;13;30;34;43;44
78,25,0.589228,0.559478,0.4244,0.4915,1;4;7;13;20;28;47;49
78,26,0.337920,0.208471,0.4831,0.7201,0;12;18;22;39
78,27,0.143241,0.877412,0.5073,0.4872,2;6;10;11;16;19;23;31;35;37;40;45;48
78,28,0.400644,0.651702,0.7958,0.2752,1;15;23;25;33
78,29,0.729633,0.879108,0.5246,0.6863,8;17;20;32
78,30,0.696074,0.198147,0.2734,0.7561,3;9;12;18;21;24;34;38;44;46
78,31,0.234472,0.898600,0.4460,0.5156,2;6;10;11;16;23;27;37;45;48
78,32,0.845016,0.909576,0.6318,0.4145,8;17;29
78,33,0.381389,0.712768,0.1702,0.5928,1;2;15;16;23;28;45
78,34,0.832606,0.200772,0.8033,0.6694,9;24;30;43;44
78,35,0.012863,0.907075,0.2292,0.7546,10;11;19;27;37;40;48
78,36,0.056864,0.037716,0.2375,0.2953,5
78,37,0.052415,0.820755,0.4401,0.4610,6;10;11;19;27;31;35;40;48
78,38,0.588644,0.065966,0.5118,0.6147,3;9;12;18;21;22;30;39;46
78,39,0.443367,0.113958,0.1090,0.6195,3;12;18;22;26;38;46
78,40,0.003552,0.940512,0.2558,0.5861,10;11;19;27;35;37
78,41,0.853608,0.531695,0.1685,0.4371,47;49
78,42,0.044855,0.526727,0.7536,0.3014,14
78,43,0.982397,0.230641,0.5402,0.5845,24;34
78,44,0.699020,0.278679,0.6408,0.6285,3;9;13;24;30;34;46
78,45,0.335103,0.880781,0.8740,0.2004,2;6;10;16;23;27;31;33;48
78,46,0.600137,0.179711,0.3331,0.5502,3;9;12;18;21;30;38;39;44
78,47,0.682943,0.621638,0.7467,0.5394,1;4;13;20;25;41;49
78,48,0.230115,0.923462,0.1849,0.3941,2;6;10;11;16;23;27;31;35;37;45
78,49,0.706277,0.633357,0.5980,0.4882,1;4;13;20;25;41;47
79,0,0.946037,0.961031,0.2061,0.6183,4;21
79,1,0.367479,0.408007,0.1039,0.7955,5;8;13;16;17;18;19;22;28;31
79,2,0.776973,0.496038,0.1185,0.3110,10;15;25;26;29
79,3,0.049700,0.380429,0.5499,0.3870,13;17;23;35;37;46;47
79,4,0.903218,0.788986,0.3747,0.7308,0;21;25;32;39
79,5,0.361887,0.303929,0.2114,0.4784,1;8;13;18;19;20;28;31;35;42
79,6,0.939744,0.218870,0.3119,0.6103,10;11;12;14;15;29;34;43
79,7,0.330306,0.065583,0.6379,0.3395,20;28;33;42
79,8,0.380817,0.429137,0.2790,0.4949,1;5;9;16;18;19;22;31
79,9,0.548973,0.536459,0.7868,0.6551,8;16;18;22;30;31;36;40
79,10,0.822721,0.353936,0.2505,0.6785,2;6;11;12;14;15;29;43
79,11,0.873998,0.198627,0.6799,0.2603,6;10;12;14;15;34;43
79,12,0.747538,0.267668,0.2138,0.5941,6;10;11;14;15;24;30
79,13,0.198299,0.296674,0.5609,0.3649,1;3;5;17;19;20;28;35;47
79,14,0.741409,0.228641,0.7951,0.4407,6;10;11;12;24;30
79,15,0.939779,0.353174,0.2477,0.4764,2;6;10;11;12;29;43
79,16,0.547033,0.428960,0.3114,0.5308,1;8;9;18;19;22;24;30;31
79,17,0.160021,0.416491,0.7724,0.4282,1;3;13;23;28;35;37;46;47
79,18,0.494523,0.434177,0.2465,0.6007,1;5;8;9;16;19;22;30;31
79,19,0.391637,0.299714,0.1888,0.2307,1;5;8;13;16;18;20;28;30;31;35;42
79,20,0.313190,0.154257,0.3908,0.3341,5;7;13;19;28;33;35;42
79,21,0.860677,0.811404,0.2540,0.6289,0;4;25;32;39
79,22,0.472762,0.524525,0.3801,0.3755,1;8;9;16;18;31;36;40
79,23,0.004575,0.507893,0.8636,0.3557,3;17;37;46;47
79,24,0.608948,0.243703,0.7053,0.7861,12;14;16;30;31;42
79,25,0.773140,0.650444,0.7385,0.6943,2;4;21;26;32;39;40
79,26,0.771454,0.610084,0.6006,0.5508,2;25;32;39
79,27,0.218443,0.829121,0.3593,0.2470,38;48
79,28,0.251822,0.243855,0.6324,0.7539,1;5;7;13;17;19;20;33;35
79,29,0.975397,0.430624,0.3752,0.4145,2;6;10;15;43
79,30,0.597063,0.337216,0.7046,0.3320,9;12;14;16;18;19;24;31
79,31,0.535572,0.356031,0.4630,0.2188,1;5;8;9;16;18;19;22;24;30;42
79,32,0.763159,0.790446,0.7119,0.2814,4;21;25;26;39;40;44;45
79,33,0.319127,0.059573,0.2492,0.7071,7;20;28;42;49
79,34,0.994526,0.031881,0.4326,0.3199,6;11
79,35,0.174868,0.269140,0.4538,0.4312,3;5;13;17;19;20;28;47
79,36,0.463481,0.732816,0.8981,0.2842,9;22;40;41
79,37,0.008191,0.457886,0.1695,0.3905,3;17;23;46;47
79,38,0.280364,0.917766,0.4805,0.7780,27;41;48
79,39,0.758158,0.758487,0.6753,0.6575,4;21;25;26;32;40;44
79,40,0.567145,0.696943,0.6977,0.6566,9;22;25;32;36;39
79,41,0.446837,0.914678,0.3059,0.2609,36;38;44;48
79,42,0.490022,0.141878,0.7026,0.2172,5;7;19;20;24;31;33
79,43,0.972110,0.314732,0.3060,0.2711,6;10;11;15;29
79,44,0.634936,0.922086,0.8806,0.5930,32;39;41;45
79,45,0.666954,0.969494,0.4138,0.2085,32;44
79,46,0.004787,0.562228,0.5971,0.2355,3;17;23;37;47
79,47,0.028577,0.421710,0.5568,0.2503,3;13;17;23;35;37;46
79,48,0.335082,0.992807,0.7658,0.3443,27;38;41
79,49,0.109939,0.038452,0.7321,0.3409,33
80,0,0.618466,0.336027,0.2095,0.5083,16;21;31;36;43;44;45
80,1,0.073754,0.744732,0.4610,0.2006,5;23;33;37
80,2,0.941025,0.310765,0.6148,0.4078,9;12;16;21;26;32;39
80,3,0.032486,0.329930,0.5759,0.5713,15;18
80,4,0.615545,0.590173,0.6832,0.4239,11;14;21;22;27;36;41
80,5,0.142839,0.820889,0.2572,0.3526,1;23;28;33;37
80,6,0.914380,0.703899,0.3542,0.2062,10;26;27;38
80,7,0.418773,0.227564,0.8906,0.2035,25;34;43;44;45;46;47
80,8,0.803829,0.947643,0.7209,0.4264,10;38
80,9,0.952268,0.215313,0.7455,0.3464,2;12;39
80,10,0.781645,0.827785,0.4955,0.5678,6;8;14;27;38
80,11,0.531016,0.556053,0.8096,0.6469,4;14;22;27;36;41
80,12,0.957270,0.308576,0.3477,0.4077,2;9;16;32;39
80,13,0.344156,0.935760,0.1442,0.5567,17;28;29;48
80,14,0.657571,0.650213,0.5024,0.4716,4;10;11;22;27;36
80,15,0.057184,0.369297,0.4173,0.3426,3;18
80,16,0.815910,0.400738,0.7233,0.3633,0;2;12;21;26;32;36;39
80,17,0.366268,0.859021,0.5837,0.6313,13;28;29;41;48
80,18,0.144753,0.175704,0.2646,0.4449,3;15;24;25;30;40;42;47;49
80,19,0.722352,0.107067,0.6518,0.6077,31;35;39;44;45;46
80,20,0.255352,0.471381,0.3381,0.2413,25;33;34
80,21,0.767109,0.441563,0.6688,0.2877,0;2;4;16;26;27;32;36
80,22,0.466558,0.606379,0.7310,0.5250,4;11;14;41;48
80,23,0.063923,0.718336,0.1770,0.2453,1;5;33;37
80,24,0.292805,0.024283,0.2949,0.5297,18;30;40;42;47;49
80,25,0.285238,0.258761,0.2057,0.3035,7;18;20;34;40;47
80,26,0.895300,0.521337,0.1388,0.6502,2;6;16;21;32
80,27,0.707248,0.646897,0.1801,0.3467,4;6;10;11;14;21;36
80,28,0.248732,0.882932,0.4002,0.2603,5;13;17;29;37
80,29,0.372512,0.915352,0.3484,0.2893,13;17;28;48
80,30,0.084556,0.038135,0.1788,0.5213,18;24;40;42;49
80,31,0.653174,0.156783,0.5375,0.4170,0;19;35;43;44;45;46
80,32,0.981322,0.483809,0.2888,0.2189,2;12;16;21;26
80,33,0.118702,0.642517,0.5401,0.3182,1;5;20;23
80,34,0.320693,0.408000,0.6850,0.7289,7;20;25;47
80,35,0.683320,0.114692,0.6377,0.5138,19;31;43;44;45;46
80,36,0.673147,0.467699,0.6789,0.5823,0;4;11;14;16;21;27
80,37,0.126507,0.903250,0.2778,0.7047,1;5;23;28
80,38,0.959945,0.808898,0.2900,0.5392,6;8;10
80,39,0.909702,0.213629,0.6341,0.2516,2;9;12;16;19
80,40,0.161724,0.111543,0.8507,0.4873,18;24;25;30;42;47;49
80,41,0.427361,0.685308,0.2964,0.4282,4;11;17;22;48
80,42,0.083381,0.053575,0.1101,0.6495,18;24;30;40;49
80,43,0.503420,0.228588,0.5740,0.3838,0;7;31;35;44;45;46;47
80,44,0.618553,0.156731,0.4889,0.4893,0;7;19;31;35;43;45;46
80,45,0.593704,0.246186,0.1369,0.2139,0;7;19;31;35;43;44;46
80,46,0.567200,0.075516,0.2035,0.3542,7;19;31;35;43;44;45
80,47,0.322263,0.217831,0.6738,0.6683,7;18;24;25;34;40;43
80,48,0.460509,0.778014,0.8732,0.7480,13;17;22;29;41
80,49,0.113908,0.026905,0.4654,0.4602,18;24;30;40;42
81,0,0.268994,0.365184,0.6126,0.4409,3;8;10;17;19;29;30;31;33;38;43;46
81,1,0.794277,0.794456,0.2816,0.7058,2;6;7;20;28;45
81,2,0.671292,0.837950,0.7124,0.5460,1;6;7;20;24;39
81,3,0.320641,0.180303,0.2449,0.7713,0;8;13;21;23;25;29;31;32;33;38
81,4,0.458778,0.529086,0.7236,0.6242,9;12;14;16;18;31;43;44;49
81,5,0.080927,0.110129,0.8584,0.2682,23;30;42
81,6,0.781081,0.753475,0.6151,0.4895,1;2;7;20;28;45
81,7,0.622216,0.798548,0.1461,0.3979,1;2;6;14;24;35;39;44
81,8,0.303932,0.259542,0.2784,0.2386,0;3;10;13;21;23;25;29;31;32;33;38
81,9,0.363369,0.605508,0.8263,0.2299,4;11;14;35;43;44;46;49
81,10,0.141768,0.395428,0.6943,0.6114,0;8;17;19;22;29;30;33;42;46;48
81,11,0.338432,0.822703,0.5632,0.2492,9;14;24;35
81,12,0.600040,0.453520,0.4613,0.2770,4;16;18;25;37;44;49
81,13,0.498516,0.236327,0.2255,0.4879,3;8;16;18;21;25;31;32;36;38
81,14,0.446147,0.684355,0.5149,0.2123,4;7;9;11;24;35;43;44;49
81,15,0.116329,0.755249,0.5292,0.4678,27
81,16,0.501026,0.415274,0.5667,0.7933,4;12;13;18;21;25;29;31;32;37;44;49
81,17,0.141366,0.425657,0.4204,0.2321,0;10;19;22;29;30;33;42;43;46;48
81,18,0.584654,0.400792,0.7619,0.4008,4;12;13;16;25;31;32;37;44
81,19,0.134472,0.401725,0.4586,0.5677,0;10;17;22;29;30;33;42;46;48
81,20,0.829181,0.923667,0.7320,0.6363,1;2;6;28;45
81,21,0.440619,0.218759,0.6249,0.6996,3;8;13;16;25;31;32;38
81,22,0.025259,0.363456,0.4817,0.3709,10;17;19;30;33;42;48
81,23,0.207473,0.098446,0.5914,0.5746,3;5;8;33;38
81,24,0.544471,0.852073,0.1455,0.2967,2;7;11;14;35;39
81,25,0.477827,0.286496,0.7946,0.2639,3;8;12;13;16;18;21;29;31;32;37;38
81,26,0.992753,0.165873,0.1994,0.3675,41
81,27,0.139790,0.687391,0.7829,0.6743,15;46;48
81,28,0.927629,0.761425,0.8903,0.4136,1;6;20;45
81,29,0.288690,0.380781,0.6902,0.5317,0;3;8;10;16;17;19;25;31;33;38;43;46
81,30,0.068848,0.297119,0.5276,0.2612,0;5;10;17;19;22;33;42
81,31,0.390982,0.381263,0.8524,0.7807,0;3;4;8;13;16;18;21;25;29;32;33;38;43
81,32,0.494239,0.204794,0.4461,0.4955,3;8;13;16;18;21;25;31;36;38
81,33,0.218412,0.296857,0.6055,0.6108,0;3;8;10;17;19;22;23;29;30;31;38;42
81,34,0.679977,0.071618,0.8661,0.6239,36;40;47
81,35,0.457079,0.779135,0.4251,0.3460,7;9;11;14;24;44;49
81,36,0.684198,0.174116,0.8945,0.3201,13;32;34;37;40;47
81,37,0.670942,0.374593,0.1753,0.5578,12;16;18;25;36;40;47
81,38,0.295522,0.226764,0.8849,0.4199,0;3;8;13;21;23;25;29;31;32;33
81,39,0.600965,0.990350,0.3819,0.6908,2;7;24
81,40,0.737122,0.207209,0.6959,0.6520,34;36;37;41;47
81,41,0.923082,0.261932,0.1827,0.5580,26;40;47
81,42,0.027213,0.250252,0.5870,0.3308,5;10;17;19;22;30;33
81,43,0.313194,0.538648,0.8311,0.5043,0;4;9;14;17;29;31;46;49
81,44,0.565377,0.593155,0.1709,0.7035,4;7;9;12;14;16;18;35;49
81,45,0.902394,0.926973,0.2690,0.7118,1;6;20;28
81,46,0.216451,0.551206,0.6684,0.5890,0;9;10;17;19;27;29;43;48
81,47,0.779410,0.231327,0.8096,0.2321,34;36;37;40;41
81,48,0.028307,0.541284,0.5243,0.7687,10;17;19;22;27;46
81,49,0.486421,0.603351,0.6582,0.2683,4;9;12;14;16;35;43;44
82,0,0.207181,0.823298,0.6621,0.4765,4;6;9;21;23;30;33;40;45
82,1,0.499591,0.426018,0.6088,0.7352,5;8;17;19;29;32;34;37;41;42;46
82,2,0.493752,0.188525,0.3629,0.7674,3;8;14;19;37;41
82,3,0.683268,0.171741,0.8406,0.4511,2;8;16;18;25;37;42
82,4,0.389017,0.802476,0.5066,0.2399,0;10;45
82,5,0.691053,0.421592,0.2650,0.7778,1;17;20;25;29;32;37;39;42;46
82,6,0.120534,0.837579,0.4764,0.7606,0;9;21;23;30;33;40;45;48
82,7,0.076882,0.613920,0.4623,0.4869,11;23;24;33;40
82,8,0.526883,0.267761,0.2089,0.4873,1;2;3;14;19;25;29;37;41;42;46
82,9,0.036631,0.847885,0.2811,0.3762,0;6;21;23;30;33;40;48
82,10,0.310472,0.602051,0.1090,0.7519,4;13;34
82,11,0.056282,0.476222,0.3445,0.5903,7;12;24;38
82,12,0.163342,0.357257,0.6171,0.6410,11;13;14;35;38
82,13,0.295854,0.515889,0.8561,0.2564,10;12;29;34;41
82,14,0.332908,0.224907,0.5934,0.7277,2;8;12;19;35
82,15,0.694845,0.903805,0.7716,0.3377,22;27;31;47;49
82,16,0.820329,0.234420,0.7475,0.4471,3;18;25;26;28;32;42
82,17,0.597702,0.585997,0.8299,0.3109,1;5;20;29;32;34;39;44;46
82,18,0.758504,0.123662,0.2878,0.3876,3;16;25;26;43
82,19,0.481829,0.278452,0.8214,0.2565,1;2;8;14;29;37;41;42;46
82,20,0.732518,0.603757,0.5354,0.5893,5;17;32;36;39;44;46
82,21,0.154127,0.910776,0.3480,0.3611,0;6;9;23;30;40;45;48
82,22,0.777196,0.891976,0.3372,0.7832,15;27;31;36;47;49
82,23,0.105841,0.808722,0.7981,0.3625,0;6;7;9;21;24;30;33;40;45;48
82,24,0.069740,0.600199,0.6355,0.6009,7;11;23;33;38;40
82,25,0.739767,0.322671,0.2259,0.3677,3;5;8;16;18;28;32;37;42;46
82,26,0.880585,0.066769,0.7468,0.6524,16;18;28;43
82,27,0.739054,0.981455,0.1059,0.5606,15;22;31;47;49
82,28,0.948680,0.254061,0.4514,0.4106,16;25;26;43
82,29,0.493531,0.420972,0.8156,0.2545,1;5;8;13;17;19;32;34;37;41;42;46
82,30,0.179504,0.935058,0.6346,0.5089,0;6;9;21;23;45;48
82,31,0.818900,0.991458,0.6259,0.7879,15;22;27;47
82,32,0.706668,0.405816,0.4332,0.3644,1;5;16;17;20;25;29;37;39;42;46
82,33,0.037323,0.696214,0.5902,0.5456,0;6;7;9;23;24;40
82,34,0.395165,0.571448,0.1824,0.4970,1;10;13;17;29;41;46
82,35,0.261120,0.258208,0.2539,0.5235,12;14;38
82,36,0.824815,0.723328,0.6653,0.7384,20;22;39
82,37,0.554859,0.318339,0.4740,0.3920,1;2;3;5;8;19;25;29;32;41;42;46
82,38,0.093816,0.389612,0.7647,0.2805,11;12;24;35
82,39,0.775981,0.603108,0.7710,0.7941,5;17;20;32;36;44
82,40,0.008677,0.771812,0.6475,0.5742,0;6;7;9;21;23;24;33;48
82,41,0.470293,0.399943,0.5069,0.6948,1;2;8;13;19;29;34;37;42;46
82,42,0.661478,0.337675,0.4084,0.2457,1;3;5;8;16;19;25;29;32;37;41;46
82,43,0.957933,0.046141,0.8215,0.6679,18;26;28
82,44,0.587143,0.695764,0.1217,0.3198,17;20;39;49
82,45,0.305854,0.881929,0.4067,0.5699,0;4;6;21;23;30
82,46,0.579295,0.464814,0.2450,0.5467,1;5;8;17;19;20;25;29;32;34;37;41;42
82,47,0.629638,0.914666,0.8921,0.2211,15;22;27;31;49
82,48,0.032110,0.985271,0.8654,0.3451,6;9;21;23;30;40
82,49,0.611279,0.866244,0.4058,0.4290,15;22;27;44;47
83,0,0.578106,0.601082,0.1372,0.7107,6;13;14;18;23;29;36;40;49
83,1,0.084059,0.806513,0.6908,0.6778,9;27;37;38;41;42;47;48
83,2,0.648522,0.001534,0.3981,0.4142,7;16
83,3,0.293946,0.920661,0.5050,0.3453,9;25;37;47
83,4,0.859654,0.147430,0.3324,0.3580,7;10;16
83,5,0.868227,0.708113,0.2953,0.7899,14;19;28;49
83,6,0.459666,0.524181,0.7404,0.5928,0;13;18;23;26;30;34;36;40;43;44;46
83,7,0.758987,0.048773,0.4381,0.3476,2;4;10;16
83,8,0.216235,0.327548,0.8631,0.7483,11;15;17;21;22;30;32;33;39;43;44;46
83,9,0.146681,0.945354,0.7919,0.2781,1;3;37;41;42;47
83,10,0.747358,0.215632,0.4293,0.7903,4;7;12;16;31
83,11,0.304045,0.281259,0.6050,0.7493,8;17;20;22;23;26;30;32;33;34;39;43;44;45;46
83,12,0.628868,0.258165,0.6369,0.2081,10;16;20;26;31;34
83,13,0.508670,0.597749,0.8664,0.3561,0;6;18;23;36;40
83,14,0.747208,0.718731,0.1231,0.7997,0;5;19;24;29;35;49
83,15,0.232629,0.537217,0.6895,0.2421,8;17;18;21;22;27;30;39;40;44;46;48
83,16,0.674265,0.150539,0.6885,0.6890,2;4;7;10;12
83,17,0.222350,0.439744,0.5679,0.6521,8;11;15;18;21;22;30;32;33;39;40;43;44;46
83,18,0.421679,0.476778,0.3893,0.4528,0;6;13;15;17;22;23;26;30;34;36;39;40;43;44;46
83,19,0.842212,0.902176,0.1629,0.6137,5;14;24;28
83,20,0.448493,0.219841,0.5783,0.5406,11;12;22;23;26;32;33;34;43
83,21,0.124032,0.446501,0.6885,0.7001,8;15;17;22;27;30;32;33;39;44;46;48
83,22,0.279940,0.357328,0.8949,0.2521,8;11;15;17;18;20;21;23;26;30;32;33;36;39;40;43;44;46
83,23,0.461551,0.428008,0.1814,0.7320,0;6;11;13;18;20;22;26;30;34;36;40;43;44;46
83,24,0.675202,0.890192,0.5019,0.6493,14;19;29;35
83,25,0.388124,0.943201,0.4583,0.7575,3;37
83,26,0.444496,0.313162,0.4214,0.2459,6;11;12;18;20;22;23;32;33;34;36;39;40;43;44;46
83,27,0.041140,0.614253,0.6841,0.4822,1;15;21;38;48
83,28,0.909490,0.914830,0.4400,0.2558,5;19
83,29,0.605454,0.813717,0.6143,0.5887,0;14;24;35
83,30,0.264966,0.495795,0.5089,0.6014,6;8;11;15;17;18;21;22;23;32;33;36;39;40;43;44;46
83,31,0.773383,0.374334,0.3245,0.4769,10;12
83,32,0.272615,0.286854,0.5668,0.4399,8;11;17;20;21;22;26;30;33;39;43;44;45;46
83,33,0.239427,0.285260,0.6207,0.6692,8;11;17;20;21;22;26;30;32;39;43;44;45;46
83,34,0.502435,0.334282,0.4067,0.7313,6;11;12;18;20;23;26;36;40;43
83,35,0.587433,0.848442,0.6665,0.2095,14;24;29
83,36,0.446125,0.459696,0.3983,0.2799,0;6;13;18;22;23;26;30;34;39;40;43;44;46
83,37,0.253750,0.825827,0.4233,0.7868,1;3;9;25;47
83,38,0.027496,0.753237,0.5689,0.2101,1;27;41;42;47;48
83,39,0.240026,0.389293,0.6135,0.2407,8;11;15;17;18;21;22;26;30;32;33;36;40;43;44;46
83,40,0.419892,0.475320,0.6747,0.6208,0;6;13;15;17;18;22;23;26;30;34;36;39;43;44;46
83,41,0.025022,0.872119,0.6533,0.2022,1;9;38;42;47
83,42,0.022527,0.866576,0.2444,0.6226,1;9;38;41;47
83,43,0.421250,0.354691,0.4971,0.7450,6;8;11;17;18;20;22;23;26;30;32;33;34;36;39;40;44;46
83,44,0.308125,0.445152,0.7843,0.3893,6;8;11;15;17;18;21;22;23;26;30;32;33;36;39;40;43;46
83,45,0.199721,0.088267,0.7705,0.6082,11;32;33
83,46,0.317090,0.471185,0.5985,0.4534,6;8;11;15;17;18;21;22;23;26;30;32;33;36;39;40;43;44
83,47,0.207697,0.776956,0.8317,0.2403,1;3;9;37;38;41;42
83,48,0.059395,0.588361,0.1438,0.2403,1;15;21;27;38
83,49,0.788766,0.643350,0.8005,0.5192,0;5;14
84,0,0.376096,0.308327,0.7729,0.7868,5;6;12;15;17;21;26;30;45;49
84,1,0.307528,0.867615,0.7776,0.7042,10;23;24;28;34;41;47
84,2,0.213214,0.590781,0.6884,0.2610,3;7;10;19;27;36;48;49
84,3,0.090289,0.453783,0.1507,0.3886,2;7;12;20;27;36;44;48
84,4,0.740650,0.339584,0.4777,0.3159,11;16;22;30;37
84,5,0.261150,0.299232,0.1725,0.2523,0;6;12;15;17;21;26;39;44;45;49
84,6,0.302446,0.128202,0.6790,0.2529,0;5;8;15;17;21;26;45
84,7,0.187978,0.605708,0.2996,0.3994,2;3;10;19;27;36;48
84,8,0.282026,0.016687,0.6129,0.4175,6;17;26
84,9,0.897191,0.873761,0.7792,0.7714,18;25;31;33;35;42;43
84,10,0.166483,0.722007,0.3566,0.2234,1;2;7;13;19;23;27;34;41;47;48
84,11,0.783091,0.480851,0.1471,0.3844,4;16;22
84,12,0.225660,0.357349,0.1082,0.4646,0;3;5;15;17;20;21;36;39;44;45;49
84,13,0.082087,0.915777,0.1704,0.6273,10;41;47
84,14,0.681959,0.754782,0.8150,0.5700,31;42
84,15,0.406287,0.310094,0.8104,0.4444,0;5;6;12;17;21;26;30;45;49
84,16,0.867064,0.496901,0.5911,0.3818,4;11;22
84,17,0.302446,0.203787,0.7144,0.3919,0;5;6;8;12;15;21;26;39;45
84,18,0.969375,0.918673,0.4254,0.7036,9;25;31;33;35;43
84,19,0.076355,0.674316,0.4457,0.6496,2;7;10;27;36;41;48
84,20,0.008663,0.355341,0.3443,0.7928,3;12;32;36;39;44
84,21,0.373888,0.267536,0.3429,0.6699,0;5;6;12;15;17;26;30;45;49
84,22,0.944676,0.418408,0.6936,0.3103,4;11;16
84,23,0.318280,0.814715,0.5728,0.2848,1;10;24;28;34;47
84,24,0.349262,0.950866,0.8510,0.7146,1;23;28;34;38;40;47
84,25,0.935665,0.775820,0.5784,0.4047,9;18;31;33;35;42;43
84,26,0.364680,0.167788,0.1441,0.3841,0;5;6;8;15;17;21;45
84,27,0.118927,0.550377,0.1656,0.5709,2;3;7;10;19;36;48
84,28,0.327868,0.876824,0.6870,0.2618,1;23;24;34;40;47
84,29,0.806731,0.057886,0.4355,0.2628,37
84,30,0.577336,0.303589,0.6558,0.4295,0;4;15;21;45
84,31,0.886193,0.793653,0.6126,0.6140,9;14;18;25;33;35;42;43
84,32,0.075976,0.170809,0.1746,0.2353,20;39;44
84,33,0.997959,0.979206,0.7030,0.7041,9;18;25;31;35;43
84,34,0.330292,0.807651,0.6619,0.5159,1;10;23;24;28;47
84,35,0.839503,0.973001,0.2059,0.5985,9;18;25;31;33;43;46
84,36,0.110602,0.460716,0.2072,0.6440,2;3;7;12;19;20;27;44;48
84,37,0.757898,0.177815,0.4236,0.2848,4;29
84,38,0.538037,0.942464,0.7594,0.7550,24;40;46
84,39,0.097101,0.220339,0.2216,0.2502,5;12;17;20;32;44
84,40,0.532493,0.954594,0.7484,0.4135,24;28;38;46
84,41,0.091700,0.891529,0.6104,0.3023,1;10;13;19;47
84,42,0.765429,0.732340,0.7257,0.7014,9;14;25;31
84,43,0.992753,0.960517,0.5548,0.4289,9;18;25;31;33;35
84,44,0.065031,0.258201,0.2168,0.5174,3;5;12;20;32;36;39
84,45,0.385179,0.259116,0.6051,0.4979,0;5;6;12;15;17;21;26;30;49
84,46,0.703577,0.982030,0.7397,0.6250,35;38;40
84,47,0.173049,0.914728,0.6966,0.2067,1;10;13;23;24;28;34;41
84,48,0.102796,0.608266,0.5550,0.2835,2;3;7;10;19;27;36
84,49,0.369975,0.463310,0.7397,0.5800,0;2;5;12;15;21;45
85,0,0.936983,0.633551,0.6842,0.7141,8;36;40;44;47
85,1,0.492277,0.760063,0.5168,0.6786,13;14;22;24;28;30;31;33;34;35;45;46;49
85,2,0.551268,0.455865,0.7122,0.6379,20;23;27;45
85,3,0.703459,0.157901,0.5481,0.7704,7;19;27;37
85,4,0.030506,0.960163,0.5556,0.3848,18;25
85,5,0.661008,0.912869,0.5713,0.6521,13;14;26;33;46
85,6,0.267331,0.339600,0.3077,0.6853,10;17;20;21;43
85,7,0.493346,0.128818,0.6849,0.7742,3;10;16;17;39
85,8,0.805061,0.556501,0.2867,0.4643,0;23;36;44;47
85,9,0.939276,0.144748,0.5486,0.5531,19;37
85,10,0.349648,0.295242,0.8062,0.7744,6;7;17;20;21;39;43
85,11,0.186266,0.717218,0.4271,0.3290,12;15;18;24;28;31;32;35;42;49
85,12,0.044696,0.676891,0.1450,0.5386,11;15;18;25;32;42
85,13,0.511720,0.925505,0.6830,0.2757,1;5;22;26;31;33;34;38;46
85,14,0.642519,0.706497,0.6841,0.4961,1;5;22;23;45;47
85,15,0.147420,0.631752,0.7463,0.3535,11;12;18;21;24;32;35;42
85,16,0.516008,0.015936,0.5084,0.5102,7;39
85,17,0.380103,0.288036,0.7518,0.5172,6;7;10;20;21;27;39;43
85,18,0.028680,0.791295,0.7162,0.7008,4;11;12;15;25;42
85,19,0.831754,0.262147,0.3654,0.6133,3;9;37
85,20,0.418509,0.358612,0.2194,0.7346,2;6;10;17;21;27
85,21,0.300436,0.477106,0.3940,0.5981,6;10;15;17;20;30;32;43
85,22,0.451155,0.804644,0.6299,0.5981,1;13;14;24;28;30;31;33;34;35;38;45;46;49
85,23,0.692590,0.606987,0.7981,0.2953,2;8;14;36;45;47
85,24,0.341065,0.718017,0.8250,0.6301,1;11;15;22;28;30;31;32;34;35;46;49
85,25,0.023294,0.870625,0.8209,0.6561,4;12;18;42
85,26,0.634564,0.972052,0.1886,0.3310,5;13;33;34;46
85,27,0.584424,0.330482,0.2964,0.3258,2;3;17;20
85,28,0.392143,0.687811,0.4494,0.5060,1;11;22;24;30;31;32;34;35;45;46;49
85,29,0.204238,0.093768,0.3743,0.5211,39;41;48
85,30,0.388929,0.627005,0.3384,0.7653,1;21;22;24;28;31;32;35;45;49
85,31,0.354419,0.805259,0.4379,0.7440,1;11;13;22;24;28;30;33;34;35;38;46;49
85,32,0.220558,0.558864,0.6113,0.5014,11;12;15;21;24;28;30;35;42;43
85,33,0.530843,0.926746,0.5886,0.4395,1;5;13;22;26;31;34;38;46
85,34,0.442798,0.880073,0.3592,0.5310,1;13;22;24;26;28;31;33;35;38;46;49
85,35,0.347595,0.697257,0.4837,0.3613,1;11;15;22;24;28;30;31;32;34;46;49
85,36,0.911323,0.613342,0.3246,0.3953,0;8;23;44;47
85,37,0.829588,0.074069,0.5599,0.4008,3;9;19
85,38,0.389353,0.958982,0.1635,0.4144,13;22;31;33;34;46;49
85,39,0.416690,0.127977,0.2605,0.7626,7;10;16;17;29
85,40,0.927478,0.843346,0.3579,0.4068,0
85,41,0.023030,0.088184,0.7298,0.3979,29;48
85,42,0.097687,0.726916,0.6028,0.7543,11;12;15;18;25;32
85,43,0.193530,0.382191,0.6600,0.4931,6;10;17;21;32
85,44,0.922105,0.481994,0.5300,0.4744,0;8;36;47
85,45,0.589122,0.665409,0.3211,0.7802,1;2;14;22;23;28;30;47
85,46,0.447217,0.882207,0.1515,0.5817,1;5;13;22;24;26;28;31;33;34;35;38;49
85,47,0.753665,0.615399,0.8766,0.4315,0;8;14;23;36;44;45
85,48,0.214319,0.016676,0.8099,0.7571,29;41
85,49,0.329271,0.759928,0.4428,0.3939,1;11;22;24;28;30;31;34;35;38;46
86,0,0.120300,0.748192,0.8849,0.7277,1;3;10;12;14;23;27;42
86,1,0.117816,0.617096,0.8594,0.7819,0;3;14;18;23
86,2,0.493020,0.257172,0.6781,0.7099,4;7;8;13;16;20;28;30;37;44
86,3,0.224020,0.613129,0.6192,0.5938,0;1;11;15;18;21;23;34
86,4,0.355593,0.318294,0.5457,0.7165,2;11;13;15;17;30;34;36
86,5,0.767503,0.778650,0.6389,0.4724,9;29;38;45;48
86,6,0.435830,0.886721,0.7998,0.5294,32
86,7,0.611377,0.440600,0.1715,0.2952,2;8;19;22;25;31;37;39;40
86,8,0.598852,0.237583,0.2459,0.3559,2;7;13;16;19;20;28;30;37;44
86,9,0.722626,0.913515,0.8539,0.4225,5;29;38;45;48
86,10,0.049820,0.955413,0.4822,0.5072,0;12;14;27;42
86,11,0.350962,0.504317,0.3309,0.4373,3;4;15;18;21;22;23;34;47
86,12,0.183685,0.835070,0.4566,0.5657,0;10;14;23;27;42
86,13,0.396003,0.191671,0.7658,0.6987,2;4;8;17;28;30;44;49
86,14,0.037639,0.758601,0.7641,0.2493,0;1;10;12
86,15,0.327281,0.475400,0.7250,0.5375,3;4;11;18;21;23;34;36;47
86,16,0.639301,0.172552,0.5556,0.2600,2;8;19;20;28;30;44
86,17,0.280782,0.126253,0.5039,0.4737,4;13;30;49
86,18,0.280764,0.541450,0.3997,0.2411,1;3;11;15;21;23;34;36;47
86,19,0.745108,0.305310,0.5581,0.6128,7;8;16;20;37;39;40;43;46
86,20,0.662819,0.167393,0.3391,0.6761,2;8;16;19;28;44
86,21,0.381570,0.553297,0.5832,0.2991,3;11;15;18;22;23;32;34;47
86,22,0.567726,0.519900,0.2648,0.2602,7;11;21;25;37;40;47
86,23,0.254040,0.654907,0.8341,0.5719,0;1;3;11;12;15;18;21;32;47
86,24,0.049315,0.082813,0.2423,0.6556,26;35
86,25,0.633768,0.506151,0.7080,0.5104,7;22;31;37;39;40;45
86,26,0.033586,0.008107,0.6153,0.5978,24
86,27,0.203981,0.909989,0.4807,0.4640,0;10;12;42
86,28,0.553549,0.071989,0.4475,0.4275,2;8;13;16;20;30;44;49
86,29,0.854332,0.870467,0.3554,0.7387,5;9;38;48
86,30,0.438634,0.242011,0.4851,0.4170,2;4;8;13;16;17;28;44;49
86,31,0.794561,0.526984,0.3424,0.5677,7;25;37;39;40;45;46
86,32,0.400245,0.746871,0.6189,0.6250,6;21;23;47
86,33,0.104327,0.345921,0.6109,0.3836,34;35;36;41
86,34,0.261215,0.416829,0.8872,0.4591,3;4;11;15;18;21;33;36
86,35,0.015773,0.245048,0.4766,0.4956,24;33;36;41
86,36,0.154241,0.392951,0.3690,0.4463,4;15;18;33;34;35;41
86,37,0.615054,0.437418,0.5509,0.7704,2;7;8;19;22;25;31;39;40
86,38,0.855792,0.931395,0.6807,0.6980,5;9;29;48
86,39,0.824695,0.402901,0.3125,0.5675,7;19;25;31;37;40;43;46
86,40,0.700515,0.495773,0.8181,0.4921,7;19;22;25;31;37;39;45;46
86,41,0.048078,0.332758,0.8573,0.6164,33;35;36
86,42,0.206210,0.925179,0.3388,0.2675,0;10;12;27
86,43,0.852566,0.298913,0.2684,0.5562,19;39;46
86,44,0.573386,0.107086,0.4733,0.7965,2;8;13;16;20;28;30;49
86,45,0.690874,0.710597,0.6312,0.2659,5;9;25;31;40;48
86,46,0.821012,0.349024,0.8598,0.5861,19;31;39;40;43
86,47,0.444447,0.626537,0.4699,0.7153,11;15;18;21;22;23;32
86,48,0.682800,0.803020,0.7132,0.5687,5;9;29;38;45
86,49,0.364431,0.042574,0.3103,0.5979,13;17;28;30;44
87,0,0.386904,0.911723,0.1039,0.2559,19;24;29;31;44
87,1,0.796085,0.569128,0.4137,0.5245,3;6;20;27;40;49
87,2,0.965256,0.719318,0.2855,0.5808,42;47;49
87,3,0.750689,0.645173,0.5442,0.3925,1;6;20;27;40;49
87,4,0.229468,0.130688,0.2913,0.4311,22;25;30;32;34;35;48
87,5,0.814351,0.998049,0.3071,0.6536,23;42;47
87,6,0.705168,0.596183,0.4628,0.6996,1;3;11;15;20;27;39;40
87,7,0.682677,0.123383,0.4660,0.7194,9;36;45
87,8,0.069151,0.863376,0.4485,0.2364,16;24
87,9,0.558653,0.099841,0.4102,0.3347,7;26;32;45
87,10,0.397106,0.544829,0.3597,0.7725,11;14;19;21;39;43;46
87,11,0.579577,0.464547,0.7742,0.7587,6;10;15;20;21;26;27;33;39;40;43
87,12,0.010775,0.277272,0.7392,0.4730,13;18;28;34;38;41
87,13,0.117866,0.332114,0.6080,0.7052,12;18;28;34;38;41
87,14,0.246603,0.598361,0.7742,0.5834,10;24;46
87,15,0.637616,0.397973,0.4779,0.3418,6;11;20;21;26;33;40;43;45
87,16,0.138547,0.874629,0.2821,0.3062,8;24;31
87,17,0.952601,0.401529,0.5641,0.4521,37
87,18,0.003447,0.174232,0.7630,0.6352,12;13;34;35;38;41
87,19,0.423444,0.734971,0.3667,0.6530,0;10;24;29;31;39;44
87,20,0.756731,0.550403,0.4999,0.7880,1;3;6;11;15;27;33;40;49
87,21,0.510044,0.366838,0.8956,0.4042,10;11;15;25;26;32;33;43;46
87,22,0.276344,0.010465,0.7236,0.3813,4;30;35;48
87,23,0.864839,0.928056,0.3247,0.5200,5;42;47
87,24,0.231905,0.772703,0.1346,0.3821,0;8;14;16;19;31
87,25,0.368057,0.230790,0.7986,0.4633,4;21;26;30;32;48
87,26,0.503486,0.298043,0.7416,0.7062,9;11;15;21;25;32;33;43
87,27,0.682443,0.621558,0.5331,0.7945,1;3;6;11;20;39;40
87,28,0.082683,0.408254,0.4096,0.7139,12;13;38;41
87,29,0.448635,0.885390,0.7761,0.2973,0;19;31;44
87,30,0.326271,0.084461,0.1412,0.5566,4;22;25;32;48
87,31,0.311498,0.918276,0.7790,0.7346,0;16;19;24;29;44
87,32,0.377382,0.217672,0.3879,0.5478,4;9;21;25;26;30;48
87,33,0.690268,0.345161,0.8118,0.6816,11;15;20;21;26;45
87,34,0.025998,0.162924,0.4308,0.2704,4;12;13;18;35;38;41
87,35,0.081487,0.047085,0.1860,0.4905,4;18;22;34;41
87,36,0.807807,0.088427,0.8946,0.4836,7;37;45
87,37,0.910882,0.244543,0.3453,0.4697,17;36;45
87,38,0.086781,0.330419,0.3319,0.6459,12;13;18;28;34;41
87,39,0.513227,0.634786,0.4347,0.4768,6;10;11;19;27;40;43;46
87,40,0.706534,0.566261,0.5094,0.6741,1;3;6;11;15;20;27;39
87,41,0.011934,0.220547,0.2214,0.4324,12;13;18;28;34;35;38
87,42,0.808026,0.862323,0.5613,0.3776,2;5;23;47;49
87,43,0.453796,0.492782,0.3703,0.7660,10;11;15;21;26;39;46
87,44,0.492944,0.857020,0.6442,0.6549,0;19;29;31
87,45,0.699259,0.192246,0.5640,0.5653,7;9;15;33;36;37
87,46,0.345400,0.500317,0.3063,0.6112,10;14;21;39;43
87,47,0.907555,0.893252,0.5227,0.4093,2;5;23;42;49
87,48,0.303465,0.129569,0.4335,0.7057,4;22;25;30;32
87,49,0.910076,0.698647,0.4032,0.5541,1;2;3;20;42;47
88,0,0.597459,0.922169,0.7406,0.4878,9;15;26;37;40;48
88,1,0.953858,0.717829,0.7877,0.7707,12;19;42
88,2,0.407724,0.218484,0.5405,0.5825,11;17;29;31;35;41;45
88,3,0.132217,0.409767,0.4573,0.4381,10;16;20;23;38
88,4,0.547861,0.033770,0.6430,0.2252,11;17;34;35;36;41
88,5,0.767530,0.442859,0.6777,0.7706,7;18;30;39;43;49
88,6,0.440707,0.456215,0.2350,0.3495,7;13;32;38;45
88,7,0.596143,0.468387,0.1601,0.4883,5;6;18;43
88,8,0.756869,0.205121,0.8216,0.2558,18;22;24;34;36;39
88,9,0.565001,0.825414,0.8751,0.7421,0;12;13;25;33;40
88,10,0.144315,0.222821,0.5481,0.7787,3;20;29;31;44
88,11,0.468436,0.183738,0.8380,0.7709,2;4;17;29;31;34;35;41;45
88,12,0.745429,0.758799,0.7205,0.5971,1;9;26;27;37;40
88,13,0.444039,0.670080,0.5320,0.4832,6;9;21;25;32;33;40
88,14,0.085399,0.946352,0.5196,0.4904,46
88,15,0.759289,0.988356,0.8357,0.5116,0;26;27;37
88,16,0.123203,0.553899,0.2624,0.6785,3;21;23;32;38
88,17,0.419443,0.187431,0.1610,0.6809,2;4;11;29;31;34;35;41;45
88,18,0.792974,0.406867,0.7445,0.5404,5;7;8;24;30;39;43;49
88,19,0.966836,0.653158,0.7378,0.3042,1;42
88,20,0.167925,0.201716,0.7539,0.4843,3;10;29;31;41;44;45
88,21,0.231828,0.684411,0.6332,0.4354,13;16;23;25;32;33;38;46
88,22,0.776316,0.051886,0.3403,0.4563,8;34;36
88,23,0.143098,0.616783,0.2876,0.6561,3;16;21;32;38;46
88,24,0.929074,0.252231,0.5335,0.5039,8;18;30;39;49
88,25,0.379085,0.787498,0.4768,0.2116,9;13;21;28;33;40;47;48
88,26,0.814395,0.889597,0.1629,0.2248,0;12;15;27;37
88,27,0.834518,0.951933,0.5217,0.3873,12;15;26;37
88,28,0.377846,0.984911,0.6478,0.2900,25;33;47;48
88,29,0.258590,0.226566,0.1170,0.6087,2;10;11;17;20;31;41;45
88,30,0.917130,0.398827,0.6845,0.5937,5;18;24;39;43;49
88,31,0.343790,0.130515,0.1029,0.6339,2;10;11;17;20;29;35;41;45
88,32,0.341024,0.537686,0.4913,0.3785,6;13;16;21;23;38
88,33,0.391788,0.778528,0.8577,0.2401,9;13;21;25;28;40;47;48
88,34,0.598786,0.090344,0.3203,0.4990,4;8;11;17;22;35;36
88,35,0.505848,0.242440,0.2100,0.7189,2;4;11;17;31;34;41;45
88,36,0.715402,0.048560,0.1545,0.7211,4;8;22;34
88,37,0.785470,0.861486,0.3152,0.4490,0;12;15;26;27
88,38,0.264901,0.531063,0.7996,0.3917,3;6;16;21;23;32
88,39,0.828028,0.336332,0.6918,0.6680,5;8;18;24;30;43;49
88,40,0.531708,0.779872,0.3844,0.4435,0;9;12;13;25;33
88,41,0.340643,0.106634,0.6444,0.4684,2;4;11;17;20;29;31;35;45
88,42,0.961847,0.631751,0.3206,0.6951,1;19
88,43,0.764669,0.520282,0.2838,0.6328,5;7;18;30;39
88,44,0.009806,0.166719,0.1443,0.5207,10;20
88,45,0.350063,0.311018,0.7136,0.3754,2;6;11;17;20;29;31;35;41
88,46,0.143173,0.802161,0.5343,0.7633,14;21;23
88,47,0.323983,0.974427,0.2509,0.2080,25;28;33;48
88,48,0.410197,0.993358,0.8741,0.5046,0;25;28;33;47
88,49,0.970623,0.365164,0.4947,0.7413,5;18;24;30;39
89,0,0.544220,0.392886,0.5202,0.2022,2;20;27;31;38
89,1,0.724187,0.244316,0.8541,0.3482,20;27;40;41
89,2,0.461489,0.462024,0.1852,0.3373,0;18;31
89,3,0.300203,0.041552,0.6982,0.7993,23;46
89,4,0.943022,0.837598,0.3311,0.3115,5;8;13;15;17;26;35;47
89,5,0.871488,0.913400,0.6041,0.7781,4;8;13;15;17;26;35;47
89,6,0.031566,0.152500,0.1566,0.7001,11;23;32;33;39;43
89,7,0.679040,0.631298,0.1135,0.3007,9;14;16;21;35;45
89,8,0.812173,0.920087,0.7073,0.4706,4;5;13;15;17;19;26;35;47
89,9,0.787986,0.604283,0.2870,0.2392,7;15;16;20;35;36;44;45
89,10,0.248536,0.573753,0.6167,0.2273,18;29;30;31;48
89,11,0.006401,0.085270,0.4911,0.7688,6;23;39
89,12,0.263694,0.930679,0.2931,0.6113,22;37;42
89,13,0.787956,0.873358,0.1290,0.2161,4;5;8;15;17;19;26;35;47;49
89,14,0.567861,0.744357,0.5271,0.4436,7;17;18;19;21;31;49
89,15,0.830819,0.814583,0.3658,0.4442,4;5;8;9;13;16;17;26;35;47
89,16,0.804237,0.615639,0.1757,0.3933,7;9;15;35;36;44;45
89,17,0.733638,0.846999,0.4169,0.4331,4;5;8;13;14;15;19;21;26;35;47;49
89,18,0.378365,0.657778,0.3309,0.2369,2;10;14;21;31;37;48
89,19,0.599247,0.888391,0.4526,0.7703,8;13;14;17;21;35;42;49
89,20,0.726281,0.409207,0.4200,0.5597,0;1;9;27;36;40;45
89,21,0.552212,0.777063,0.8015,0.4271,7;14;17;18;19;31;42;49
89,22,0.289466,0.968822,0.6085,0.5503,12;37;42
89,23,0.220444,0.078492,0.5151,0.3630,3;6;11;39;46
89,24,0.093236,0.755618,0.3019,0.2416,29;30;34;37
89,25,0.515669,0.110864,0.1097,0.5898,38
89,26,0.857865,0.854895,0.4242,0.2639,4;5;8;13;15;17;35;47
89,27,0.633488,0.312050,0.8906,0.7528,0;1;20;38;40;45
89,28,0.948777,0.341806,0.4648,0.4811,36;40;41;45
89,29,0.085924,0.703871,0.7028,0.4667,10;24;30;34;48
89,30,0.156572,0.636181,0.8597,0.6591,10;24;29;34;48
89,31,0.444934,0.587246,0.2775,0.4883,0;2;10;14;18;21;48
89,32,0.002226,0.311819,0.5593,0.3860,6;33;39;43
89,33,0.038552,0.361158,0.2578,0.3212,6;32;43
89,34,0.001364,0.744840,0.8922,0.2222,24;29;30
89,35,0.792385,0.806672,0.5222,0.2664,4;5;7;8;9;13;15;16;17;19;26;47
89,36,0.902735,0.453235,0.8080,0.4654,9;16;20;28;40;41;44;45
89,37,0.295912,0.817528,0.5590,0.6553,12;18;22;24;42;48
89,38,0.458771,0.212680,0.7657,0.7956,0;25;27;46
89,39,0.021781,0.104566,0.3224,0.2142,6;11;23;32
89,40,0.809324,0.353687,0.8375,0.3608,1;20;27;28;36;41;45
89,41,0.910425,0.271766,0.3350,0.7669,1;28;36;40;45
89,42,0.473801,0.946366,0.7481,0.4005,12;19;21;22;37;49
89,43,0.152466,0.328122,0.5735,0.4686,6;32;33;46
89,44,0.976717,0.599644,0.2820,0.3400,9;16;36
89,45,0.790559,0.454994,0.6296,0.3818,7;9;16;20;27;28;36;40;41
89,46,0.267729,0.222484,0.5517,0.4443,3;23;38;43
89,47,0.857851,0.937359,0.6611,0.4055,4;5;8;13;15;17;26;35
89,48,0.265525,0.618237,0.8521,0.3373,10;18;29;30;31;37
89,49,0.580624,0.921107,0.8885,0.4880,13;14;17;19;21;42
90,0,0.101699,0.380534,0.3918,0.5334,4;14;17;26;46;47
90,1,0.602503,0.461095,0.6842,0.2962,7;9;10;15;18;22;33;34
90,2,0.260037,0.845714,0.2664,0.6779,25;28
90,3,0.567670,0.845660,0.5344,0.4169,11;19;20;28;35;36;44
90,4,0.165416,0.186500,0.8650,0.2192,0;14;17;24;27;30;31;43;47
90,5,0.185009,0.614901,0.8582,0.6197,16;25;40;46
90,6,0.761610,0.258138,0.5624,0.2997,7;9;13;21;23;33;37;39;41;42
90,7,0.683794,0.278421,0.3022,0.5825,1;6;9;13;21;23;33;37;39;41;42
90,8,0.961434,0.801435,0.2115,0.4798,20;38
90,9,0.746993,0.429205,0.8692,0.7031,1;6;7;10;13;15;18;33;34;39;42;45;48
90,10,0.703475,0.542129,0.2370,0.2664,1;9;15;18;19;33;34
90,11,0.507296,0.872108,0.8104,0.6098,3;28;35;44
90,12,0.883794,0.074386,0.5174,0.3216,13;21;37
90,13,0.783154,0.222563,0.2374,0.4648,6;7;9;12;21;23;33;37;39;41;42
90,14,0.046332,0.257504,0.6730,0.7890,0;4;17;27;30;43;47
90,15,0.605000,0.519737,0.7100,0.3744,1;9;10;18;19;22;33;34
90,16,0.320475,0.499682,0.3791,0.3103,5;22;26;31;40;46
90,17,0.085173,0.333944,0.4775,0.2040,0;4;14;26;30;47
90,18,0.702481,0.593832,0.5937,0.7070,1;9;10;15;19;34
90,19,0.659926,0.694252,0.5403,0.2826,3;10;15;18;34;35
90,20,0.770923,0.909846,0.4760,0.6978,3;8;36;38;44
90,21,0.698600,0.166899,0.1555,0.6091,6;7;12;13;23;33;37;39;41;42
90,22,0.481482,0.478909,0.2281,0.5678,1;15;16;33;34;40
90,23,0.609750,0.171730,0.4439,0.7328,6;7;13;21;32;33;37;41;42;49
90,24,0.356331,0.097969,0.6034,0.3957,4;27;31;32;49
90,25,0.151944,0.713239,0.2256,0.6388,2;5;46
90,26,0.266447,0.390173,0.3618,0.3992,0;16;17;31;40;46;47
90,27,0.235381,0.168299,0.6475,0.2117,4;14;24;30;31;43;47;49
90,28,0.412456,0.886324,0.8656,0.7310,2;3;11;35
90,29,0.966626,0.395270,0.1259,0.2689,39;45;48
90,30,0.022487,0.145754,0.3429,0.5227,4;14;17;27;43
90,31,0.324001,0.296957,0.3047,0.2773,4;16;24;26;27;47
90,32,0.535187,0.006713,0.4434,0.3038,23;24;41;49
90,33,0.622489,0.344701,0.6521,0.2077,1;6;7;9;10;13;15;21;22;23;41;42
90,34,0.619228,0.567774,0.4347,0.7976,1;9;10;15;18;19;22
90,35,0.489706,0.769562,0.2077,0.3444,3;11;19;28
90,36,0.721484,0.970171,0.1306,0.6475,3;20;38;44
90,37,0.796655,0.195565,0.5232,0.2017,6;7;12;13;21;23;39;41;42
90,38,0.830578,0.976746,0.8235,0.6018,8;20;36;44
90,39,0.852715,0.315847,0.6462,0.7263,6;7;9;13;21;29;37;42;45;48
90,40,0.346257,0.564325,0.6118,0.3185,5;16;22;26;46
90,41,0.643499,0.146049,0.4655,0.6841,6;7;13;21;23;32;33;37;42;49
90,42,0.719812,0.269432,0.5595,0.7884,6;7;9;13;21;23;33;37;39;41
90,43,0.085338,0.064391,0.7140,0.2849,4;14;27;30
90,44,0.675413,0.987639,0.8654,0.2181,3;11;20;36;38
90,45,0.963175,0.456050,0.5849,0.7227,9;29;39;48
90,46,0.218418,0.527706,0.6676,0.3327,0;5;16;25;26;40;47
90,47,0.148418,0.355146,0.4376,0.7399,0;4;14;17;26;27;31;46
90,48,0.957842,0.463016,0.4410,0.4313,9;29;39;45
90,49,0.431089,0.103410,0.5465,0.6361,23;24;27;32;41
91,0,0.004073,0.237212,0.4669,0.3881,40
91,1,0.587386,0.615477,0.6368,0.3986,9;20;22;23;30;37;43
91,2,0.980218,0.849653,0.1951,0.5738,3;13;29;32;48
91,3,0.942639,0.653473,0.2247,0.5565,2;8;32;48
91,4,0.297189,0.276693,0.1429,0.2838,7;12;28;40;49
91,5,0.462555,0.900655,0.2024,0.3607,6;9;11;15;17;34;44;45
91,6,0.659448,0.869548,0.4898,0.3752,5;9;11;13;17;29;34;47
91,7,0.309707,0.110319,0.7338,0.3978,4;12;40;49
91,8,0.963011,0.451899,0.1267,0.3458,3;32
91,9,0.581530,0.828339,0.3855,0.4209,1;5;6;11;13;15;17;34;37
91,10,0.743817,0.135438,0.6559,0.7920,16;27;36;41;46
91,11,0.640250,0.926252,0.1335,0.7892,5;6;9;13;17;29;34;47
91,12,0.284809,0.232260,0.1294,0.4466,4;7;28;40;49
91,13,0.768592,0.830345,0.4762,0.2442,2;6;9;11;17;29;37;47;48
91,14,0.993514,0.109125,0.4345,0.3855,27;31
91,15,0.390999,0.936683,0.8496,0.6758,5;9;17;34;44;45
91,16,0.733626,0.249486,0.5509,0.6796,10;27;36;41;46
91,17,0.579739,0.919603,0.7394,0.2667,5;6;9;11;13;15;34;47
91,18,0.209298,0.611224,0.2281,0.5306,19;24;25;26;33;39;43;45
91,19,0.329390,0.626675,0.2994,0.5976,18;23;24;25;26;39;43;45
91,20,0.710638,0.567692,0.1746,0.5809,1;22;30;37
91,21,0.054190,0.812375,0.4821,0.6395,25;33;35;42
91,22,0.704043,0.572302,0.7286,0.7056,1;20;30;37
91,23,0.429193,0.506282,0.3599,0.4626,1;19;24;26;28;43
91,24,0.314226,0.507383,0.4242,0.7437,18;19;23;25;26;39;43
91,25,0.222968,0.671931,0.2351,0.2897,18;19;21;24;26;33;39;43;45
91,26,0.329866,0.665993,0.8827,0.5895,18;19;23;24;25;39;43;45
91,27,0.797368,0.072043,0.6250,0.5794,10;14;16;31;36;46
91,28,0.476951,0.309430,0.3917,0.3776,4;12;23;36;49
91,29,0.823811,0.990983,0.4354,0.6170,2;6;11;13;47
91,30,0.677190,0.488806,0.2987,0.2026,1;20;22;37;41
91,31,0.955245,0.210516,0.3053,0.4218,14;27
91,32,0.996079,0.652155,0.7490,0.4041,2;3;8;48
91,33,0.097862,0.686708,0.3664,0.2756,18;21;25;38;39
91,34,0.465971,0.957302,0.4263,0.6234,5;6;9;11;15;17;44
91,35,0.093919,0.921206,0.4430,0.4998,21;42
91,36,0.636821,0.193305,0.4898,0.5234,10;16;27;28;41;46
91,37,0.657589,0.641919,0.7416,0.3870,1;9;13;20;22;30
91,38,0.002614,0.507861,0.7349,0.3393,33
91,39,0.217912,0.583868,0.2095,0.4460,18;19;24;25;26;33;43;45
91,40,0.148612,0.197371,0.8889,0.5459,0;4;7;12
91,41,0.711599,0.321547,0.5805,0.3577,10;16;30;36;46
91,42,0.013654,0.904190,0.7588,0.2212,21;35
91,43,0.408800,0.587869,0.5156,0.6166,1;18;19;23;24;25;26;39;45
91,44,0.340068,0.953935,0.7598,0.4402,5;15;34;45
91,45,0.333031,0.765828,0.4016,0.5964,5;15;18;19;25;26;39;43;44
91,46,0.728045,0.224208,0.7557,0.2853,10;16;27;36;41
91,47,0.764979,0.962005,0.8679,0.7339,6;11;13;17;29
91,48,0.929697,0.683377,0.5502,0.3102,2;3;13;32
91,49,0.392588,0.195567,0.6485,0.2898,4;7;12;28
92,0,0.441519,0.810464,0.1849,0.5332,6;8;21;27;33;35;36;38
92,1,0.699075,0.272585,0.3897,0.6359,7;12;28;39;42
92,2,0.318080,0.468103,0.1095,0.2288,10;14;20;23;26;41;43
92,3,0.775436,0.052858,0.3784,0.3734,12;39;40;48;49
92,4,0.433976,0.142279,0.4788,0.6116,7;13;20;32;45;48
92,5,0.614822,0.500123,0.8442,0.3378,17;38;42;43;44
92,6,0.453760,0.921280,0.6461,0.3054,0;8;15;21;27;33;35;36
92,7,0.545756,0.155063,0.1655,0.7939,1;4;13;20;28;39;42;48;49
92,8,0.522453,0.795565,0.2377,0.7407,0;6;11;15;21;33;35;36;38
92,9,0.136331,0.796649,0.4765,0.7427,23;25;30;46;47
92,10,0.146628,0.401054,0.7324,0.4840,2;14;16;23;26;30;41
92,11,0.719553,0.707444,0.6187,0.6047,8;17;22;29;35;44
92,12,0.755889,0.257158,0.6232,0.7161,1;3;28;39;40
92,13,0.437547,0.001310,0.3670,0.3380,4;7;32;45;48
92,14,0.195875,0.492692,0.5793,0.3928,2;10;16;23;26;30;41
92,15,0.645474,0.941506,0.7937,0.7927,6;8;19;21;33
92,16,0.033275,0.387193,0.6985,0.3526,10;14;18;41
92,17,0.717235,0.542749,0.7081,0.4079,5;11;22;44
92,18,0.010574,0.201265,0.4069,0.6069,16;24;37
92,19,0.689974,0.963695,0.5924,0.6452,15
92,20,0.401419,0.305614,0.6352,0.2995,2;4;7;41;42;43
92,21,0.471950,0.869945,0.3250,0.4427,0;6;8;15;27;33;35;36
92,22,0.838114,0.635977,0.1904,0.6671,11;17;29;31;44
92,23,0.144345,0.582633,0.2690,0.3750,2;9;10;14;25;26;30;41
92,24,0.190908,0.123211,0.8529,0.6721,18;32;34;37;45
92,25,0.174200,0.761752,0.7806,0.2557,9;23;30;47
92,26,0.262509,0.556644,0.8185,0.3126,2;10;14;23;30;41
92,27,0.360964,0.982982,0.4669,0.6686,0;6;21;33;36
92,28,0.672251,0.270057,0.5901,0.3379,1;7;12;42;49
92,29,0.838455,0.791803,0.4553,0.4542,11;22;44
92,30,0.084741,0.603930,0.7013,0.6449,9;10;14;23;25;26
92,31,0.977104,0.556367,0.7172,0.6120,22
92,32,0.261691,0.019721,0.4578,0.5201,4;13;24;34;37;45
92,33,0.439992,0.930962,0.6948,0.7403,0;6;8;15;21;27;36
92,34,0.118500,0.001175,0.7137,0.2029,24;32;37;45
92,35,0.514436,0.723931,0.5242,0.4061,0;6;8;11;21;36;38;44
92,36,0.400386,0.872223,0.7135,0.6850,0;6;8;21;27;33;35
92,37,0.102772,0.170550,0.4662,0.5592,18;24;32;34;45
92,38,0.479538,0.648864,0.1371,0.4179,0;5;8;35;44
92,39,0.724531,0.054814,0.3386,0.6342,1;3;7;12;40;48;49
92,40,0.827010,0.058215,0.5130,0.2473,3;12;39;49
92,41,0.226089,0.424649,0.3183,0.5674,2;10;14;16;20;23;26
92,42,0.547972,0.372990,0.5124,0.3269,1;5;7;20;28;43
92,43,0.442635,0.379307,0.7556,0.4024,2;5;20;42
92,44,0.699388,0.648117,0.4206,0.3699,5;11;17;22;29;35;38
92,45,0.293671,0.083237,0.1361,0.4133,4;13;24;32;34;37
92,46,0.053709,0.974446,0.3044,0.3984,9;47
92,47,0.091591,0.926373,0.5519,0.5465,9;25;46
92,48,0.570650,0.000504,0.4494,0.3096,3;4;7;13;39;49
92,49,0.676286,0.050996,0.3991,0.3461,3;7;28;39;40;48
93,0,0.145357,0.441372,0.8961,0.6332,5;18;31;40;48;49
93,1,0.591162,0.097171,0.5650,0.6152,32
93,2,0.116560,0.691474,0.2704,0.7968,3;5;10;12;17;39;49
93,3,0.056754,0.701135,0.8336,0.6148,2;5;12;17;39;49
93,4,0.371945,0.692982,0.8700,0.4610,7;10;11;12;13;24;37
93,5,0.070820,0.534232,0.6563,0.3997,0;2;3;40;49
93,6,0.410358,0.424291,0.8928,0.7927,7;11;18;36;37;44;45;46;47
93,7,0.511679,0.553903,0.5651,0.3507,4;6;11;13;14;36;37;43;44
93,8,0.995466,0.321507,0.8167,0.5096,19;21;28;38;41;42
93,9,0.222373,0.165945,0.1218,0.2919,18;26;30;31;46;48
93,10,0.242763,0.826753,0.3230,0.7865,2;4;12;17;39
93,11,0.412050,0.500080,0.3291,0.3768,4;6;7;13;18;36;37;44;45;47
93,12,0.209645,0.818734,0.5832,0.4532,2;3;4;10;17;39
93,13,0.453960,0.694447,0.7307,0.4097,4;7;11;14;23;24;37;43
93,14,0.650834,0.693180,0.1951,0.7323,7;13;22;24;25;37;43
93,15,0.851421,0.008314,0.8850,0.4458,20;35
93,16,0.759360,0.884750,0.7427,0.2817,22;25;33;34
93,17,0.147797,0.858426,0.2059,0.7530,2;3;10;12;39
93,18,0.264697,0.346165,0.7942,0.2373,0;6;9;11;31;36;40;45;46;47;48
93,19,0.967806,0.495340,0.8535,0.4792,8;38;41;42
93,20,0.932427,0.008652,0.6258,0.4012,15;35
93,21,0.851562,0.296507,0.3019,0.2182,8;27;28;29;35;38;41
93,22,0.826234,0.822636,0.3529,0.3392,14;16;25;33;34
93,23,0.517042,0.884371,0.4030,0.2788,13;24;33;34
93,24,0.484270,0.791685,0.2044,0.5814,4;13;14;23
93,25,0.864463,0.718262,0.3396,0.3488,14;16;22;42
93,26,0.140906,0.064238,0.2705,0.4640,9;30;31
93,27,0.758696,0.281916,0.6401,0.6851,21;28;29;38
93,28,0.971743,0.255385,0.8309,0.6293,8;21;27;35;38;41
93,29,0.728844,0.280041,0.8268,0.2404,21;27;38
93,30,0.305047,0.004920,0.4311,0.5892,9;26;32
93,31,0.174505,0.247907,0.3274,0.4739,0;9;18;26;40;46;48
93,32,0.455667,0.103694,0.7995,0.4510,1;30;45;46;47
93,33,0.721058,0.918851,0.7893,0.6799,16;22;23;34
93,34,0.682193,0.986667,0.1841,0.5753,16;22;23;33
93,35,0.879579,0.080604,0.2678,0.6191,15;20;21;28
93,36,0.429780,0.458011,0.4932,0.7085,6;7;11;18;37;44;45;47
93,37,0.499036,0.535335,0.5461,0.4930,4;6;7;11;13;14;36;43;44
93,38,0.808672,0.344137,0.7066,0.2285,8;19;21;27;28;29;41;42
93,39,0.144057,0.832180,0.4161,0.2465,2;3;10;12;17
93,40,0.180929,0.446014,0.6576,0.3793,0;5;18;31;48;49
93,41,0.942740,0.427858,0.5981,0.5064,8;19;21;28;38;42
93,42,0.919483,0.518470,0.5109,0.4260,8;19;25;38;41
93,43,0.618659,0.589680,0.3829,0.3957,7;13;14;37;44
93,44,0.541758,0.461024,0.7667,0.2479,6;7;11;36;37;43;45;47
93,45,0.470637,0.293194,0.8441,0.2991,6;11;18;32;36;44;46;47
93,46,0.329389,0.257982,0.7836,0.6084,6;9;18;31;32;45;47
93,47,0.451919,0.294911,0.2408,0.2837,6;11;18;32;36;44;45;46
93,48,0.069271,0.277635,0.8505,0.7489,0;9;18;31;40
93,49,0.115547,0.610377,0.5186,0.5242,0;2;3;5;40
94,0,0.432791,0.041504,0.8266,0.5127,5;8;19;23;24;27
94,1,0.925326,0.834181,0.6812,0.6202,14;18;20;32;36;48
94,2,0.613453,0.390113,0.2783,0.5473,6;28;29;33
94,3,0.922342,0.605721,0.4599,0.7493,18;20;25;45
94,4,0.761180,0.175603,0.4665,0.2232,13;19;21;29;38;42;46
94,5,0.501502,0.156319,0.1834,0.4493,0;8;19;23;27;29
94,6,0.692679,0.532616,0.8769,0.5225,2;28;33
94,7,0.286558,0.883428,0.8635,0.4158,12;17;31;41
94,8,0.328339,0.044456,0.5670,0.5826,0;5;23;24;27
94,9,0.079242,0.220219,0.7914,0.4398,44;47
94,10,0.674512,0.814491,0.6159,0.3397,11;12;14;26;32;36;43;48
94,11,0.540394,0.867048,0.4128,0.6721,10;12;14;26;31;43
94,12,0.460272,0.792669,0.7990,0.4281,7;10;11;17;26;31;37;43
94,13,0.754636,0.167587,0.1081,0.7783,4;19;21;29;38;42;46
94,14,0.745792,0.917964,0.3228,0.6027,1;10;11;26;32;36;43;48
94,15,0.207985,0.432591,0.8182,0.6477,16;22;30;34;35;39;40;44;47;49
94,16,0.381635,0.436479,0.4450,0.6477,15;34;37;39;40;49
94,17,0.292980,0.787648,0.2658,0.6270,7;12;30;31;35;37;40;41
94,18,0.929467,0.748972,0.5989,0.2423,1;3;20;36
94,19,0.545140,0.136184,0.6518,0.3701,0;4;5;13;23;27;29
94,20,0.944741,0.702423,0.5818,0.4113,1;3;18;36
94,21,0.777796,0.186153,0.4722,0.6137,4;13;29;38;42;46
94,22,0.144025,0.462768,0.1232,0.5955,15;30;34;35;44;47
94,23,0.378719,0.029060,0.4386,0.2970,0;5;8;19;24;27
94,24,0.243201,0.006292,0.6419,0.3571,0;8;23;27
94,25,0.993941,0.483117,0.3502,0.7042,3;45;46
94,26,0.561038,0.831162,0.6420,0.3674,10;11;12;14;31;37;43
94,27,0.437632,0.079994,0.2277,0.3648,0;5;8;19;23;24
94,28,0.743380,0.406700,0.4906,0.2144,2;6;29;33;42;45;46
94,29,0.665838,0.227556,0.5441,0.3938,2;4;5;13;19;21;28;38;42
94,30,0.221864,0.637727,0.1473,0.2773,15;17;22;35;40
94,31,0.346959,0.870086,0.6747,0.3352,7;11;12;17;26;41
94,32,0.756746,0.955958,0.8642,0.5456,1;10;14;36;43;48
94,33,0.704233,0.480339,0.1231,0.2704,2;6;28
94,34,0.342123,0.425283,0.6771,0.5027,15;16;22;39;40;44;49
94,35,0.192878,0.650374,0.1729,0.6555,15;17;22;30;40
94,36,0.858778,0.851369,0.2150,0.3343,1;10;14;18;20;32;48
94,37,0.452916,0.644317,0.3847,0.5298,12;16;17;26;40
94,38,0.767103,0.055935,0.1427,0.7347,4;13;21;29;42
94,39,0.330592,0.339657,0.5385,0.7989,15;16;34;44;47;49
94,40,0.356453,0.584011,0.1306,0.6042,15;16;17;30;34;35;37
94,41,0.218324,0.941518,0.8573,0.4196,7;17;31
94,42,0.775949,0.220626,0.2748,0.4742,4;13;21;28;29;38;46
94,43,0.636028,0.824914,0.7702,0.3186,10;11;12;14;26;32;48
94,44,0.170215,0.344391,0.4230,0.2127,9;15;22;34;39;47;49
94,45,0.924468,0.448162,0.6087,0.4699,3;25;28;46
94,46,0.911600,0.312172,0.2326,0.6602,4;13;21;25;28;42;45
94,47,0.163217,0.254574,0.1567,0.3913,9;15;22;39;44;49
94,48,0.763302,0.970959,0.4048,0.5649,1;10;14;32;36;43
94,49,0.331067,0.337751,0.6280,0.4209,15;16;34;39;44;47
95,0,0.696838,0.581366,0.1065,0.5322,2;6;7;11;17;25;31;38;46
95,1,0.897974,0.353453,0.5755,0.7729,6;14;22;23;30;37;45;48
95,2,0.494637,0.568346,0.7254,0.3224,0;5;7;11;17;26;44
95,3,0.611605,0.370854,0.3421,0.7779,6;8;17;23;26;27;37;45
95,4,0.367845,0.891032,0.8819,0.3572,9;32;35;42
95,5,0.324210,0.648538,0.5019,0.4201,2;28;32;35;40;42;44
95,6,0.688329,0.386723,0.1549,0.3286,0;1;3;17;23;26;27;37;45
95,7,0.563145,0.631541,0.7137,0.5740,0;2;11;17;31;38
95,8,0.443110,0.300363,0.6535,0.7355,3;26;27
95,9,0.364550,0.890092,0.4420,0.4496,4;32;35;42
95,10,0.839841,0.897571,0.2485,0.3435,15;16;34;41
95,11,0.559151,0.624266,0.7555,0.2696,0;2;7;17;31;38
95,12,0.942060,0.689679,0.1932,0.2156,16;22;25;31;34;46
95,13,0.130981,0.853240,0.2323,0.2518,32;35;40
95,14,0.896885,0.143412,0.6566,0.3223,1;18;29;30;37;48
95,15,0.933029,0.942404,0.1669,0.3343,10;16;34;41
95,16,0.894220,0.773640,0.1738,0.5552,10;12;15;25;31;34;41;46
95,17,0.645238,0.500624,0.3443,0.2206,0;2;3;6;7;11;23;25;26;31;46
95,18,0.774842,0.074306,0.5945,0.7705,14;19;29;30;37;45;48
95,19,0.650111,0.096281,0.1406,0.5270,18;27;29;37;45
95,20,0.067101,0.629152,0.5226,0.2421,28;32;40;43
95,21,0.184974,0.299369,0.4039,0.4473,24;28;33;36;39;43;47;49
95,22,0.907678,0.491426,0.7477,0.2947,1;12;25;46
95,23,0.710533,0.319669,0.1936,0.5434,1;3;6;17;27;29;37;45;48
95,24,0.060042,0.204509,0.6409,0.7213,21;33;36;39;47;49
95,25,0.789492,0.664811,0.1289,0.2924,0;12;16;17;22;31;38;46
95,26,0.473584,0.385717,0.6366,0.3153,2;3;6;8;17;27
95,27,0.622961,0.262077,0.4140,0.5370,3;6;8;19;23;26;29;37;45
95,28,0.202481,0.512891,0.7533,0.3241,5;20;21;32;40;43;44;49
95,29,0.774610,0.141497,0.4538,0.2910,14;18;19;23;27;30;37;45;48
95,30,0.951071,0.188553,0.7083,0.7286,1;14;18;29;37;48
95,31,0.728782,0.683202,0.6008,0.4934,0;7;11;12;16;17;25;38;46
95,32,0.241972,0.723495,0.8934,0.7843,4;5;9;13;20;28;35;40;42;44
95,33,0.091562,0.168531,0.6692,0.6175,21;24;36;39;47;49
95,34,0.992016,0.878053,0.1554,0.4906,10;12;15;16;41
95,35,0.285731,0.736785,0.1091,0.5931,4;5;9;13;32;40;42;44
95,36,0.172873,0.200275,0.6526,0.7411,21;24;33;39;47;49
95,37,0.772904,0.233552,0.1738,0.2691,1;3;6;14;18;19;23;27;29;30;45;48
95,38,0.643986,0.794299,0.5049,0.6576,0;7;11;25;31;41
95,39,0.022052,0.250514,0.3324,0.3926,21;24;33;36;49
95,40,0.176027,0.716549,0.7934,0.2672,5;13;20;28;32;35;42;44
95,41,0.822741,0.901178,0.6777,0.6690,10;15;16;34;38
95,42,0.361697,0.830453,0.1183,0.7324,4;5;9;32;35;40
95,43,0.164766,0.478195,0.2992,0.7716,20;21;28;44;49
95,44,0.316984,0.568183,0.3108,0.4207,2;5;28;32;35;40;43
95,45,0.707402,0.282313,0.1223,0.4959,1;3;6;18;19;23;27;29;37;48
95,46,0.817299,0.607782,0.3049,0.5115,0;12;16;17;22;25;31
95,47,0.252881,0.136295,0.7160,0.4070,21;24;33;36;49
95,48,0.910897,0.236667,0.7611,0.4976,1;14;18;23;29;30;37;45
95,49,0.153863,0.302487,0.3774,0.6220,21;24;28;33;36;39;43;47
96,0,0.358106,0.859663,0.5501,0.5809,16;31;41;42
96,1,0.459230,0.226094,0.2163,0.3443,12;21;27;36;40;49
96,2,0.825510,0.755903,0.1136,0.3549,4;7;9;11;17;35;43;44
96,3,0.208968,0.394374,0.2883,0.3532,14;24;26;27;34;40
96,4,0.835248,0.662137,0.3913,0.3867,2;5;7;9;11;32;33;35;39;45;48
96,5,0.959681,0.503829,0.4369,0.6797,4;37;45;48
96,6,0.076829,0.652323,0.5138,0.6428,15;22;24;31;42;46
96,7,0.852776,0.744353,0.8550,0.3594,2;4;9;11;35;43;48
96,8,0.769173,0.315457,0.4143,0.4947,12;19;20;25;29;37
96,9,0.888813,0.755043,0.1707,0.2232,2;4;7;11;17;35;43;48
96,10,0.976554,0.971044,0.2824,0.4744,11;17;43;44
96,11,0.954106,0.759692,0.3762,0.3012,2;4;7;9;10;43;48
96,12,0.573331,0.379116,0.4538,0.4398,1;8;14;29;30;32;39;47;49
96,13,0.771486,0.060427,0.1975,0.4150,19;20
96,14,0.398937,0.461657,0.3415,0.5077,3;12;18;30;34;40;47;49
96,15,0.013664,0.593808,0.1887,0.6658,6;22;24;26;46
96,16,0.280935,0.913997,0.3024,0.2477,0;31;41;42;46
96,17,0.862662,0.967848,0.4515,0.5264,2;9;10;35;43;44
96,18,0.397213,0.604596,0.6654,0.6268,14;30;31;38;47
96,19,0.861297,0.136925,0.6624,0.7350,8;13;20;25;37
96,20,0.765868,0.218200,0.1582,0.5234,8;13;19;25;29;37
96,21,0.461213,0.029278,0.1946,0.3841,1;23;36
96,22,0.108095,0.681187,0.8339,0.7158,6;15;24;31;42;46
96,23,0.522915,0.008903,0.8020,0.2457,21;36
96,24,0.026428,0.495477,0.5131,0.2998,3;6;15;22;26
96,25,0.913071,0.274348,0.6988,0.2133,8;19;20;29;37
96,26,0.048556,0.420856,0.3663,0.4039,3;15;24;34
96,27,0.249647,0.216203,0.6045,0.4275,1;3;28;34;40
96,28,0.215493,0.030621,0.3805,0.3549,27
96,29,0.752636,0.337645,0.6932,0.5005,8;12;20;25;37
96,30,0.534517,0.490920,0.2974,0.5039,12;14;18;32;33;38;39;47;49
96,31,0.285314,0.695845,0.3044,0.7096,0;6;16;18;22;41;42;46;47
96,32,0.693490,0.552059,0.7231,0.7074,4;12;30;33;38;39;48
96,33,0.623051,0.651091,0.2852,0.4712,4;30;32;35;38;39
96,34,0.243406,0.335054,0.8909,0.6842,3;14;26;27;40
96,35,0.732208,0.840730,0.2587,0.7264,2;4;7;9;17;33;43;44
96,36,0.492888,0.142141,0.6413,0.5791,1;21;23;40
96,37,0.850918,0.325022,0.3518,0.7951,5;8;19;20;25;29;45
96,38,0.541739,0.692452,0.7781,0.4125,18;30;32;33;39;47
96,39,0.685897,0.550410,0.4282,0.4544,4;12;30;32;33;38
96,40,0.337665,0.274348,0.1071,0.7955,1;3;14;27;34;36;49
96,41,0.316365,0.870267,0.7810,0.2556,0;16;31;42;46
96,42,0.211573,0.769296,0.8642,0.5861,0;6;16;22;31;41;46
96,43,0.894165,0.954815,0.2101,0.4979,2;7;9;10;11;17;35;44
96,44,0.781723,0.963855,0.2199,0.3323,2;10;17;35;43
96,45,0.919338,0.519380,0.5181,0.6799,4;5;37;48
96,46,0.165093,0.750991,0.4773,0.3602,6;15;16;22;31;41;42
96,47,0.428366,0.542661,0.2006,0.2594,12;14;18;30;31;38;49
96,48,0.908876,0.547804,0.7858,0.7795,4;5;7;9;11;32;45
96,49,0.489039,0.396379,0.4560,0.7234,1;12;14;30;40;47
97,0,0.207659,0.797843,0.7851,0.7244,6;11;25;46;47
97,1,0.231754,0.367651,0.7225,0.7639,13;14;22;34;37;38;39;40
97,2,0.786104,0.055355,0.3414,0.3691,4;5;12;16;17;20;43;49
97,3,0.580930,0.837732,0.6591,0.7119,26;35;42;45;48
97,4,0.630981,0.021476,0.2390,0.6234,2;9;12;16;17;43
97,5,0.789993,0.193679,0.6097,0.7337,2;8;12;16;17;20;27;36;43;49
97,6,0.029377,0.716136,0.2962,0.6282,0;25;46
97,7,0.573587,0.406388,0.7191,0.6723,18;19;23;27;28;36
97,8,0.918722,0.360711,0.8096,0.7352,5;23;49
97,9,0.543596,0.069633,0.2616,0.3280,4;17;43
97,10,0.411863,0.693173,0.2352,0.5209,13;18;28;35;47
97,11,0.259622,0.891590,0.4775,0.4155,0;33;48
97,12,0.773644,0.019261,0.4243,0.4952,2;4;5;16;17;20;43
97,13,0.275095,0.527690,0.8948,0.2748,1;10;18;28;38;47
97,14,0.251878,0.272010,0.2665,0.7510,1;22;24;34;37;38;39;40
97,15,0.871605,0.961208,0.4316,0.3954,26;31
97,16,0.812952,0.033926,0.3191,0.4738,2;4;5;12;17;20;43;49
97,17,0.691027,0.172721,0.6688,0.2575,2;4;5;9;12;16;20;27;36;43;49
97,18,0.487014,0.570412,0.1662,0.5106,7;10;13;28
97,19,0.712528,0.576402,0.2039,0.6373,7;21;23;41;42
97,20,0.876273,0.124114,0.8877,0.7015,2;5;12;16;17;43;49
97,21,0.811301,0.593918,0.7922,0.7761,19;23;32;41;42
97,22,0.355399,0.285084,0.8678,0.6051,1;14;24;28;34;37;39;40
97,23,0.748847,0.427747,0.5174,0.5567,7;8;19;21;27;36;41;49
97,24,0.329303,0.138188,0.1584,0.6329,14;22;29;34;39;40
97,25,0.084544,0.741879,0.1016,0.6366,0;6;46;47
97,26,0.696699,0.842569,0.1967,0.7933,3;15;35;42;45
97,27,0.698164,0.353728,0.1954,0.3804,5;7;17;23;36;49
97,28,0.435123,0.474651,0.4211,0.3527,7;10;13;18;22
97,29,0.168556,0.007752,0.6701,0.2490,24;44
97,30,0.011981,0.414906,0.1825,0.5495,37;38;40
97,31,0.930218,0.888994,0.5039,0.2362,15;32
97,32,0.887933,0.718450,0.5612,0.4179,21;31;41;42
97,33,0.066837,0.992825,0.3427,0.6389,11
97,34,0.204694,0.306033,0.3416,0.7510,1;14;22;24;37;38;39;40
97,35,0.579958,0.783156,0.2703,0.6390,3;10;26;42;45;48
97,36,0.697118,0.318924,0.7157,0.5097,5;7;17;23;27;49
97,37,0.184125,0.313045,0.5373,0.5909,1;14;22;30;34;38;39;40
97,38,0.117543,0.409299,0.3692,0.6263,1;13;14;30;34;37;39;40
97,39,0.212859,0.227953,0.2929,0.8000,1;14;22;24;34;37;38;40
97,40,0.162306,0.278498,0.6353,0.7823,1;14;22;24;30;34;37;38;39
97,41,0.732283,0.606039,0.5477,0.7033,19;21;23;32;42
97,42,0.718432,0.686852,0.6824,0.4751,3;19;21;26;32;35;41
97,43,0.683516,0.046183,0.1452,0.5362,2;4;5;9;12;16;17;20;49
97,44,0.090497,0.012759,0.8099,0.5795,29
97,45,0.556186,0.945943,0.3725,0.3035,3;26;35;48
97,46,0.125450,0.712103,0.8451,0.2941,0;6;25;47
97,47,0.283870,0.656113,0.7008,0.6362,0;10;13;25;46
97,48,0.448472,0.952039,0.5439,0.2185,3;11;35;45
97,49,0.737667,0.239408,0.8751,0.6530,2;5;8;16;17;20;23;27;36;43
98,0,0.406179,0.571751,0.7071,0.7995,1;4;8;18;33;34
98,1,0.585556,0.614505,0.4692,0.6652,0;2;17;18;26;27;34
98,2,0.665844,0.411935,0.3063,0.6564,1;24;26;27;32;38;45
98,3,0.019529,0.541143,0.6860,0.3363,10;29;30;35
98,4,0.360586,0.718924,0.1692,0.5090,0;8;18;31;34
98,5,0.203268,0.992751,0.2173,0.2891,31;42;43;47;49
98,6,0.828945,0.646587,0.4720,0.6468,13;19;22;27;39
98,7,0.361007,0.063177,0.3945,0.2751,16;25;36;44
98,8,0.307439,0.757981,0.6665,0.3201,0;4;10;18;31;34;47
98,9,0.668636,0.133597,0.7080,0.5449,11;14;16;24
98,10,0.108417,0.717279,0.8868,0.2371,3;8;21;35;47;49
98,11,0.829109,0.188912,0.7388,0.7043,9;14;20;32;37;45;46;48
98,12,0.993024,0.472387,0.8038,0.4397,32;37;45
98,13,0.831967,0.749263,0.8393,0.4449,6;17;19;22;28;39
98,14,0.842781,0.021175,0.8446,0.3165,9;11
98,15,0.046643,0.245967,0.4941,0.3383,29;36;40;41;44
98,16,0.520187,0.060771,0.8943,0.2777,7;9;24
98,17,0.631514,0.751814,0.5262,0.4130,1;13;18;19;22;23
98,18,0.416915,0.713594,0.4202,0.6640,0;1;4;8;17;31;34
98,19,0.763714,0.751460,0.7166,0.3385,6;13;17;22;27;28;39
98,20,0.939220,0.224796,0.2119,0.6719,11;32;37;45;46;48
98,21,0.036584,0.800548,0.7839,0.3315,10;35;47;49
98,22,0.794475,0.706301,0.6393,0.3117,6;13;17;19;27;39
98,23,0.570639,0.889302,0.7007,0.3247,17;43
98,24,0.514850,0.272962,0.1283,0.6859,2;9;16;33;38
98,25,0.271320,0.154551,0.6740,0.6947,7;36;40;41;44
98,26,0.695244,0.435194,0.6867,0.6286,1;2;27;32;45
98,27,0.722536,0.540825,0.1426,0.5259,1;2;6;19;22;26;32;45
98,28,0.865232,0.933870,0.5673,0.2855,13;19;39
98,29,0.176002,0.409846,0.2661,0.7614,3;15;30;35;40;44
98,30,0.059265,0.474772,0.1272,0.6458,3;29;35;40
98,31,0.286397,0.863482,0.1089,0.3185,4;5;8;18;34;42;43;47
98,32,0.812074,0.394968,0.2866,0.6570,2;11;12;20;26;27;45;46
98,33,0.441642,0.427071,0.6462,0.5794,0;24;38
98,34,0.395167,0.676982,0.5299,0.6864,0;1;4;8;18;31
98,35,0.089812,0.598083,0.2684,0.3686,3;10;21;29;30
98,36,0.160160,0.102963,0.4189,0.6596,7;15;25;41;44
98,37,0.997936,0.271446,0.1660,0.4160,11;12;20;45;46;48
98,38,0.476629,0.350025,0.4895,0.5285,2;24;33
98,39,0.859105,0.806465,0.8375,0.3616,6;13;19;22;28
98,40,0.193831,0.333844,0.2753,0.2606,15;25;29;30;41;44
98,41,0.132377,0.149165,0.5190,0.6265,15;25;36;40;44
98,42,0.185903,0.974969,0.6010,0.6516,5;31;43;47;49
98,43,0.397202,0.991695,0.6497,0.2682,5;23;31;42
98,44,0.225768,0.216707,0.8596,0.5428,7;15;25;29;36;40;41
98,45,0.845157,0.388940,0.4085,0.2099,2;11;12;20;26;27;32;37;46;48
98,46,0.952035,0.255689,0.8818,0.5767,11;20;32;37;45;48
98,47,0.171830,0.926405,0.3366,0.7065,5;8;10;21;31;42;49
98,48,0.952447,0.222681,0.3852,0.3815,11;20;37;45;46
98,49,0.010109,0.910520,0.7656,0.2864,5;10;21;42;47
99,0,0.503364,0.395071,0.4209,0.6706,3;4;8;11;19;27;32;43;49
99,1,0.746906,0.057758,0.3989,0.7263,9;30;31;35;38;47;49
99,2,0.239744,0.511504,0.3688,0.5454,8;13;15;18;19;23;29;40;43;45;48
99,3,0.570648,0.591693,0.6375,0.6438,0;19;20;25;27;34
99,4,0.673066,0.280419,0.5745,0.7000,0;9;11;27;32;47;49
99,5,0.802215,0.952302,0.5611,0.5194,21;26
99,6,0.165400,0.930339,0.1652,0.4599,7;10;17;39;41;46
99,7,0.298170,0.874865,0.6282,0.2461,6;10;17;28;39;41;44
99,8,0.358327,0.528390,0.1062,0.2069,0;2;15;18;19;40;43;48
99,9,0.594865,0.176804,0.3490,0.7688,1;4;22;30;32;35;47;49
99,10,0.112098,0.820248,0.5780,0.3224,6;7;17;41;46
99,11,0.686029,0.388876,0.2303,0.7013,0;4;12;20;27;36
99,12,0.822545,0.504404,0.8666,0.5351,11;20;36
99,13,0.063498,0.521113,0.6723,0.6688,2;14;18;23;29;40;45
99,14,0.045007,0.330117,0.8486,0.4194,13;18;23;42;45
99,15,0.310341,0.621898,0.4923,0.7471,2;8;17;19;40;48
99,16,0.381761,0.000692,0.1811,0.4535,22;33;37
99,17,0.299655,0.802381,0.2230,0.5546,6;7;10;15;39;41
99,18,0.211938,0.402361,0.2660,0.2843,2;8;13;14;23;29;40;43;45;48
99,19,0.441296,0.459556,0.7099,0.3677,0;2;3;8;15;27;43;48
99,20,0.734655,0.582839,0.3824,0.7770,3;11;12;25;36
99,21,0.657073,0.881341,0.1337,0.7229,5;25;26;28;34;44
99,22,0.426029,0.186263,0.7877,0.6850,9;16;32;33;37;43;49
99,23,0.115792,0.338029,0.1331,0.2313,2;13;14;18;40;42;43;45
99,24,0.985013,0.237740,0.8936,0.3279,31;38
99,25,0.574553,0.680579,0.7982,0.2438,3;20;21;34
99,26,0.698753,0.979034,0.8431,0.4976,5;21;28
99,27,0.551249,0.408775,0.5177,0.4093,0;3;4;11;19;32
99,28,0.502708,0.926194,0.2236,0.4694,7;21;26;34;39;44
99,29,0.070130,0.563029,0.5327,0.4332,2;13;18;40;45;46
99,30,0.638831,0.042405,0.1850,0.6143,1;9;31;32;35;47;49
99,31,0.828548,0.122623,0.8170,0.7890,1;24;30;35;38;47
99,32,0.521134,0.221611,0.8241,0.6734,0;4;9;22;27;30;47;49
99,33,0.216675,0.131022,0.6925,0.6325,16;22;37;42
99,34,0.543808,0.714649,0.6197,0.7501,3;21;25;28
99,35,0.661508,0.001269,0.8957,0.5551,1;9;30;31;47;49
99,36,0.814922,0.515625,0.7641,0.7659,11;12;20
99,37,0.315653,0.000324,0.4435,0.4942,16;22;33
99,38,0.862607,0.167350,0.1746,0.2661,1;24;31
99,39,0.338736,0.854584,0.5435,0.2288,6;7;17;28;44
99,40,0.193023,0.518658,0.6146,0.5252,2;8;13;15;18;23;29;43;45;48
99,41,0.105928,0.875971,0.8194,0.6003,6;7;10;17;46
99,42,0.031167,0.184359,0.2054,0.6009,14;23;33;45
99,43,0.294303,0.353821,0.6161,0.3380,0;2;8;18;19;22;23;40;45;48
99,44,0.465698,0.963108,0.6436,0.7063,7;21;28;39
99,45,0.092643,0.374782,0.8409,0.3174,2;13;14;18;23;29;40;42;43
99,46,0.054799,0.747674,0.2457,0.4143,6;10;29;41
99,47,0.654076,0.090616,0.7999,0.5048,1;4;9;30;31;32;35;49
99,48,0.295204,0.568204,0.4963,0.6324,2;8;15;18;19;40;43
99,49,0.578398,0.189693,0.2085,0.4575,0;1;4;9;22;30;32;35;47
